128 128
-40.9737 -59.7165 99.5723 88.4310 -34.6148 93.3540 -46.3633 -76.8171 35.6019 -53.9675 -43.4692 -98.4594 -59.2078 26.1202 74.2823 -15.9369 61.8275 80.5829 62.6013 14.5700 -57.8710 -75.6120 -18.0646 9.3792 -14.4793 -84.7085 83.3144 -72.3462 37.2133 97.5950 -40.8183 -3.1747 80.1259 99.9922 -3.5206 1.1970 -66.1343 -59.6375 48.0485 -47.9948 1.6392 64.3198 94.3322 69.7956 -61.1091 22.1031 60.0402 -79.8295 1.6431 -46.8340 16.3258 -12.2055 -14.1111 -89.2427 83.2323 -18.3873 -71.6208 76.8345 2.6163 2.3330 94.9298 -85.2559 34.8906 -5.7298 95.8715 58.3074 -67.4618 40.0117 53.6412 14.6834 30.9206 4.1225 56.4577 4.8929 19.1341 -8.7829 -71.4187 -48.5804 23.4567 -45.1165 36.8481 -80.9874 57.1159 45.7703 45.7509 -35.9970 8.2791 60.3269 -6.0622 51.3455 91.4381 -54.9729 65.1411 14.3214 41.0744 20.8412 88.6010 77.5387 68.4361 19.2760 11.7244 -13.0594 -96.7640 90.7012 1.6892 39.0645 -23.0962 4.1763 -40.6061 -84.6477 48.8798 19.7950 95.4933 -78.0763 12.8844 -28.2712 -75.0658 1.3337 -65.0456 67.3477 -57.4826 99.3702 67.0695 66.7127 5.2176 47.6606 -37.4195 -24.3157
-81.8149 -75.8027 -21.0193 25.9700 29.9398 24.6619 -27.6619 -38.2206 -27.0586 24.7523 61.0828 67.2464 -70.8496 59.1536 -32.7711 96.0451 88.4699 84.6002 -35.6823 58.0075 81.0635 17.5534 95.8552 -9.7457 -16.3442 -36.5506 57.2179 10.5875 6.5130 49.1078 73.0925 92.9656 -46.8424 28.3476 10.3794 -2.6807 -11.2398 31.6113 -7.1967 15.7542 76.2036 -16.5788 50.8311 30.1512 -16.5100 54.2173 -79.7357 58.3396 17.2477 96.8362 -21.6927 -83.4724 18.6919 20.1554 -26.7234 -99.1997 34.0131 67.7524 -65.4172 63.1369 93.6617 81.5517 40.8829 -18.0285 -76.5785 0.2675 -86.9622 68.9308 -60.5469 -16.7371 15.9393 55.7715 33.9732 78.5438 50.8723 66.4642 -57.7623 4.5277 59.2089 20.6911 17.6247 -43.7989 19.5951 83.8303 -11.7565 3.0082 80.2471 86.5179 56.3916 -89.6693 66.9667 30.9891 -48.6474 91.1285 -89.0875 52.5856 -90.2549 25.9071 -67.8943 -95.7348 68.5245 53.4843 47.2814 96.2124 59.7477 -98.6070 17.6744 47.3511 -69.6310 -67.0225 44.0140 14.2483 -49.1999 -97.7037 -68.5648 -99.7724 96.0463 65.9060 -66.1024 23.8635 -27.8618 -20.7336 22.3318 -39.5439 -42.4321 84.6893 -46.9153 -15.7851
2.8956 -48.6605 50.8288 86.0327 15.1955 27.1375 -76.7785 89.0544 -14.5211 24.8651 95.6812 43.8618 -71.5805 -34.2239 84.3715 34.9371 40.6099 -21.9949 -94.4269 89.8594 95.3698 -52.3246 6.8720 -75.2684 22.3037 -78.6878 91.6054 17.3948 -61.8198 29.0068 -41.9193 -99.3543 86.2555 67.2499 75.8426 74.8147 -68.3980 -25.6394 86.0583 -5.1602 -22.3693 -63.1800 -77.2772 52.3370 62.6727 26.5603 38.6820 72.2199 -38.4219 -47.5917 86.3006 32.9764 -9.9469 -56.5333 -89.0869 -92.2310 48.2846 -29.0842 67.0406 38.9601 -61.9133 -13.7629 81.9845 -5.3912 7.4840 4.3066 -17.7157 -22.9838 27.1996 -92.0776 -57.2482 91.4225 92.4609 31.4097 -6.8557 -47.5395 -5.0554 -4.8432 -9.6123 89.2215 -49.7203 69.0374 -97.9144 29.2469 81.8644 -17.0637 -22.5571 -95.3455 36.4249 96.1169 49.7939 -55.6873 -47.4572 99.8872 32.7052 11.7988 -50.5593 3.1398 24.5961 -34.9386 -17.3983 -65.2596 -39.9347 -69.0721 97.6559 -95.0329 -26.0794 -10.3811 33.5640 -22.3370 -8.7849 -80.5254 17.6426 57.8751 56.7918 42.0820 -33.3802 14.8105 14.6732 5.4955 -76.5172 30.2327 -2.3197 -46.1295 -98.6019 -95.8264 -52.9563 -10.0104
23.0260 -5.7051 8.1030 17.1485 50.0339 -61.7419 81.3983 16.7194 16.8813 55.4677 91.2477 -84.7960 -42.9781 27.6368 6.1058 41.0293 86.9766 42.7778 65.2612 68.3554 -63.3844 -67.9418 -85.5848 -81.4776 73.6437 12.6424 -73.2179 14.1001 47.4732 -25.4282 4.5335 -6.6189 -80.8719 -18.8496 -2.2058 -68.2009 20.2857 -80.1585 -79.5894 -5.7448 99.4904 -41.9460 -12.6684 -69.1486 -46.7911 63.7802 -3.9855 10.5203 3.2442 -45.7603 -8.1706 98.4578 -78.1865 -10.0731 -48.8422 55.2730 -50.9277 -17.0557 -19.0780 -61.2589 -72.2689 52.9617 12.1198 -25.2081 -50.5267 -66.7184 -12.6114 -41.6922 -83.5899 35.5152 -92.0349 -62.3619 55.6905 -20.2996 -58.0097 85.3856 32.9991 96.9635 4.2067 57.6213 12.7246 10.2150 5.8978 -73.5630 28.8999 50.4040 16.9981 -0.1606 -7.9017 53.4281 -73.7040 -34.6480 -21.5642 -30.0484 54.2251 55.5523 86.4632 96.2712 -7.3221 -47.5818 8.3362 87.8422 -67.3536 -25.3176 55.6960 48.5195 96.1831 -32.7594 74.5901 10.9226 15.5799 40.9268 2.7435 45.8110 -99.8289 -75.6071 45.0825 22.4849 -50.7076 65.8935 -23.1235 49.3481 -17.7664 -92.6533 -37.1691 -68.8587 -87.8656 -43.3275
47.8124 -5.1787 -4.5639 4.0417 60.2783 89.4625 -24.5543 93.5351 50.1901 -0.3781 -27.8329 96.5219 -74.0370 -47.0992 -91.2856 -23.3098 -55.5502 82.6319 91.1242 85.2768 66.3579 -23.6111 77.3179 -17.0345 67.9355 -66.0791 -96.3037 45.9716 32.5061 53.8639 -51.8270 -47.4838 52.3369 -30.2429 -63.7743 56.8091 75.5231 -1.4005 -2.2597 -72.7762 -95.5397 -93.9115 45.6594 85.6721 34.9214 97.7914 31.6618 98.4691 -51.3580 62.8112 56.3397 72.4723 26.0959 -0.4472 -42.8260 -12.3776 -25.5273 65.6533 37.5731 51.3651 64.0656 92.7892 -21.8504 -68.4617 71.2410 -72.9237 98.1945 53.2343 -24.7953 -1.6570 -0.6266 -42.6091 -97.3135 -83.8488 56.6835 -2.0816 24.3716 -18.9384 91.5255 -44.9521 72.0563 15.5733 -2.8982 89.8789 71.6434 -71.4781 34.3895 -18.4175 21.1079 -7.4996 -14.3428 -61.7911 64.9686 -56.7240 60.4767 59.5796 8.2592 72.7217 -94.7099 90.3431 -45.4247 -37.6529 68.2819 25.0491 -32.7262 17.2927 12.0038 25.7136 -89.7659 -14.8846 25.1469 76.0159 50.4738 -19.6834 -26.0412 -6.5382 -23.9423 -12.7302 68.7615 -48.0568 50.2246 29.7673 -70.8068 3.7352 42.5727 87.7438 75.8520 69.9582
-18.4116 80.6797 -89.9710 -27.4342 37.3105 24.5817 -25.6015 -33.9970 18.8766 85.2205 -69.2065 15.1256 91.7096 51.6330 22.4217 -77.7357 -88.6709 73.9151 24.6904 -14.4297 -39.3388 7.3622 -85.1003 89.9160 -41.7819 -78.4424 2.5182 56.8798 -41.8693 42.4530 -19.1797 12.1547 -47.2427 89.4458 -71.1072 -30.3445 72.0564 90.2080 -95.9629 -20.7181 77.7989 72.3196 -97.2493 -91.3689 37.1720 41.8296 22.4525 -74.3467 -26.7742 -38.9517 32.2887 68.1650 18.2815 -2.1310 21.6812 42.6498 -15.4569 22.6365 -47.8259 -94.7681 -34.1601 32.0870 -9.8295 1.3503 69.7453 -84.0517 73.2174 43.0169 -99.6958 43.8972 55.2672 51.2702 29.4790 -70.6639 -61.0720 -28.3568 -44.2323 0.7624 82.9250 -3.2954 86.2422 42.7581 -1.0823 -44.8753 70.5619 12.4251 -38.9346 31.5004 -19.3358 -72.3829 -81.6826 -86.3900 42.1749 73.8145 -4.2889 -86.0400 -80.8539 -13.2573 35.6836 49.4917 -97.2317 -44.9855 -6.5062 9.4298 -94.3403 -80.0343 -77.9229 -34.9835 98.4993 28.7509 47.9371 64.1163 -72.7688 -65.2816 -94.8245 44.8113 87.2478 76.4134 74.3370 60.6572 57.9958 44.2725 -22.1319 -75.2982 -43.0406 0.9686 51.7440 33.0222
10.1216 -81.7727 -2.1395 11.4987 -36.2648 34.5978 47.7626 74.6555 31.3283 97.1365 -21.5073 -55.5386 99.0237 3.1458 -36.2858 -4.7133 -19.5265 67.6365 89.4932 -91.9330 -25.3453 17.8315 -93.4491 -98.7575 -8.4780 28.2860 79.1848 -87.4045 8.1725 -83.8317 -52.3391 -91.7457 9.6753 -84.6798 -4.9070 -47.2510 50.1299 -60.4432 53.1650 92.1400 11.0745 -24.7095 -51.8657 79.7093 6.1430 -0.0471 -45.2600 -23.2945 88.4057 25.9083 79.4752 -74.0541 -3.3850 4.2858 39.1794 -77.7248 -66.5882 14.7116 -1.8362 -34.9159 38.2944 -4.0974 -82.7969 54.9015 13.6946 -65.7101 -9.0626 36.6609 26.4850 -40.9137 42.2576 45.5424 -78.1053 -87.8101 52.2938 -74.0515 99.6225 47.3412 98.9076 67.0056 -70.9273 -29.7874 67.0040 96.0148 -72.4502 -25.0076 68.3299 -48.4807 96.9411 45.2444 -33.1727 81.4516 -22.5241 -18.9064 -53.2351 39.1364 -69.4327 -27.9406 94.1700 -1.9777 35.6980 -57.2346 -83.7916 19.8704 -28.7832 -96.7529 -36.3660 15.0888 31.7685 -44.2068 23.7134 37.7167 74.1239 -62.1911 10.7718 -43.0562 53.9686 -45.6543 3.5389 -43.4971 -15.7070 72.7312 23.6870 -76.8757 7.3174 25.0154 -45.9697 70.8882
21.5666 -91.0747 31.4945 -72.2924 -87.3879 -33.3116 71.2291 -22.6156 -42.2400 26.8200 73.1494 42.2992 -38.8575 -81.6242 -35.2841 -35.8537 29.8925 84.6069 -6.4625 89.0511 91.6783 72.2844 68.7784 -55.2434 56.0648 68.8636 92.7547 -33.0875 95.1524 -41.6589 46.7976 84.5570 20.8847 -29.7527 -20.6628 -85.9230 -19.5321 52.0990 -43.1088 36.4280 -61.2033 -61.3335 -97.2683 8.6530 16.7623 -96.0805 96.3047 43.0956 91.1759 -53.2354 -30.7998 69.8971 -7.5383 -65.3178 20.2626 -3.0971 -88.9083 -66.7157 49.5059 -82.9534 -76.7052 -60.2109 -93.0375 -73.0571 -28.0337 62.2370 -1.0237 -4.4927 20.8901 -67.7163 -75.0335 -54.5549 85.5847 -39.3463 -40.9757 47.4026 -41.6502 35.5407 -79.1525 48.0556 29.3020 -52.8328 51.2409 76.2725 -86.0507 50.3483 83.3238 -12.5066 -61.6021 72.1801 93.8200 13.2600 49.2775 70.6060 -61.0939 4.8755 77.4278 26.7557 19.5113 64.1663 -13.6478 56.2347 71.5517 38.4346 -61.2063 -85.1256 -66.3006 97.7391 53.9400 1.9931 67.8993 -45.8215 10.3529 -83.1975 53.0400 -14.0935 -64.9487 -44.0903 -78.4422 85.9704 78.2043 -7.1288 -44.7481 95.3778 68.2937 -91.7785 87.0801 99.7467
-48.1201 -51.2354 -33.4711 38.9717 -65.0642 65.5567 68.4864 19.0185 -80.4763 67.1536 77.1003 -30.3146 39.0219 27.5550 -3.2226 -35.9849 48.2496 -37.3780 -57.1619 -80.8719 64.5735 24.0475 0.3324 -16.5206 -78.1817 -3.3783 -89.7669 81.5687 63.0719 85.4375 -55.3000 -92.7226 -37.4281 -1.1515 32.9378 72.7181 -95.7615 24.2863 22.2920 41.2685 -99.9805 6.8241 83.9492 -17.0058 -44.0036 -26.9957 21.2326 -79.8096 47.9590 56.3888 -50.5866 77.0505 -90.7856 20.1807 41.0342 -14.6869 8.2318 85.3402 43.0074 3.7940 -92.6924 11.1224 54.3848 91.3393 48.7257 -59.9446 66.6046 -71.8927 27.7788 -16.6732 54.0812 -49.1301 -74.1220 -9.0568 1.1562 51.2988 -46.0771 -10.4941 66.3806 19.3219 36.4598 12.3180 -40.9321 -44.3491 29.0996 79.1184 -43.2542 -66.0924 -0.1600 -82.0460 84.9212 87.8729 -70.5888 83.5649 69.8391 67.0322 -92.0647 1.7023 -9.0566 10.3913 82.4562 -55.0738 68.0462 18.0396 12.0662 -60.9307 20.2002 61.8405 55.2981 72.3712 -99.1190 90.2588 97.4756 64.1939 -72.5015 -82.3154 -25.1342 -55.3190 22.8138 27.8830 69.4235 52.8013 17.7803 -51.2504 -31.8796 -33.2289 73.9300 -94.9091
82.1797 -58.4579 22.5719 -91.0563 -94.0934 28.9673 -27.9995 -17.1763 67.0650 87.6348 4.5093 -13.9563 51.4308 45.9570 90.2497 -22.9516 36.5915 -3.8243 -98.5200 61.8874 -1.1710 -95.5531 37.1164 -1.1285 0.3826 20.3845 63.1311 -78.8677 -64.0598 11.6447 -22.0259 -38.3379 -93.2056 2.6080 96.0280 -63.0792 81.1960 -2.0641 -95.8012 51.2887 -17.5256 93.7119 -74.4272 -21.9871 -0.9185 25.2090 -89.0929 90.0769 -15.6066 -50.6026 -22.3007 -78.9838 -6.4490 69.1314 -11.4778 -10.6776 -85.0884 -39.0308 -87.4133 -14.5832 69.8217 -74.9206 -74.7232 12.8924 -23.7774 19.5669 -64.1905 14.1245 17.4037 13.8530 -33.4218 81.9386 -25.3128 3.6974 -36.7059 43.2723 48.1576 9.0269 18.4736 -52.0664 -86.9777 -93.5809 -39.5514 17.9588 38.6049 -60.1395 -63.0536 99.4842 90.4176 -62.1869 -52.9564 76.7442 92.1464 93.4916 -90.9029 -96.2850 -72.8040 -83.2787 24.1021 -78.2001 -52.5520 -23.6074 -55.3821 39.1877 -87.6491 74.8053 30.1805 -9.8732 86.8769 32.8956 -65.6352 -86.1909 -73.9705 94.0795 52.0191 67.4823 62.3641 57.5592 -7.7933 83.8661 8.3676 -65.6074 38.5992 -42.9027 -31.9646 -30.8968 -99.2235 -51.8112
-62.6013 12.8093 13.1582 47.7782 -37.9662 10.8859 -4.3944 69.6793 26.0124 -10.1666 -65.5038 -74.8819 60.9559 -31.5870 66.7446 -99.6604 71.5897 -63.3152 -84.7333 -70.5449 71.0646 -18.8083 83.5730 -27.6850 62.2885 -47.0521 -90.3606 -31.6102 -37.2182 -20.5893 65.5378 -9.2507 98.3040 90.1560 96.0765 55.1030 -72.5647 26.1833 -34.4461 -56.7469 -54.7426 98.6796 71.3286 -26.5214 29.7658 -16.2585 76.8571 -5.3065 -76.8288 -91.7563 26.5512 -74.1334 -14.9577 -44.6186 -39.2113 76.3763 -18.9663 57.4087 43.5386 -87.1219 3.2187 51.3374 47.8421 -7.7446 51.6380 55.7926 -1.9769 -96.9131 -3.8210 -31.9031 47.0322 3.4215 -0.0030 73.9293 -42.3554 35.0621 98.9758 57.9492 -20.8296 23.7202 44.7883 -64.1539 -6.1211 -88.3453 16.2514 72.0238 -25.4173 -23.1951 45.8890 76.7019 -77.7904 69.5470 28.4568 -71.3965 -80.0365 25.3151 41.8313 27.7292 -11.8535 85.7458 -24.2568 -23.5617 -8.8723 3.8219 16.3380 -4.9816 12.7634 35.7707 -57.1959 20.8536 -54.9846 70.1660 79.6982 -2.9951 -10.7902 -47.4356 -77.2249 50.6438 30.7666 -3.0490 82.0036 -63.0092 94.2881 -69.9128 85.1498 -21.8328 35.4350 14.5945
34.3024 -92.6442 -10.9782 -41.8082 -47.8611 -63.8612 -77.1181 -9.7884 -25.1722 -30.5119 -25.2373 -75.6942 51.8228 15.2412 95.1320 48.9843 13.8182 23.3579 -98.1996 -64.0237 -30.4589 -26.3527 -45.0116 -13.5430 89.8969 -51.9422 -87.5085 -78.5751 74.3065 65.3939 -40.9780 -69.0743 8.7527 6.8246 82.3654 -52.5636 -51.3615 5.7310 34.0205 69.4756 -80.5380 76.5065 95.2485 -24.8235 92.3089 69.9084 -72.6149 35.5912 34.4616 -35.2583 26.4443 12.5791 64.6639 -43.5481 25.3981 -55.6010 11.9631 15.8938 -98.2594 -2.2889 -14.2122 -42.4406 57.9111 -65.8582 -20.2026 -86.7398 31.1445 60.9512 -25.9861 50.5176 -34.2221 66.4630 44.5552 85.1271 -13.0786 -75.2427 14.1977 -4.3591 82.4813 29.4483 28.3308 41.0774 2.3206 76.9945 19.2259 -29.2863 -23.0465 -91.0581 -46.5850 -93.9187 57.9704 71.6934 89.0281 -43.4010 -40.3894 58.7007 -39.3518 0.9399 -89.7154 -21.5452 -42.3939 83.1187 65.8693 -16.3431 54.9323 -5.6308 -95.9865 35.9872 99.2117 -38.0399 83.3875 83.0083 7.4564 -86.2321 88.3358 84.6183 17.7228 -32.5063 71.7353 40.0491 39.6075 41.1379 -2.9928 57.9687 28.2352 -13.6842 -75.9041 -81.0561
90.8098 -33.1105 -90.7725 -63.5461 -42.0312 -18.4749 -25.2587 99.7531 -94.3915 67.2444 91.3915 -87.5487 -15.4976 60.1472 34.6571 70.8308 91.9128 -83.9877 -23.8844 95.6610 11.8267 13.6658 -21.4658 -19.4579 -13.9470 78.5904 -37.9317 31.2122 30.5151 -75.6078 18.9168 54.1436 -66.8411 -38.2075 -11.0752 -47.0368 81.9463 -82.7840 -6.1911 -6.8082 88.9427 50.6640 5.3178 -71.2828 -30.0207 45.9369 93.1641 42.1207 31.9640 42.8109 -76.0492 -87.2670 6.8095 58.6061 78.1291 -54.8419 94.3161 53.9097 67.9524 -47.0634 57.7426 -46.6112 12.4820 -27.4156 81.5278 -95.3453 33.7157 32.1121 85.9834 -43.6677 50.2978 -93.0907 50.9685 -44.2856 16.6092 -38.7550 82.6830 63.7120 9.1933 35.7560 -9.0891 72.9105 27.4220 -83.7902 -91.2993 -94.9452 7.3361 69.7873 12.4289 -13.0652 -8.5230 98.2086 -51.0080 81.3356 13.0997 -61.6820 13.3096 -53.9362 -42.1705 59.0694 21.7953 32.4665 88.0602 18.0098 -90.0392 55.7546 63.8030 -0.4691 -31.5948 -57.6304 36.0560 76.1429 12.4486 20.9003 -37.0503 -95.4250 -86.8426 14.2836 -10.6627 8.6211 -31.2725 11.0405 6.7693 63.6806 77.2498 -56.7805 -1.5502 -2.2267
86.6354 35.2065 -30.0436 87.5262 19.0353 -9.2783 -78.2048 5.6342 39.0753 60.2616 -59.6643 2.1351 38.1634 49.9821 46.4181 44.3915 71.7190 -31.2230 -44.4619 29.1025 8.3160 -40.7009 -61.2177 54.5243 90.4206 -31.2605 -31.3505 -57.6031 -48.0585 91.3069 40.0611 18.1108 -84.2117 -29.8910 -99.9270 -84.7170 -42.3403 -34.5550 98.9939 -3.2240 31.0540 49.1878 -70.7154 -15.3976 32.5090 -74.3484 -44.5315 51.6275 -29.4212 67.5886 -65.6442 -59.6810 -68.0713 -61.8322 61.8089 15.3056 -28.0640 16.9372 88.0365 -60.2872 -65.5075 48.6298 -65.6192 62.1809 -93.6836 67.1434 1.8463 40.9541 -2.5683 -61.5308 13.0580 -47.1932 73.8740 88.6778 -85.4638 -17.0042 4.7169 97.3271 13.6752 -51.6730 24.8482 84.9111 -50.1638 -74.4082 92.4816 -76.9241 -6.2405 19.0325 43.1394 76.8911 43.2050 -23.7695 -96.8307 65.1146 40.2852 15.2129 5.8780 -0.3628 -62.5252 20.8156 -88.0164 -88.5693 59.3437 -13.1161 -17.9092 -97.6571 -26.6702 -90.9426 41.7591 79.0754 70.3696 -29.9032 -71.0201 92.9710 70.4357 84.2726 -1.2875 72.5378 30.5454 -87.6501 74.6838 -15.5404 91.9009 22.9852 -38.6905 28.8084 47.8426 41.3861
91.6963 27.8765 74.9659 8.6119 -42.3150 98.2340 81.4843 16.5685 1.5026 -92.2335 -81.9011 67.5815 -80.8202 -0.5484 -76.0174 49.8748 -87.7745 -5.6353 81.9338 -44.6029 -12.5556 39.6435 -19.6805 46.6035 -37.7036 -17.0584 -36.1293 -52.5110 45.3216 -77.4152 69.4492 -43.4969 35.7031 94.6670 -39.7236 89.8338 -44.2514 -3.7378 19.1587 71.2343 -95.3889 16.2333 69.2518 -66.5567 -34.7601 -44.2571 80.8124 -7.9533 -67.1967 -56.4064 73.9319 81.3673 -7.7683 -67.9251 73.3178 -52.5025 -43.3481 -88.7615 -90.3892 -39.4795 65.7824 56.9734 26.4574 90.2521 9.6301 -51.2030 19.7787 18.4090 55.2500 -52.7475 -51.9302 -71.2765 -25.7948 70.2737 81.0176 -89.5101 -1.5021 -61.1230 -88.9625 98.5728 -80.3536 -61.8446 -91.5607 -6.8018 -95.7985 8.0032 -19.4077 98.7506 -55.5953 84.6614 -93.2061 47.8072 -66.4084 11.5990 74.7068 -63.2672 34.9301 70.8451 72.6991 0.1693 -31.4950 -28.6314 33.9870 -38.8163 -32.6856 -11.2821 -37.5717 91.4148 33.6227 -83.4674 50.6273 -9.2731 -51.3119 -93.6505 16.4635 -1.4394 -24.1460 31.5349 56.1681 -17.1219 -31.7293 -67.6291 -86.1633 -50.1787 -31.6559 95.1205 -38.8693 -84.1825
-82.6768 -31.7302 -50.5546 20.0521 49.6342 88.8978 80.5771 48.1863 -41.1286 91.2215 96.6784 -78.7866 14.8019 -35.6630 -17.0266 51.6170 33.6583 -79.8204 64.5173 88.6590 -8.9937 -9.4663 -32.4816 76.8216 35.6261 54.8154 -72.9707 35.0919 -7.1775 96.9838 -89.5744 -48.1719 -22.1346 -78.0376 -13.5614 44.7665 -90.2003 -37.9858 65.9032 -93.9455 57.0498 41.2184 -49.4206 -26.9154 -57.7728 86.0007 -71.5895 23.1403 38.6991 -47.5886 -17.8056 64.5604 -63.6301 80.0898 -8.7838 -63.9429 32.9274 3.3152 -19.2445 -21.7315 44.8014 -69.7520 -9.8927 87.9765 34.4559 49.1119 -72.5992 -90.7228 32.1491 88.8911 -97.7227 81.2212 40.6319 50.2313 -44.4271 50.9760 98.0102 -56.7013 38.5577 -20.4027 0.1171 -28.0132 -60.3521 -65.5367 -27.4388 0.3297 -84.4419 4.1163 -82.1679 5.2295 -79.1282 10.9568 95.2953 31.4863 38.7344 -23.5831 -82.3815 87.7778 -0.9703 58.4403 -47.0626 -41.3586 79.7351 -16.8867 44.6558 13.7707 -82.6043 -85.2757 26.0373 61.6259 21.5395 -50.2045 70.8992 18.3323 -30.9600 42.0559 -4.9954 -2.9075 10.1946 77.0234 -69.0699 -81.3359 15.9077 1.5004 88.8587 -71.3180 -51.7771 -34.9070
-88.4448 -27.8313 73.3709 12.0733 77.9901 -66.2607 32.3234 -29.5283 57.4582 44.1451 -62.2122 41.2460 -57.7683 -39.3491 -32.8728 -41.2496 96.0020 -59.0351 -46.2472 65.4837 -95.1952 31.1575 -90.5956 25.2132 1.8915 -36.0698 -19.1364 45.3076 13.9520 6.8993 41.8689 77.6424 -53.1155 16.8162 76.4900 58.0697 -46.5431 85.0986 45.7020 36.9332 -13.9796 18.7086 -34.7139 -68.1390 -41.2195 74.5378 -24.4799 95.4546 -30.0784 80.5135 -91.5915 40.6248 -81.1489 -26.8466 -87.4875 63.8226 -71.5330 3.7730 -90.4115 24.6886 42.5628 48.0797 -89.4097 15.7017 55.4596 -72.9307 -21.7638 94.3886 54.5474 -24.4644 -65.1189 25.7860 72.0415 52.3320 44.6065 47.8838 -56.9226 36.5527 48.4284 27.5120 37.3581 80.8022 33.3393 59.6199 82.2118 82.9400 30.3744 80.4640 -46.1066 -28.8205 87.8610 -24.3490 -77.0230 -62.6219 99.2930 89.2246 -61.3390 -18.5236 2.9375 -22.8275 -63.0281 64.3460 57.9679 -15.9430 98.5507 -83.4420 -76.1443 -41.3651 -46.9148 96.2829 72.8522 68.9444 65.1293 62.5442 -97.1248 37.1861 27.7866 -20.1412 -40.9426 -88.3520 5.2105 1.3420 81.2627 -79.2794 82.9671 17.0343 -81.2935 73.8000
3.8599 -52.6140 -60.6413 -53.5601 8.2835 -40.1461 -87.9222 -69.4120 -99.4990 50.6800 -72.8260 26.9901 -58.3894 -76.7412 90.4895 -56.5845 -34.2689 58.2689 98.3055 -47.4027 -42.3785 -1.8448 -66.5677 71.2425 87.0757 -1.0045 11.0024 -67.8468 66.9960 -66.3331 -16.2993 9.2000 12.2790 72.3835 -30.6592 -91.3234 30.6999 -39.1602 56.8612 -15.7691 -18.9342 -91.7266 -34.8872 -18.8462 49.7958 -56.2004 -45.3594 44.1597 -90.4747 69.1374 14.5037 81.2217 81.1088 10.2855 -84.3484 -5.7494 -49.6847 -77.8521 -11.0014 -29.0508 -53.7080 -96.8366 -45.8616 -46.6917 43.6347 44.9212 88.8611 54.0088 -26.0441 -64.1215 53.2837 5.5979 -69.6884 82.4382 37.5278 28.7480 -60.2015 -74.1972 22.8216 11.2540 -54.3430 14.8923 40.0699 -80.8403 17.8937 -61.1344 19.1615 -87.0781 -73.7763 -25.5825 38.8825 67.4692 -97.1841 55.3186 57.1300 46.2126 -63.1776 55.5836 -78.4046 -27.3044 -89.9036 15.2770 99.0969 70.8012 93.1188 55.4039 -6.6024 -8.2640 72.1304 43.8305 -40.6018 -90.7093 -20.5007 93.5780 80.7549 12.2105 34.0056 65.8415 48.9631 -7.7296 -15.1682 86.8953 -62.7403 -86.5647 84.0426 42.6396 -50.1835 60.3727
73.2236 34.1879 -1.9213 -74.3190 -38.4891 -87.2389 -35.2247 45.7304 37.2380 62.9079 29.8245 87.5031 20.9737 68.9022 11.2495 -14.6779 4.0653 -63.6734 7.5337 -95.7893 84.3566 79.1374 -43.6573 82.4187 -95.1147 88.1800 -6.3143 29.9052 67.2911 -78.1926 27.4449 79.1938 -4.8519 -71.7353 97.7146 -67.8979 42.7607 50.9809 5.9022 0.7612 -22.1519 -35.8904 82.4380 -74.2471 -96.1859 -70.1234 -46.1045 71.5752 -45.0200 -72.1593 79.8006 12.4463 31.9541 11.1531 55.6998 -95.6648 -20.5037 -75.0184 -75.3339 20.5416 -16.1878 -22.1712 8.3544 94.2771 -65.0346 91.9605 26.5906 -7.1261 -93.8483 -75.0659 97.3316 -91.4031 -87.0822 54.9407 29.8825 92.7282 -95.8122 63.7200 -2.8318 -24.7501 -2.7989 80.3071 -55.1972 19.7498 77.8353 97.5148 -31.9676 99.6070 40.7051 -85.9336 90.5061 40.0037 -0.5191 -9.4051 -64.9340 0.0562 54.3671 9.3791 7.1389 85.5432 3.4015 -32.0463 1.9955 -8.7494 -90.7208 60.7540 -89.4702 -58.9500 -61.3051 -54.5890 -98.0883 16.8772 -64.9816 -40.3973 51.8180 48.6954 -36.8587 -11.4466 -57.5653 -36.0728 -47.6822 25.1826 -24.0896 73.2180 -43.4402 -8.0603 85.3070 -58.6721
-13.5615 15.9507 9.4080 -48.0521 -67.3164 -30.9979 44.0501 34.2534 13.5470 45.1524 -10.9722 12.0335 38.0875 44.3605 -28.9480 -72.1682 -56.7595 33.9869 46.0526 -60.7353 1.0260 11.0815 71.4317 67.9331 -81.0372 -64.1909 89.2961 41.6154 -48.8019 76.0355 56.0375 84.6373 -66.9693 -72.4263 97.3419 92.2353 -75.1918 36.6547 91.5877 -14.2353 -30.2520 -87.4269 24.9614 -62.9898 87.1440 -76.3417 -79.4579 -26.8155 42.3479 -5.1025 -29.1777 -32.0223 83.7953 12.2131 50.7066 5.8673 -87.1363 -1.7988 -10.4433 -93.0866 -69.2235 9.5625 74.6021 66.2993 4.1678 -82.4563 11.8086 -18.3364 -41.0456 37.9184 52.1918 50.0357 77.8924 -57.0825 -48.6958 27.7419 56.9925 -3.5280 68.4479 52.4217 39.8569 -24.0705 39.3278 -92.0961 3.5200 -47.5522 5.8374 5.6476 -5.8568 -3.3813 83.7645 73.6558 71.1832 -2.2708 49.9764 -73.1723 -64.7141 -34.1244 -35.2177 -0.8426 69.7758 -97.3061 -49.0047 -14.4704 -42.2307 -28.6442 -32.4765 81.9764 -87.3183 90.8567 -62.6161 87.5294 -12.7943 17.0347 82.7776 -92.8981 92.1592 -41.0357 6.7384 -45.6932 98.8579 -35.6521 33.5554 6.1741 -55.8539 -25.2493 89.8840 53.4164
83.4419 2.7648 -42.6196 95.2909 -36.5560 79.4345 99.7420 17.9197 -48.1394 48.7614 11.4060 69.0824 92.2820 -36.8487 -88.2494 -28.2137 95.8127 84.3263 80.6635 -41.1918 77.7390 -53.6302 -88.3743 -79.7741 51.5843 -25.4114 -79.8208 7.0487 -4.0929 85.0625 -86.1669 52.2836 -77.2202 -78.4937 -24.6124 -92.6800 23.1445 -9.4889 56.0417 22.5329 -45.0481 -32.3420 35.1417 60.8448 44.7184 -1.2723 92.7899 -56.9972 -88.3611 91.7124 93.4331 -40.2589 21.1071 89.6699 40.6473 -15.0193 42.8894 87.4387 62.9036 11.7746 97.6661 53.3384 37.5404 -93.3650 73.8745 91.3567 52.8405 23.9314 28.3930 -86.1634 13.5054 -29.0966 -45.9076 -38.0185 26.2904 -7.4020 0.2138 63.2456 -69.5341 42.1147 43.1868 99.6956 47.6652 -83.5880 -77.8146 -84.2439 -78.4806 2.5694 55.8115 33.2449 -53.9565 66.6384 88.7283 31.7350 61.0543 -96.8916 40.7551 -26.2075 -86.4680 -13.4859 -73.9684 96.5133 -18.8460 30.9325 -2.6401 -43.1562 -3.0734 -71.9551 30.9851 -78.0709 -53.6973 -14.3777 -78.5936 61.0870 -28.7920 64.2711 -49.7810 57.3697 -80.1149 60.1769 -48.4930 67.0409 -54.9974 -35.5073 81.3234 -29.0095 67.4892 -73.7751
-1.0853 85.7893 48.6293 78.6751 49.1664 16.4528 -16.3798 -79.3639 -0.5717 91.3372 27.1552 -50.6493 -92.2574 35.5606 -42.7407 36.1109 91.3587 53.2337 21.7809 53.8779 -29.6575 95.3004 42.1709 80.0029 15.6927 -93.0883 31.6456 17.3448 50.1274 -57.5249 88.3709 -91.0416 96.0373 27.2830 28.2260 -13.6288 -73.4852 -6.9174 -29.6752 -62.0271 -91.9229 -42.7988 -65.7464 91.1582 -25.1881 -1.2814 -98.2207 74.9786 -58.6268 15.7281 56.0770 -64.0984 -61.2159 -23.0380 6.6740 48.1233 -82.7801 -8.9469 -1.8735 -53.5355 20.8919 -63.0629 -77.0687 -8.8032 86.0615 94.9241 -12.8678 -38.5942 72.7391 83.7227 -51.8908 -3.5179 -28.7600 83.1462 21.6963 17.0097 -91.5792 70.5280 88.2106 -93.4719 88.9205 48.4251 10.1047 2.1273 22.4534 52.2659 -1.2578 21.3401 19.8850 58.2469 94.0265 -45.2576 -36.5062 -37.0694 -26.9654 1.4619 -86.4715 77.0805 -85.0224 -40.1389 -33.7179 -89.9826 69.4164 -24.2598 66.0222 28.4482 -39.6562 -98.2474 -83.4229 -9.4685 99.2234 -26.7327 64.2893 55.5031 -51.4140 16.6983 -85.7024 30.8561 -0.0341 -2.5722 -74.8907 -21.8288 -32.7733 -68.3214 61.0863 -27.2373 81.3346 -86.8394
61.0389 -92.3976 23.1113 -8.3140 -65.1795 -10.3200 44.0317 78.5653 -66.5144 -35.3523 57.2469 31.5782 68.0815 -62.8776 32.5296 34.7275 -19.4322 63.1838 54.5397 -84.5445 -96.3469 30.6571 26.7219 -19.5169 -42.5913 -13.5104 89.0832 -84.2142 91.8364 71.2584 66.4826 -93.3461 83.9455 10.8195 27.4032 -1.2942 74.5954 -20.7860 15.3421 -62.6788 -67.9605 48.9744 22.4110 -47.2625 -94.0348 -10.1113 52.9782 58.3321 29.8184 21.7513 10.4358 0.7950 -11.8436 46.2216 70.7627 -39.1825 -58.4055 -80.3997 -57.6561 37.2752 35.3294 -37.4381 4.0479 75.4341 -6.5403 12.2707 -43.7102 -44.5179 26.6476 40.4820 30.4057 7.0048 -8.6082 65.7211 -71.3301 -38.2316 -38.7261 81.4975 1.0296 -11.9518 -65.1754 -92.4343 13.9991 -54.1552 14.1640 -48.7956 42.3013 87.8811 41.2890 83.6990 -70.4929 61.2832 -57.9449 -60.5040 0.4978 -84.6178 53.5885 58.6402 -39.8957 -67.7734 -64.5342 -52.0188 -73.0068 -30.6989 92.8336 -98.0370 -83.3082 92.9118 -26.9093 -87.2293 -90.3004 14.3099 -1.1111 79.9866 69.8497 -7.3380 -42.4070 37.4360 35.4227 -13.9992 -16.2345 -4.3273 73.6514 -20.1511 -42.9195 52.7141 65.1568 40.7525
-38.1294 -1.4195 -41.9144 -71.3683 -1.8104 -40.7250 19.4972 -24.9268 84.3844 -49.7988 -88.8971 -92.1261 69.2282 -88.3522 95.0459 63.2193 -95.2425 22.4737 -64.7072 78.6330 33.7419 -20.3876 96.4519 -31.7501 49.0160 -38.0912 41.7577 23.9955 74.1533 -41.2373 36.6780 81.6382 -85.7317 -19.1742 39.8201 -77.0931 69.5710 -19.1792 -94.0132 -61.8500 -25.2633 -39.5620 -8.9792 84.4436 -39.7694 95.6249 10.2037 98.5275 -14.8918 43.7320 -49.5363 -49.9215 -80.6067 50.0455 -2.9077 67.0384 65.7710 96.5816 -20.1483 -80.3946 90.6987 -35.7507 -74.0173 -46.2211 24.0460 87.7668 70.7219 -65.1547 -64.5447 -5.5910 98.5386 17.8024 -11.2233 -58.7953 21.1476 -81.4693 -15.8699 74.4623 -81.7524 -21.2928 -47.9340 1.6289 -4.2129 -80.1176 93.8212 -12.6311 85.3281 -7.0070 -0.7341 17.5932 53.8898 49.0701 -44.5446 -71.8429 -47.0858 -28.5726 -95.3292 -66.0243 13.3906 14.6139 99.4212 67.6547 -56.6457 99.8815 -65.8084 27.9161 -43.7471 -32.2230 -75.6307 33.1747 -20.6957 -9.5974 -47.7550 -35.3568 86.4158 -77.6944 95.4603 -52.2194 98.5354 -61.5935 59.4707 28.8455 82.8935 20.8119 88.5689 22.1430 0.7179 -9.4794
46.8905 -89.9754 -78.4194 -39.1641 9.1578 2.5270 -12.9169 32.6854 96.6074 86.3692 11.3875 -83.8062 -62.7052 -10.0025 -71.9980 22.2078 85.6769 38.9438 -33.4730 65.5624 90.8853 -0.6570 99.4502 14.2379 -33.8329 90.0652 -72.9705 -26.9619 57.4923 48.5656 68.5906 -39.1121 31.9837 -13.9669 90.7340 12.0250 57.6749 36.5602 -55.3821 -57.4536 -15.3774 -99.4588 15.6665 50.7228 -25.3644 83.5419 -78.6210 -62.5792 54.7047 42.0745 -71.3650 -41.6495 92.6202 25.7117 -45.2605 1.7500 82.0391 48.7061 -3.7472 -90.1027 97.0460 16.8223 84.6554 40.0502 -14.8949 -57.3720 -62.1482 -39.4301 24.5406 77.0100 93.6519 95.8708 37.9359 -66.2070 -63.8835 22.2134 33.4174 95.4627 4.9589 -93.9017 51.7405 44.7391 82.9724 69.8183 13.5221 79.7479 -50.7244 7.8860 -25.3904 20.5775 -38.8411 92.9987 -2.0183 78.8121 -0.0121 71.7244 47.9534 9.9690 6.5273 93.0527 -95.7518 77.8495 -32.1234 -67.2120 -54.0053 4.8821 -73.3712 -47.1555 -1.0744 92.4600 -45.9594 8.9268 96.6062 -15.0337 -34.5155 -91.9855 -39.7825 -40.8532 -95.5978 19.4114 62.8567 24.3734 38.4416 -8.5332 -27.6570 65.2028 -27.9408 -63.0216
34.2780 14.1296 -60.6024 68.8526 -6.6226 -46.3352 -51.3124 -81.9405 -67.1811 -32.2250 -6.4562 48.6311 -57.1379 45.7891 -84.3594 -98.1962 -89.4250 16.0587 -90.4565 -94.5266 29.0357 -58.5331 60.3583 20.4072 -85.3238 -51.3995 71.3642 -35.3767 -47.6862 59.7198 23.9576 -58.2078 64.0125 -3.7688 -72.5024 75.2592 -62.0886 62.3893 34.1222 88.4972 -61.4513 -83.3243 92.2012 75.5505 -9.1053 -81.8710 -54.5681 -38.1645 -87.0803 -85.8791 13.4440 34.0867 -33.3258 -48.4372 -19.9878 -47.2569 -55.4151 -95.8219 5.6426 -39.9952 -17.8197 95.8926 -23.1211 16.4530 76.8408 -20.4633 48.1891 -60.7628 99.9760 78.7171 -40.4132 -95.1296 -94.2229 -67.7019 92.6033 89.9424 -92.5160 -6.8520 46.2729 -78.3710 69.8072 -28.4189 -67.1197 -10.1547 -55.6111 -26.6190 -68.8167 60.4555 -56.0164 -26.0101 -61.5298 -7.0476 -56.0859 -8.9168 44.2926 -83.4261 -24.7810 37.6312 57.7283 18.1607 82.6058 -76.0949 -39.8632 86.3239 -50.1648 -89.6227 26.4869 -34.2724 43.8895 -41.2411 95.7947 62.0491 -87.0061 19.7882 -22.1651 21.5787 16.7657 -63.3487 72.1196 -40.0558 -86.4748 85.0281 -83.5614 -17.8265 -68.4222 11.1535 -11.4683 14.6158
-83.7159 35.3470 97.8981 -83.6579 68.3120 -57.6287 -52.1599 -55.5968 -29.4769 90.2870 49.1344 89.3727 -51.1878 82.3557 -90.8466 -71.2664 -98.5177 42.8323 -96.2768 -22.1784 -64.8620 -31.9030 74.1245 -3.7146 -80.9703 -33.4868 87.6148 -86.0612 59.7001 65.9275 -90.9168 1.2224 -69.8766 93.9445 68.6378 -60.6191 -34.4585 2.5979 19.1304 57.1450 18.8031 55.3842 -25.6764 4.2309 -35.6164 10.9109 -21.4583 -75.1346 95.4196 -44.3906 -94.1358 76.7208 93.3726 -72.2143 97.2062 64.6671 64.8500 24.6629 -69.5944 -3.6095 -56.3018 71.5792 -19.0126 31.4997 -6.2519 84.8593 -85.2928 17.8248 31.1261 -69.9470 80.6319 -8.1477 -50.4889 90.9982 -33.0694 98.6018 -28.1764 -3.4879 13.9075 -98.3193 -9.0499 -87.5254 -16.7669 -95.0301 -44.6434 58.0308 -35.4391 -71.4437 3.3019 10.2070 19.9081 -5.4684 82.1532 -67.6900 67.0811 -2.9532 91.5778 35.8423 -13.2182 39.6452 -9.1665 88.8218 59.1316 49.8509 34.9391 73.8156 -60.1520 -35.4915 -13.9001 -72.9298 -64.6658 -10.2971 -18.0007 -17.2055 24.9330 -66.2580 -68.7122 21.9919 -71.1050 -72.7588 -12.4193 -19.4634 92.8657 -69.5275 24.0594 72.6581 93.2743 -27.2858
75.1012 79.5709 62.5520 -48.9228 -20.2019 -55.6810 63.6203 -91.3270 32.4642 15.9615 20.4076 -14.1903 93.4198 -32.8887 -90.6231 15.5622 6.5871 78.4486 -54.5040 12.5320 19.0945 1.5512 -87.3703 -90.7679 -58.6061 36.2846 -1.4762 59.3509 -16.7155 -59.1111 16.7629 42.2608 -25.4992 22.2625 -0.4979 -39.8681 97.5672 -32.8153 -89.1401 -63.0609 -23.6029 -30.1028 62.3951 54.6571 96.7539 -28.4347 -7.6464 -17.5324 -65.9047 66.4092 -47.5769 11.5267 -95.6132 -99.3364 11.2171 -40.5109 12.4062 49.0507 73.0531 -19.3632 92.8580 -27.8895 -75.1968 66.4945 -68.6396 -14.7518 -17.1243 68.0989 42.7796 26.9658 63.1989 -16.7692 86.3597 -49.4263 14.8533 32.5043 42.6179 -82.6064 -75.6944 -33.9067 42.3968 -74.0915 38.3949 91.9453 -36.7521 9.6086 -48.7297 28.9244 0.7426 -85.7393 -20.2293 60.4172 22.3404 73.0466 -82.6425 88.0185 64.1001 34.7982 24.4660 -41.6703 -2.9101 -82.3958 45.8486 -43.4812 -75.3909 -71.7590 28.8684 -3.5774 -25.0859 -91.1999 96.3334 -39.9515 -92.2307 -40.7575 11.6229 -95.6387 31.3829 -54.1133 52.5652 -47.8528 69.9725 74.3189 -83.1596 52.1923 80.3789 5.1739 19.1648 -66.6563
79.7262 23.4296 78.2333 31.0459 31.5854 94.0925 -30.8043 -45.9057 -82.0774 25.3629 -76.0361 -2.2530 98.1128 -40.1736 49.8471 -7.7913 30.0506 19.1604 -10.2535 22.1072 95.4208 91.0181 14.0849 -34.1429 52.1225 2.9737 -97.9737 93.1140 -79.4536 61.7944 -78.5247 -32.8436 -67.0497 -89.3834 -94.6242 83.8353 9.6530 10.3361 -98.2705 88.5545 -69.1323 53.1716 34.1158 94.9566 89.2534 94.5530 -38.4853 29.3751 75.2128 78.9098 65.6930 27.6071 61.3408 -18.3707 -40.9696 36.0331 58.0764 -2.0632 55.9776 -5.4947 -0.6125 -94.4967 87.6125 54.2709 84.3453 -98.3333 56.5991 -76.3053 37.1898 -6.5850 -11.2162 -1.8101 -66.6784 -97.2238 -53.4239 88.6005 82.5584 24.1780 -59.2966 16.4360 4.9659 42.5075 -43.7401 -89.7299 0.4004 14.5861 42.0783 -78.7580 -9.0529 51.6534 -19.6610 78.8730 96.8465 -27.3467 32.3587 22.7605 21.8204 67.8388 -79.7921 -9.7768 95.5822 13.2023 -77.4042 23.6092 93.6466 24.7197 88.3209 34.5483 -35.2211 52.1537 -78.1081 58.5496 79.2004 -87.1522 -82.7652 -18.8591 -56.5029 -32.3518 -61.2716 54.7575 88.2844 55.8855 39.9761 21.8292 -68.2263 66.1761 91.4324 47.3769
-93.0924 -8.1306 -30.8307 77.4393 -78.1876 88.1388 -16.1434 -70.6406 69.1150 5.2885 99.9223 68.4646 -17.1681 57.8031 74.9165 46.5837 12.7683 -91.1229 48.5361 94.2810 -74.7228 65.6550 -77.6747 76.0065 76.3530 97.4148 -66.1028 -37.1557 34.3665 8.1104 -80.9904 -97.3122 55.6823 22.2974 -15.5188 27.7610 22.1764 74.8651 65.5507 -50.8572 -1.9507 -86.2756 -67.1734 53.9361 -35.5760 -6.8590 69.7369 92.2603 45.9449 93.4190 -67.3477 42.9071 -19.8651 -2.1301 81.4233 -66.2217 -25.5023 80.1321 6.7902 -39.4785 -27.6284 42.4356 -79.9874 7.2165 -83.7349 -92.6919 -82.4913 74.9974 -1.0143 -56.9783 96.8890 -78.5890 62.5461 31.6675 57.9216 94.6678 -88.5704 -79.2285 18.6082 9.4411 -10.0779 -39.9352 -99.4385 -91.3214 36.8181 65.9039 34.4285 -41.7228 -83.8857 16.1908 24.8534 -66.0804 -10.2450 -37.8079 42.1996 -58.1334 -80.5155 -99.6120 76.6563 -98.2253 72.3493 97.0398 -48.5716 30.5574 -41.9117 99.2266 74.2739 3.5693 16.8589 68.0592 -88.9619 -92.7477 -8.8466 -67.6776 -28.8510 38.4998 96.2128 81.0391 -59.5135 90.9568 -53.0316 -74.2356 25.8481 -6.5129 28.4728 -17.5615 17.9018 7.2389
98.2156 22.9337 -74.5211 -60.9904 -73.8427 95.0002 35.3818 -14.1991 -70.5451 64.2157 -0.2533 -75.1199 10.8151 -77.6202 2.8500 94.0863 53.3447 -91.3651 -41.6266 72.4633 60.9041 -80.5881 61.5149 -1.5000 17.7998 -34.3726 -12.0234 5.6464 -18.8223 25.4453 36.1034 0.7303 48.5928 65.7520 66.7428 51.8628 -64.1864 74.1393 4.4300 90.9932 72.8615 0.7964 -68.5463 -39.5625 -58.2469 -80.1563 -48.4344 5.8792 87.3111 -26.3967 45.6306 61.4081 34.7923 19.2493 -61.1604 53.8151 -85.4754 92.9196 22.3019 -20.6577 52.9699 43.9945 90.7739 79.3377 52.6825 -8.9540 54.4026 -90.3572 -91.6518 -71.7079 -5.2320 29.4885 -66.6187 29.3265 -35.1050 47.6217 -15.9462 -22.8724 -31.6404 -55.8513 -52.6317 80.5647 -49.8037 -36.2443 92.0824 -11.3226 15.5736 38.1809 19.9404 10.6183 -4.8340 -22.0129 -12.1781 4.4638 5.4007 -57.2344 -23.9694 5.3390 61.9257 22.5388 -7.9599 -72.0774 -22.1120 26.2379 -58.4811 -33.1704 55.3919 47.6794 -38.3265 96.5607 53.2536 -42.8613 53.1853 -35.5184 57.6294 80.0666 87.4243 17.9088 -14.0055 -85.3840 95.6505 38.6686 11.3606 35.1286 13.7266 47.2743 -75.3036 55.0003
-28.4306 -83.1678 -23.1154 -47.2042 57.5306 -96.6108 61.3344 -64.1431 -69.1386 38.3358 -16.3955 -70.6203 -49.0535 95.6527 -16.8197 27.4650 -18.8216 -86.1610 -22.1346 14.1117 61.8188 -69.2498 -51.9555 86.2646 -78.8003 -70.6669 -58.0887 70.3903 -72.0883 79.3804 -46.4789 91.8037 -64.4504 44.5280 -69.3794 6.9282 55.5387 5.8498 2.9363 -73.6285 37.4095 3.3541 29.0392 27.5994 -60.2899 -18.1800 18.9174 86.4878 -20.9234 89.2504 -43.5970 -21.8521 -61.0964 -2.7776 64.5141 -98.2275 -20.4716 -10.1333 -87.1209 -36.7683 -71.7527 70.6463 -14.0466 38.2788 -35.9955 -55.5416 35.9392 89.7731 43.7298 73.9369 -58.8180 -6.5241 10.5261 73.9377 18.0154 -84.3771 63.7894 87.7056 44.2307 6.8897 -11.8082 -67.2874 -27.6547 -24.1389 61.3536 50.3140 -71.8898 -57.4872 -12.9511 10.9032 56.4383 -88.0652 -29.1134 63.7183 -37.9557 -98.3888 -16.0584 -25.0179 32.8696 -51.4338 70.6901 -29.6907 23.6588 36.0063 -37.0129 -94.9155 67.9414 2.3196 56.4548 -61.7995 -35.9349 51.1289 -19.5883 -21.8397 67.6715 84.3854 72.7196 38.6931 -22.9675 0.3706 22.0528 -2.0713 -29.3747 -5.3661 37.6378 39.3460 50.0869 -18.8062
42.3011 36.7471 -62.0950 73.2211 -69.2028 -94.8788 -45.9516 51.5593 -97.3572 47.5739 74.8075 96.3827 47.8567 92.7416 -88.5379 -15.9015 -61.2706 93.7509 76.6842 60.0355 -81.3155 -40.0897 32.1586 -66.3314 -85.5855 30.4480 56.7954 40.1431 -93.1001 -71.3554 92.2435 -42.8550 -49.1807 -69.2547 51.1862 -98.0198 39.7930 -55.6138 7.2139 17.8593 -27.9592 -34.0038 81.6073 -39.5240 75.5348 -73.1852 -9.9565 -59.0077 74.8881 19.3817 69.0457 82.2159 -96.5813 -21.0767 -85.7028 -57.8753 96.3419 -68.3807 22.4437 -8.4621 -74.2053 -42.9292 17.9214 23.7572 67.4083 19.9536 -43.1989 -96.4304 -52.3049 -31.2372 -4.5634 12.4811 16.6921 -88.6084 -0.2482 -18.0040 84.5687 62.6144 -0.6896 -55.8940 -78.9846 8.5836 21.1010 45.0907 -13.8782 -13.3790 -29.1944 61.0810 -59.8137 35.5528 44.9822 52.3131 -56.6828 -49.3996 9.8552 9.7878 71.2927 -80.7071 75.7182 47.4707 32.3592 -86.9654 1.9043 53.1045 6.0388 -80.4317 -18.9467 27.5238 -17.6455 -50.1688 92.4983 -72.7140 84.2062 -43.6410 -86.5689 -75.6380 -51.0189 -20.5887 6.9623 39.9337 63.5177 -96.0898 -77.0929 -18.2775 88.6206 42.6535 -83.0311 33.6807
-72.6628 97.3074 -9.3448 -38.5194 53.8661 -85.1794 12.9059 56.5472 50.5678 60.3175 -24.6160 -26.5157 -48.5031 29.0475 -63.5616 15.8480 -64.9845 3.8189 67.0597 91.3856 37.0572 70.2003 60.4918 -25.0768 17.8747 -36.3158 48.1658 -62.1447 66.6616 -53.7950 -19.7273 -35.8460 -17.8992 -75.5426 59.7241 39.8835 67.4945 -15.6178 -0.1560 23.7714 -5.7040 41.0111 18.2391 -40.6758 -90.1951 5.6159 -40.6761 -6.1518 -86.1231 -82.8697 34.0501 59.3765 16.6815 -48.3753 -26.6708 31.7303 0.0450 9.3309 49.4600 54.8963 -61.1026 -40.3994 -88.4325 15.1459 63.8314 -56.3653 37.7153 73.6247 67.8876 32.4477 20.1566 -24.4599 82.2164 2.2494 -56.2021 -1.9908 49.9572 87.0852 -47.6045 28.2121 -44.4180 -60.8209 76.4068 -97.8527 -20.2665 90.2092 -16.0697 -89.8050 -42.2050 83.7488 18.9387 62.1786 66.3452 39.7063 -96.0958 -23.8486 86.9182 -72.6866 35.6681 64.3079 0.2647 10.4895 -11.8802 77.1022 -46.2561 -31.7532 18.2549 18.9728 -95.4573 71.3845 -27.4306 76.7538 -77.3505 85.3762 3.6179 -92.7703 27.2545 31.2798 64.7050 -41.4102 18.8702 50.1397 -65.9384 -91.9011 69.6306 93.1994 92.3636 -16.9011
67.9912 10.9302 55.6692 33.0494 -47.2939 91.5119 36.2601 92.8589 37.5508 -68.6280 -7.0626 44.3555 4.2643 33.1569 -66.9915 9.0518 -23.8473 -66.6927 -27.0702 27.6456 -77.4296 85.5769 22.4969 -75.1650 -83.1648 -19.9271 59.9218 76.4956 -10.9589 -70.6774 -49.6235 86.6451 -20.3093 30.6107 29.2461 -66.4656 -30.0133 -88.0618 64.4579 -3.0877 -7.9923 10.8700 33.6576 55.1400 53.3767 71.5033 -31.1638 68.9021 -65.0851 -56.4994 -89.2763 81.0672 65.0281 86.7919 99.5621 85.2229 37.6774 63.9230 -98.3144 21.6231 -92.7490 -59.3726 74.2533 -89.3972 10.9345 -53.9071 64.3218 72.7489 57.1787 61.6393 11.6669 -38.9363 -38.7156 76.7292 -10.4192 70.3999 9.7828 -32.2046 58.1918 34.7066 16.9840 86.1800 -87.7358 54.2487 -73.8907 32.7545 -36.9775 51.7728 -61.4660 94.0848 -10.8432 42.5888 -10.9132 28.2567 69.9972 4.2892 77.3902 28.6742 58.2473 95.5930 22.0667 -55.7507 -45.3282 7.9978 -28.2571 -38.8195 -89.9540 49.7967 -90.9074 42.9244 12.9781 -47.1854 -37.8919 -21.3549 -35.1059 79.4901 62.2300 -20.9700 65.8414 0.7273 -21.6374 99.1134 43.7631 -72.4184 65.8551 -67.8490 -91.6324 -15.3270
-82.1329 82.3364 0.6726 -48.7210 -75.1554 -27.7455 18.3283 58.8551 -85.5560 -19.3172 -62.8555 85.6478 -7.3757 30.2041 -53.6803 66.8422 -78.6876 -14.1540 65.4045 7.2535 8.4509 72.0328 27.6715 92.8586 -92.4559 87.3409 65.4785 74.4557 82.4015 76.4452 -22.5580 56.6652 -46.6912 -10.8018 63.7119 81.8883 66.1742 -2.3130 -66.6247 82.5162 -40.3720 -82.9584 8.3976 16.6068 -18.9913 -19.0956 17.0536 -3.0515 6.0506 -97.8718 -61.1403 -49.0085 90.3218 -84.9862 49.8966 -96.7053 -45.8900 86.4428 79.4279 -65.2178 -17.6654 54.0291 6.1447 82.4254 -34.5319 -99.8509 -14.6018 70.9517 80.2912 26.5615 49.9657 -62.6637 88.0589 88.4453 -96.2629 9.2908 -93.3222 -22.3861 50.1454 19.3179 -40.4696 12.8863 -49.6223 -32.5601 -64.2956 -57.4257 16.7207 9.6944 -42.9312 91.6640 71.5042 26.0494 84.8641 49.8899 -97.8376 50.6581 -7.3136 34.8001 -98.7668 -96.6951 36.2125 37.5932 76.4457 15.3339 99.7268 90.7168 19.4996 -99.4546 64.2620 -12.3259 76.5148 81.2352 -94.1292 45.2839 39.6846 -13.4390 40.4254 20.4906 -41.4895 -13.1244 -11.9766 31.9326 -89.5767 -74.6693 4.5333 -2.2019 -62.7730 23.2311
-84.8632 55.2110 13.5515 80.9876 -76.4222 -81.8430 -74.3901 -83.2525 99.8045 -10.1665 65.1280 -26.5164 -6.4012 -16.8413 96.1818 -69.3871 41.2263 -39.9082 -88.1181 -7.0189 83.7646 1.2820 61.2718 57.9656 36.9137 -91.0653 19.2778 -93.8451 -52.0812 25.5298 46.0777 -68.8049 -68.9645 11.4687 -11.4668 36.4372 -39.7069 30.9496 -37.1962 -7.6599 41.0350 60.2696 55.3574 11.0660 -9.3887 65.5148 96.8840 -8.1085 -17.0426 45.6443 -5.1891 -91.9296 -91.3744 64.7186 32.4934 84.5675 7.1399 -68.5731 -89.8651 15.8731 77.5433 -39.0754 -9.2721 48.1918 34.6107 -5.1137 -35.3070 -40.1387 -17.4661 -16.6379 -23.7643 -86.4373 -72.2955 69.1811 43.0111 -90.9296 19.3474 -16.8265 -63.6997 -57.1836 -55.2395 -79.5368 -91.8151 -88.3884 -59.8432 40.6032 -1.6952 30.1314 -51.3067 89.5644 37.4606 -92.0034 9.0966 -39.9177 18.5661 -83.8170 21.5603 10.9167 -4.1042 -68.5279 86.1248 -78.5368 25.6962 -77.1217 -15.9063 19.9319 21.7950 41.6279 -85.0677 30.6221 74.9602 95.3228 -91.5925 -35.1290 28.5189 -19.3075 19.2472 18.7741 2.4037 53.4371 36.2713 70.0869 19.8746 -86.9835 -30.2764 -92.6004 52.3755 -4.0939
-89.4710 34.5777 46.3084 41.6854 -16.9268 -67.0814 -56.8766 91.6868 -36.1296 5.0068 -56.1329 5.7843 -93.9211 30.4534 76.2182 33.9996 66.0120 -60.5774 86.3140 14.7711 19.5981 -1.9517 -62.3041 84.5013 66.2885 18.9936 44.2645 93.7199 47.8384 -17.9534 73.4871 -15.3972 -43.3801 -29.2615 -0.5227 23.7174 -19.3286 95.4384 66.4036 14.1382 16.9254 -22.3616 -10.7963 62.9293 33.1443 49.7022 13.8262 -78.7914 89.0173 -7.6023 -85.2482 25.3454 -20.3211 -93.5678 -60.6688 -92.6997 -68.8635 0.2912 85.1501 -33.2527 68.1411 -56.9252 68.2109 5.2377 30.3858 -99.2071 69.3173 -24.4479 69.8232 57.4703 15.0105 79.3743 -69.9035 55.3973 -99.9636 88.2901 -30.3344 71.3543 24.7125 -52.3727 49.6119 -18.5947 53.0425 -85.3553 89.5651 -92.8737 7.7261 -20.9309 -37.8908 -55.8623 61.1541 21.4252 -54.1634 84.5054 -27.4960 45.5286 -37.9559 25.7811 29.8987 42.0431 -14.0224 -80.9137 -73.3661 -44.5780 -56.6629 -32.7055 27.9221 68.1462 54.8873 -23.1864 89.3810 -87.1246 43.0433 -54.0579 -99.1859 -63.5992 21.9102 -99.8670 9.7562 57.4001 76.0870 68.9315 68.1112 71.9592 -32.1125 57.0281 -85.1126 11.8267
87.8116 78.6282 -66.9612 -44.8927 70.4486 96.2276 99.9490 -93.1570 -91.0676 -15.7220 -61.5989 72.5151 16.9105 35.5437 -55.5579 -41.3117 -3.4086 54.0800 -44.7188 33.4106 -34.2315 84.1301 -65.8343 -94.5844 54.0193 1.4977 73.7978 79.8825 1.4131 -80.6050 -70.4928 -45.4008 22.2236 92.7336 -68.6313 -58.3182 54.9809 -15.1759 0.0616 -84.1238 62.0026 -48.5034 -75.2558 -13.1039 61.4636 0.0323 6.9269 88.5340 -19.9515 -79.1564 39.5903 63.1636 14.3449 -80.9061 47.6911 29.2771 -41.1660 -78.9652 71.7500 87.8563 75.9689 86.0105 -12.0438 83.3347 -22.1229 -97.3832 -77.2448 10.0858 31.0189 -99.1487 36.0772 79.1314 5.5184 -97.8282 -69.4603 -8.7134 98.6969 46.8974 -33.6041 18.1845 42.9869 -56.2258 75.7802 -54.3540 -97.9197 -90.0055 91.0944 95.9246 16.2847 -64.4091 -44.7913 22.3002 72.4382 -40.1710 -46.8238 36.3231 -83.9282 32.9842 -69.4790 66.3915 40.4367 74.1454 -3.8630 98.0416 53.8661 -24.2977 -73.0670 -45.3791 -70.6439 38.6178 -66.7702 -93.0085 65.1896 -14.3808 -7.7957 85.3629 -19.0212 58.5980 -18.7115 -39.9973 15.6698 21.4239 -89.3712 90.9887 77.9373 -77.6660 25.3675 18.0605
63.3878 -18.9239 76.1115 82.9071 -1.9542 44.5149 82.5740 -95.6006 87.8970 70.8021 32.0855 93.2378 31.2047 -24.5961 5.0396 -71.0517 39.8110 -61.2209 -26.0800 57.8391 30.4794 21.0466 26.1099 -88.8893 37.3718 94.8802 -73.4263 -72.1868 -6.2605 -92.4864 53.7133 9.9231 61.5385 -72.3454 8.1637 65.0499 38.2349 55.7408 -63.2064 -80.6417 65.1169 9.0319 -68.8503 -69.2090 -22.7546 23.4926 39.4827 88.4696 -92.8552 -48.9745 70.8632 89.9384 38.8755 79.0104 -6.0483 3.7256 50.2693 -40.5451 -21.4852 -93.2737 83.3501 -35.6543 -43.6918 -39.2123 -21.4810 4.0874 70.9190 64.8460 -20.6833 84.9258 -48.5508 67.2164 66.0498 -59.6295 -65.8646 -75.9018 -99.0369 65.7926 25.2753 40.4065 -54.6219 78.1390 -86.9883 -24.5516 32.6013 84.7331 21.4359 10.7748 63.0257 -25.1178 -39.0277 22.9138 -63.4719 99.5928 -86.0100 -31.5091 -14.6308 -76.9617 -53.1533 65.1386 59.7161 -72.1168 49.4070 -88.1116 -41.8351 -34.7407 26.0067 -53.8875 -56.4294 8.0973 69.4553 -78.2266 69.6413 -0.8521 30.0281 39.3148 -9.0018 68.3716 -62.6491 -67.9738 -75.9947 97.1867 93.9518 -31.3892 -6.5530 55.4238 -69.8473 96.7762
1.2358 8.1641 58.6611 75.6179 -17.8605 -12.3775 -66.7995 98.8790 -30.2258 -13.9239 14.5235 -58.8351 74.3504 -54.4238 15.1555 -32.0617 -13.6562 -16.9291 -64.5730 49.9474 37.3718 31.0240 8.5613 -38.1460 -38.1877 87.5858 -11.8337 -75.7978 -19.0190 28.0734 -44.3017 -75.4443 38.6739 -0.7865 6.9784 -16.3606 83.9247 -35.6426 -50.1743 -41.0856 -67.9905 -74.8974 90.8075 75.1460 23.1973 -75.3714 25.9199 -96.3770 33.5014 -90.9489 74.2093 -22.2949 -60.6055 84.3372 -95.4846 -69.0569 -66.0369 -36.0837 -25.0855 -1.6211 15.8377 -49.3906 -8.7345 -12.9370 14.4710 12.6834 10.4474 90.4693 45.0361 42.1414 0.2527 -63.3204 -0.0379 -51.0616 88.9569 -74.8874 -50.8451 -9.9614 -42.7968 -77.1622 22.1880 -75.3452 57.6950 52.3761 33.6363 85.4542 89.5113 54.8685 -42.9189 -55.8198 -85.4819 78.1422 -96.5688 -74.2240 51.1030 80.0196 83.2038 -14.8852 -35.9078 -52.1013 65.9332 98.4308 -47.8605 -27.6029 -79.8402 26.0036 -59.2788 45.4998 -72.2622 -62.8781 -24.2582 -68.7820 -87.5299 99.5434 -4.2707 -47.0975 -42.5137 -25.6433 33.4406 -46.1098 92.8694 34.9136 -50.7915 39.0226 87.5606 19.3608 57.7680 -21.6786
77.8574 74.1175 -16.6513 95.3909 16.4137 31.4046 50.6900 51.5121 -55.6559 -13.1305 87.8681 22.5124 23.1276 -55.0978 82.6616 -53.3655 9.1486 90.5070 40.1430 -42.5720 90.4566 4.1079 -80.3851 -19.6586 33.5458 -87.8879 -34.0538 -40.0575 84.5627 77.6815 -96.1402 -60.0654 -96.8743 81.5440 -94.2432 -69.2899 72.6950 22.8212 -77.8295 92.2903 -36.1414 -11.3587 -93.3072 -29.1594 14.6622 50.3577 -26.4586 -89.5542 -3.9360 -48.1579 93.1164 -94.9537 -28.5800 7.1316 69.7643 11.1536 -27.3506 -85.7780 80.9492 -69.8170 13.9216 -60.7216 -32.0655 -97.1282 55.6697 -35.1128 -23.7133 -18.2678 -96.0186 31.8571 -14.4188 -67.7947 -48.0383 52.8942 7.0156 -72.6201 60.5305 36.0945 -96.4078 4.2158 -67.0342 87.7228 96.1118 -17.7158 96.2065 -47.7753 -20.0351 -73.3027 75.8257 -70.1240 -86.7562 9.4473 -19.3928 15.3161 23.4317 -69.0549 65.2180 -46.9242 37.2097 -61.7188 -92.3832 6.3107 -15.2801 68.9103 -95.3782 11.2233 -52.8610 5.4623 -43.0401 -77.6331 37.0031 42.4718 81.1153 -31.8610 -28.4344 82.1071 -33.0344 -7.1586 77.6609 -1.3678 84.1022 -32.6617 11.0381 -31.6252 -23.7953 -49.8715 -50.9464 -51.1967
-67.5510 -96.6164 -57.3335 76.0180 50.3661 46.9283 16.4476 -22.4699 36.6835 -29.4059 -98.3381 -50.6365 48.8746 -92.1623 -85.8871 42.7990 -21.2909 6.8757 16.7479 -41.9937 -15.2172 1.7057 -69.9689 -96.0570 -27.4937 74.4429 -53.8634 -77.6925 34.1338 -34.7786 -42.7562 -60.8558 -96.4909 19.5692 -66.1794 -80.7483 7.3575 28.1195 45.8702 22.7123 -58.9874 60.5222 71.8533 -60.6245 -74.3015 75.4834 0.6188 24.6911 96.7281 55.2059 -36.3461 -40.4820 92.4605 -66.8223 70.3448 -1.0017 -7.3277 -20.2420 46.6674 -81.6024 20.8401 58.3223 -8.6235 -89.7011 62.1982 78.4633 61.1045 -74.0915 -12.1050 20.0903 -5.3986 -93.4748 68.0413 60.4569 -93.1496 -69.8843 -44.6296 -11.8637 31.2444 3.5388 -74.0176 -52.3498 -85.5088 96.5311 85.7488 80.0785 -61.5655 22.1025 48.0488 44.5083 57.4686 -46.1376 -59.2999 -87.0553 -76.3371 -41.3323 10.5223 4.7931 69.5704 72.5179 -38.3153 -79.4822 -69.5298 -32.2593 -32.1148 -3.6190 -97.9456 -18.7548 15.9309 7.8472 -74.9965 88.4586 28.3176 -80.1928 -66.7357 -6.5176 12.2708 -48.9359 70.8113 55.1069 -25.3749 2.8049 -91.3974 -97.3572 -11.4898 -29.8507 64.6489 25.0770
8.4772 -62.5545 -24.3798 -75.1216 -1.6815 -23.4980 47.5543 94.3595 76.6789 14.2355 -91.2767 70.0249 -56.5499 50.6746 21.4863 -78.7529 89.5534 81.0831 -50.4692 45.4032 -27.4796 -57.8374 -69.4676 -52.0487 71.0271 -69.4352 -91.4415 40.7555 -27.0251 -86.7542 -68.8486 38.9863 83.9606 10.0504 -93.4921 -98.9758 65.3419 -44.5568 82.9504 -45.4188 -26.2612 -80.2733 71.8927 -26.0266 72.6085 83.3294 -90.8024 97.7738 67.8768 -14.8130 59.5215 36.5374 -74.4824 93.4609 71.3012 29.3495 -16.3047 -38.6821 84.7006 90.7005 -43.8336 9.0977 -90.7405 77.3408 -92.0378 -40.7857 24.0818 77.5158 37.1664 -27.3922 -11.3103 -94.5016 86.8271 -96.4426 60.4142 94.0312 96.3404 -23.9184 39.2660 95.6450 -93.1658 -79.8599 61.5415 -71.1589 50.1948 -13.9235 9.0325 35.6807 42.8779 -62.1536 -49.2706 49.7821 -22.2535 0.7862 -62.1845 6.7373 86.5473 34.5575 23.5824 0.5291 15.1217 62.6059 77.3633 1.5438 -88.1207 -71.5430 -40.0817 23.8386 45.3915 -14.0310 47.9859 69.5713 96.2701 -85.6124 77.1977 49.6930 -8.0916 38.8355 -49.6813 -76.5928 -37.0801 99.0007 65.4171 -12.2993 13.9004 77.7952 11.1945 -77.9226
-17.8953 82.4504 13.0664 87.9995 99.7309 -87.0707 9.3023 90.7252 10.1264 -32.8258 69.0580 36.3215 66.4205 -94.8839 23.2982 -61.3816 30.6687 -64.5752 -95.4956 25.4919 44.0110 23.6202 10.2027 2.0494 79.9275 -63.6088 82.9105 91.5429 -59.5938 -97.4084 -15.3970 -98.6474 -33.1087 -9.8092 86.8936 -35.1797 85.0010 53.8945 33.9843 79.2145 64.4741 90.7821 -61.1070 -98.6872 -72.9978 -9.0829 64.5607 83.7530 -19.7456 -5.9403 23.1298 68.2572 -95.3511 94.5019 -86.5366 89.3333 -57.9254 -79.5129 -64.3368 -21.3302 63.1985 10.2533 0.6949 22.4416 0.2271 81.4670 -71.2102 29.6519 85.2824 -53.4854 37.9036 -29.6262 -10.1811 -87.1027 -16.5822 -85.1894 -48.7368 -60.2168 82.0666 -60.1685 4.4536 63.4695 -82.3359 90.6850 57.7614 36.5572 62.4736 73.8912 97.1751 -85.6003 44.8402 40.5743 50.8507 -96.5256 -46.9533 42.3225 -29.5038 -78.7011 99.1144 73.8766 68.7981 -74.4242 -12.2378 77.6762 67.0741 -22.0728 53.3742 -8.0301 9.1949 15.1737 48.9165 -26.1512 65.7159 59.8044 17.0570 -32.1649 44.0545 42.5924 64.6044 -19.5868 76.6006 -13.3307 -41.5350 -14.7390 -67.9803 -34.0662 68.1046 -8.4621
36.3280 -96.2532 22.9954 67.9370 4.0029 -2.9500 -56.8046 -50.2300 45.1921 61.0076 14.2553 -48.5061 -49.9937 -10.5492 -66.8876 39.3354 79.4339 -63.1478 95.5715 93.4096 -81.1176 82.0472 8.9288 -78.7646 -85.8825 91.5140 -22.0607 12.9432 -45.7902 -27.9577 -79.3533 -21.4998 -2.8146 -57.1248 90.1523 80.4467 13.2928 -74.0227 69.9763 -3.2971 46.3588 -62.5378 16.8921 98.7785 -55.3747 97.6017 33.5397 -60.1460 18.6654 -82.2019 -89.1908 43.7714 -89.2932 -93.7916 36.7325 96.2553 -68.9094 66.8369 -85.1132 -38.7335 15.1375 50.0097 71.0808 -90.5615 36.0205 82.6836 76.8922 -43.3736 -44.6332 70.8890 -57.8059 41.2845 -94.8429 -1.3740 21.3575 -36.9749 -66.7694 41.8333 -7.4205 24.5602 92.1089 20.8288 19.2997 41.6441 -54.9495 -54.9413 -78.7335 -11.2251 -77.4848 99.1562 -84.6916 -64.9335 31.8508 8.9840 -0.5665 32.7984 -7.1196 -86.7447 41.0696 43.1975 17.0649 -37.4663 77.6460 -43.9212 -75.1809 85.0268 93.4094 -6.5714 96.7059 -81.4568 70.6194 63.2659 -27.0902 -77.7069 -20.6099 -34.5688 24.9181 70.3627 69.6255 92.5712 88.0640 -13.4258 59.3022 36.4922 92.8341 50.8107 23.9556 74.7186
-93.2909 -13.0946 63.7301 42.6839 3.4051 -69.3970 75.6178 71.9660 -28.8692 -79.6965 63.1231 7.3453 -2.0657 -79.7895 41.2651 3.1179 80.5973 -46.2723 79.8704 52.5982 -34.7140 5.4009 -28.5438 -90.5156 -71.8974 -53.8935 -32.1339 -93.8840 77.2715 49.4313 22.7632 34.5034 -62.1055 -99.6260 -15.3481 -63.6883 75.4486 -84.8936 -14.6367 -64.6429 -79.7572 -67.2524 65.4189 80.3453 -66.9739 -0.1863 -10.1780 -14.9978 -7.4060 -29.8950 2.8333 84.4152 -51.1203 -4.0049 -80.2047 26.6183 -50.3481 -18.6698 -22.4687 28.5118 88.0806 -56.9492 16.2241 89.7783 63.9896 27.0046 61.5298 -39.5294 -23.5534 80.6548 -7.1854 36.3919 86.8033 88.6297 -32.4214 -75.3971 -34.3213 65.6034 73.3064 31.9498 27.5778 30.8382 -45.6546 81.0240 87.1224 -78.4297 75.4713 39.4343 79.6282 37.6045 87.6351 -4.4984 -32.9564 25.3875 73.0055 -0.8428 18.0822 57.6879 -32.7331 79.4211 6.8547 56.1838 -74.1070 -24.4791 0.4911 77.5568 -63.9759 -97.5883 36.3140 -62.2836 -25.3824 48.4545 5.1459 -64.2734 68.1931 -15.5327 5.6649 30.8945 -53.9098 58.8754 37.5831 -91.0955 -89.3626 3.5382 40.1415 -58.2006 -29.7165 39.2479
-80.1864 -65.1026 -55.1498 -8.3547 42.8041 67.2683 -34.7986 47.4431 79.1361 66.7725 -95.8162 39.2446 -94.5899 -61.4635 -54.9858 61.8984 72.1105 -75.3993 -27.2793 -52.9441 -70.9469 -91.9852 -37.4492 59.5078 78.8764 60.3802 -3.5945 -42.7689 -56.6561 5.4940 -36.0362 -21.8901 78.9409 57.7889 85.1129 -97.1165 -24.9449 94.4226 25.3662 43.6893 -71.7138 48.8426 -55.8281 -32.9528 -59.4373 -58.9155 38.8697 -94.6373 -34.7687 63.6114 -1.4682 -31.2108 41.6807 80.3404 21.3455 95.3519 53.6088 -13.8092 -38.7605 67.2983 21.5518 7.7824 64.5311 -25.4095 31.3657 57.0405 -40.1959 -92.4528 -33.3735 -75.1050 78.9530 5.5806 -19.0658 -4.4244 -88.1238 -53.2408 -84.9133 -42.5777 2.0031 -8.2379 -7.2497 24.6221 28.5982 65.2597 26.6578 -24.6679 -23.8229 82.5380 62.6541 -9.2727 21.3805 -99.8049 -4.2986 97.1404 44.7560 77.2529 72.3179 93.9334 52.9686 47.0334 -28.9411 -63.4372 29.0386 -90.6062 -49.4767 27.7409 3.8352 25.7105 5.8938 -51.5006 82.5187 -28.5439 76.3281 16.8319 17.0835 48.7468 -24.5166 -15.6632 92.1086 17.5828 -16.6143 76.9040 -39.0275 -81.0743 -87.1317 53.7838 57.1708 -63.3504
-46.4620 -61.1270 -35.2414 -92.1096 13.4966 -22.4111 -47.8943 -52.9090 -85.9960 65.2081 87.1821 34.0035 97.1802 28.0758 -92.0266 -54.9116 -83.3362 -50.4676 47.8769 27.7676 38.3052 -89.2499 -2.9815 -15.9362 41.7267 -49.5616 -54.3630 28.5950 -39.5385 27.1163 9.4667 -47.3135 -53.7306 -52.6773 48.1733 57.7160 63.0023 -13.4755 -82.8663 -18.1747 64.1345 55.8494 -46.7965 -74.4036 -75.2706 -75.0209 -49.4617 66.9853 62.3351 -28.6324 65.2346 52.7192 -48.8710 -75.9359 -30.5263 -9.7187 -25.4987 -54.3496 -22.4488 -97.9728 97.7811 10.7900 63.9510 21.2096 37.2455 92.0395 12.4840 -3.9445 -91.2758 -81.7424 -81.6592 -57.5970 -58.3189 50.7084 27.5166 -93.2215 31.1628 16.8933 32.9104 40.4954 86.4431 3.6737 47.8878 65.4966 -57.1210 89.3250 -72.1602 98.2924 41.1018 40.5355 22.3596 93.2650 -53.6343 77.2457 -34.8316 -15.6788 -52.0983 17.8489 -84.6523 -37.6620 80.5777 -33.8246 -41.2244 -87.2023 -20.6759 -25.6818 82.2588 70.3846 -31.5123 -9.2859 31.5648 35.6543 72.6558 -50.3969 85.7505 -94.6229 -76.6891 -69.4958 14.4229 -15.8729 74.2449 57.6649 -74.0139 82.8538 -63.4474 65.3996 -73.9777 32.4896
-3.7673 9.4843 -22.0488 -53.8641 -21.3544 -67.8003 -2.1289 -1.9595 -6.7818 -77.3661 33.0525 41.8418 -77.7068 24.7867 36.8382 -51.2818 -2.1884 28.6920 -16.3685 70.7780 55.1116 24.2375 -20.4840 6.8750 -51.7043 89.0485 -54.3563 -33.1841 -43.3288 99.9347 -42.8241 -87.3199 85.3911 66.7703 5.6809 32.7367 -67.4311 -6.2473 41.8047 -46.3271 64.7947 -73.5727 46.8158 18.7134 71.8620 -88.9713 -18.4908 51.7036 -53.7347 35.9344 46.7594 28.3570 72.0302 -73.1014 99.4118 13.5056 -87.6119 82.4474 -97.2789 -33.6061 14.5451 -66.8590 -92.7856 27.3578 95.7879 7.3438 75.4878 54.1045 98.0495 -1.5047 50.5892 -52.5343 57.7365 79.1595 18.5785 -78.6587 28.9307 -31.1752 35.3685 -29.5130 -30.4899 90.9732 46.5715 -68.4282 19.6712 -0.9814 70.4627 -15.4806 43.7075 89.0955 -42.2833 -67.0288 -57.6759 -80.2060 39.7470 60.7893 57.9450 -28.0980 -16.0779 -71.6202 35.3535 23.3010 -33.1477 -96.7950 51.1057 64.2153 23.1153 -47.7935 14.6423 59.1405 67.1199 46.0722 87.4626 58.4840 -24.7043 -82.2530 -25.5162 -37.2600 -38.7312 -10.8464 -0.3489 -80.5205 94.0415 -12.3010 -2.0358 -3.3231 99.7661 88.4906
-90.3346 15.8811 70.5580 -72.5128 5.8193 20.5110 62.4084 78.0678 -29.0379 5.8453 64.2737 -9.1121 -38.5363 -4.6820 -29.0945 -79.3969 -14.6241 24.1967 94.6109 -33.9127 74.3524 -1.0960 -4.4157 79.6272 -86.6923 84.3807 44.8484 -36.5588 13.4165 47.3887 30.3021 76.7117 -73.9447 33.7215 -11.4102 54.5564 92.4106 -79.1839 57.6551 63.2834 -39.5296 -92.0572 -67.5127 27.9853 -89.5896 -59.5978 24.8296 -14.0415 -36.1959 -60.3458 11.3504 -67.5510 76.0596 83.9662 75.5973 -72.7067 27.1489 3.3642 20.4754 -36.1922 62.0281 58.2338 76.9622 -86.7520 1.4484 -52.0916 59.2495 -22.0994 -7.6982 -78.3581 70.9905 19.0394 5.8815 71.1820 -77.7041 46.3200 15.5932 33.1943 22.0961 34.7770 36.1507 -2.5478 -67.2257 46.5421 61.2811 80.7060 0.8191 -78.5357 45.7477 -71.0801 -87.6217 -47.9009 97.3005 16.8344 -94.2396 53.3146 -55.8162 -8.4045 -19.7065 3.5832 27.8291 54.4213 -61.1018 49.0397 5.9532 -85.3990 8.8050 -30.9887 -4.1069 -8.9884 -82.5936 -24.3176 -67.3463 57.2728 -73.8486 -9.7480 81.8066 98.6836 70.3999 -64.3735 8.5243 94.4876 80.5661 -44.5539 -31.5890 -9.8261 55.4061 28.0509
-36.7488 -36.9634 -64.2491 -81.2252 -39.0195 -55.7126 -61.0627 80.6607 99.4029 5.4110 30.2291 -17.1630 -59.8356 29.6672 14.2658 16.0735 28.0301 -59.9113 -18.4443 13.8471 40.8591 -13.5477 50.4819 -95.5844 -19.6317 45.4042 -10.6886 -20.5236 -89.4728 -43.6796 -62.1823 -99.5983 59.0199 48.1445 -87.0456 48.0750 98.3193 -45.0584 -92.8389 -74.3069 -74.0647 -44.0539 47.2331 -97.6296 -8.2947 23.0236 -2.1098 91.5093 31.6659 16.4727 59.8626 -67.6544 87.8308 -33.4980 9.5427 -12.6096 89.0239 -13.0043 46.3060 92.4467 75.9102 23.1711 -78.0001 -69.2383 46.6847 24.2873 18.1695 -67.2322 94.2518 9.7408 90.1526 0.4265 31.5858 -10.2281 54.9176 -29.6965 99.0971 -52.5800 -52.2677 -38.1735 93.4018 88.2027 -97.2111 60.4246 -87.4820 92.0539 39.9662 -29.8870 96.3284 51.3806 -58.7194 -97.5190 -47.1667 -8.6560 82.7452 78.7843 -23.3521 19.4847 -90.6031 76.8557 -62.3787 64.6195 41.6097 93.1651 14.1235 -76.4382 63.5973 19.4545 -67.4265 -61.2804 15.1586 37.5492 -45.2903 59.9527 -96.8150 -54.3330 -88.5783 -80.7765 -73.9907 96.7583 75.9260 28.4538 -18.0238 -99.1157 47.4538 -92.1988 8.5448 -42.4990
30.8459 -77.7458 -61.2060 -60.9258 56.0398 -47.4442 -54.9651 -4.6809 -32.9243 81.4450 19.4037 55.2245 -31.8500 29.8145 94.0329 -43.1435 -34.8946 -28.4577 53.8872 -87.1579 -67.0649 -3.1602 -71.3555 -61.9708 27.7250 7.6361 37.7068 -78.1197 -18.2397 90.9747 -13.8144 -97.8703 -14.5213 82.1689 -1.1637 18.4934 18.8646 -47.0385 2.0537 99.9701 71.6151 -0.7875 -67.2341 54.0351 -74.0857 96.2057 -94.8662 62.3939 50.0155 -94.9419 30.0567 -73.8557 -65.3616 9.2781 87.9114 67.2622 45.1582 99.8765 -91.5904 18.2586 -83.9746 -44.2025 -75.6510 30.0041 -65.6391 85.0125 79.5813 -73.8192 -97.1497 -75.6351 -73.6089 -72.6914 -20.7151 90.9606 -22.9911 77.0901 -26.3136 -24.9744 49.8510 43.9391 95.7597 -95.4938 44.0392 92.3788 -36.2026 -44.0252 -69.5844 -87.4785 -85.1867 94.3246 -70.7134 55.0557 7.7603 -58.0814 -94.3430 52.0836 97.3283 6.6371 27.3138 -42.8117 -31.6427 2.0606 33.3158 16.3391 72.2751 -76.7116 94.6537 69.4266 89.5546 73.1858 -83.5539 53.4574 21.4636 44.9974 97.4641 -97.2507 -46.3407 -77.1121 -12.6046 -46.8323 86.0582 7.6861 -87.1326 -73.8882 -76.3547 -97.4038 -60.1267 -28.4622
-52.7269 51.1427 -42.6462 -20.1925 13.4243 -48.6962 26.7002 21.2093 -62.0194 47.8284 -80.0588 -82.7395 -56.0746 -4.1247 -13.4143 -43.2173 -80.3603 -75.9829 30.5088 -73.2519 -43.2909 47.2618 -29.8869 -23.5210 -9.6877 70.6758 88.2408 -75.9408 -38.9897 37.4146 -42.0709 22.6528 88.5423 -23.9574 -19.8656 -95.5089 -85.5015 -25.2384 18.3212 63.4698 -77.5254 72.4055 -33.4559 42.1950 -86.8658 49.7952 98.2235 81.6415 -48.1889 -46.1591 -62.9004 12.0789 -49.0851 36.0806 61.4403 -87.6900 -92.2780 -25.9658 -7.8067 95.8701 86.7092 60.4292 -20.0436 -74.6170 21.2444 -56.9194 -12.4432 -55.4161 -87.1146 88.4779 -92.1532 79.1832 0.7301 19.7033 -38.5362 -48.2100 -67.1315 84.5567 -96.1459 95.3393 40.7392 33.3927 40.9113 -94.4468 36.4228 -81.1399 -50.0235 -77.2038 59.5688 48.8668 82.1188 -45.7783 51.5575 82.0283 -2.3946 19.8100 -41.9603 -24.3730 -19.7782 -33.1197 -82.6487 -54.9810 42.3784 90.3273 -92.7045 1.8942 93.4926 -80.9703 -73.7928 11.0622 -23.6341 66.0580 -4.8144 17.7535 25.4985 20.0806 94.5642 84.8278 -85.0342 58.2534 35.4462 -72.7788 -23.5801 23.3875 46.6026 68.5169 -42.3955 -27.6778
60.6374 -41.9700 83.4231 94.6301 69.6633 62.9086 41.9933 15.3523 74.3464 -53.2755 7.1829 -67.6417 -87.0155 -75.9828 -5.6775 -31.1466 -28.5911 -70.9433 -79.5689 -30.4515 27.0978 38.5056 87.0147 -34.7528 -59.2709 62.2206 98.3555 5.1622 -4.7019 69.7799 -5.5472 -53.4745 -82.4635 3.0565 -7.4231 16.0285 48.2655 5.8019 40.1647 -57.7782 30.8861 8.1636 -86.7300 27.1473 56.5713 -18.5408 -71.0298 -5.7382 -77.8657 -98.2371 60.0176 35.8670 -26.9313 -50.9121 21.3494 10.7240 -61.4411 82.5930 53.2346 57.1859 12.4646 14.1967 10.2988 76.4485 77.4010 -50.3972 -64.5500 -44.2082 66.6887 -48.0796 72.9746 24.1101 47.1714 15.0942 -40.8833 38.6099 14.1138 61.6825 20.1774 72.2347 64.9252 34.0172 91.9799 62.8872 -97.4381 -90.0133 12.1857 39.4963 78.9943 -89.2780 -73.0289 -84.4129 57.4077 59.3152 91.9641 -73.2308 -60.8635 89.5386 83.1968 70.8349 60.1856 71.0203 -6.1336 -66.0870 -87.3913 -73.6725 -70.8955 43.0969 77.1458 -97.3487 -57.1058 56.2999 82.3841 87.8197 15.3739 98.8718 -14.8484 -70.3909 -20.6587 90.1565 -88.5101 56.5959 -69.2574 76.0542 83.2188 19.3580 -25.2521 -42.7643
-46.0417 32.9731 -86.6892 70.3419 28.0432 -6.7088 77.9301 1.4809 -67.3794 -63.7873 86.0751 14.4320 67.6775 27.5377 -44.5572 -85.0620 77.1480 -63.0817 30.9229 94.1364 69.4279 -8.6448 63.5139 33.1934 -24.7338 37.9207 -99.7574 -80.8553 61.0963 -33.4672 35.1923 3.9162 10.9469 31.6671 -35.8249 21.7058 -30.4627 -55.2202 -63.5542 43.1103 9.0764 -47.1737 -73.9560 64.5940 -22.5573 -9.3635 20.6548 68.1072 30.4510 -22.8345 46.4395 -22.1754 -46.0536 -85.9375 42.2760 80.6139 20.0524 61.4932 82.8960 -16.7034 -79.9977 41.2231 43.4159 40.5346 -11.8548 53.3660 47.6821 6.5490 -22.1021 82.2149 -98.0873 81.7310 -13.2635 72.9776 -92.7453 14.5309 -26.5121 89.8792 44.9158 -40.0960 37.2735 5.2033 -28.1552 -36.3574 -4.1878 -58.0080 35.4572 14.9267 63.1145 -94.9046 -62.0026 -68.1501 -18.8225 -99.9452 2.0692 18.8303 -3.4127 53.6673 67.2379 -82.8459 39.3863 33.4976 96.8686 40.1058 -44.4659 96.5252 -68.9037 -27.4146 86.8974 71.9419 -64.0731 45.0544 47.6196 53.6972 -99.3257 -89.2211 30.3997 -12.4955 69.7921 -52.7275 -20.2760 -10.1209 -25.9693 82.5551 33.3653 90.8876 92.3781 5.2484
-69.6754 -67.5824 -41.5012 -55.9731 20.0538 -67.6667 -15.2606 85.6350 -6.4551 -29.0650 -24.2390 13.3816 -15.2680 -11.0036 14.9400 -38.5434 87.2995 67.9327 -44.7063 -37.6506 -83.4580 -73.4296 59.4276 69.0028 -22.8076 -56.5753 -21.6694 54.7986 -21.7318 62.0232 64.3280 -18.2601 -99.7592 90.1934 -49.8741 4.1218 -79.3135 -77.0042 -34.2275 -87.3803 89.1641 -2.6801 -8.3392 -44.2278 -48.7599 94.6382 64.1161 -69.9767 -68.3770 -90.9379 -66.7538 5.0224 58.5059 5.7716 -11.1784 18.2266 -69.6993 -18.2834 81.6100 72.5314 76.5225 85.0743 -48.4465 -86.2571 48.4030 -94.9376 -20.2712 56.5535 -99.2963 0.6833 80.1538 -16.5046 41.8462 -81.1805 72.4992 -21.7403 -75.6131 50.0952 7.5554 -56.4263 -61.9793 -29.2120 50.3620 71.3083 6.4289 18.7824 82.9820 -20.5810 96.8448 41.4065 -89.1956 46.3370 52.8104 -26.0353 68.2012 -14.9261 -62.6843 -91.2076 61.0256 -84.8679 53.1311 60.5848 -73.3966 54.7581 53.6672 -17.9455 53.5255 3.3480 -82.4122 -7.6368 -84.7974 40.2921 -23.7572 78.4427 58.2641 -16.6932 93.0605 -47.5567 54.3901 -67.7779 -43.2321 97.9468 92.9075 -99.6509 -49.3620 -88.0682 -98.3849 -18.9063
-11.3133 53.2943 -99.0976 48.3079 48.4894 22.8754 -70.2874 -11.5019 45.4652 -85.7163 53.4593 -69.3363 35.2484 -73.2001 97.5366 -63.6624 -13.2619 -45.3242 33.7515 -14.7218 95.9759 -31.3382 -39.5712 -18.9297 -78.9205 76.5755 -44.2325 -70.5800 -20.1405 -75.5279 41.6328 -8.6553 -73.2132 85.1417 95.8301 98.8803 -68.0822 -57.8074 91.8842 8.0665 56.8612 25.8670 -20.4891 -89.6132 -71.6939 85.1775 -47.7305 -1.8253 1.5258 -81.1321 27.4537 -36.6950 1.6615 -54.3771 -29.6367 -31.6102 76.8948 25.5116 53.1451 -74.4110 -75.8540 -50.9652 -97.5312 -26.6425 -85.9633 -44.4357 96.6170 -97.8540 97.6007 23.7096 -39.9040 -36.0917 -1.6707 -16.4988 13.5619 -44.6600 27.4561 -4.7207 -72.1690 -54.5722 46.9470 -33.4083 -84.0206 -81.4389 -52.9171 42.2277 -76.2222 25.4903 -32.3925 61.6239 30.7130 79.2686 -75.9058 -16.3049 55.7267 -28.6582 91.5084 -66.3306 66.3732 72.7743 43.1771 -63.0208 3.8512 44.4917 -1.3250 -73.8903 45.2512 78.3879 -51.3653 -37.3653 -87.5231 79.1850 81.1978 -41.8785 -39.7566 -90.4378 6.0277 94.5641 -50.4439 -56.0077 -88.4375 -70.8966 94.4166 6.6844 36.5182 27.0307 94.0998 49.2146
82.1686 -30.5050 -10.5045 -92.4149 62.2784 -33.9541 -51.7539 -35.3755 93.0493 42.2060 71.9291 38.9999 99.7207 6.2540 0.3409 -53.7393 72.1493 -90.8586 34.0632 -12.1853 17.7214 44.9613 -32.1964 98.0946 80.1980 24.1507 87.6460 81.3011 40.1014 -25.1687 -68.7127 63.7321 31.9368 -26.5687 -95.7266 11.1026 7.8843 -96.8447 -22.3704 -67.9197 11.5649 55.5043 -1.3497 -61.9860 41.0629 25.7111 -99.8395 66.8159 2.3743 91.3325 -33.5239 -56.6287 -36.1486 91.0097 38.8068 -39.0134 -62.2507 20.4013 55.4859 -28.7096 68.9789 80.0283 -13.3990 -2.2695 -8.1753 21.8257 32.6577 -5.7776 -44.3845 43.2550 76.2609 -39.3694 -73.0959 -66.4753 -34.1262 -26.9241 -26.0191 33.5378 1.8017 -49.6827 -50.6169 -56.9203 15.8904 -77.5917 3.9678 -79.3771 93.6829 -11.9374 93.9061 -16.5182 -98.3332 -50.7862 30.3956 8.3110 -30.6333 69.6814 -47.9965 3.2396 -3.4618 -12.8525 99.5731 -81.8951 -0.2961 11.5250 -87.3877 52.2296 33.3718 27.1466 -79.5025 -56.4191 87.1302 18.5595 76.3136 89.4463 20.3079 -6.7730 -34.4190 86.9621 67.7695 -49.9772 -33.8336 -15.1688 -30.0495 -15.7328 -95.5633 17.9442 8.8791 66.9761
-93.4393 83.3709 18.5799 52.1001 50.6547 73.1361 -72.4291 38.7525 98.4920 -49.6612 -85.9332 -66.7331 -87.4481 -33.4216 -39.9762 -43.4224 71.7808 -36.6636 -74.7122 74.5677 51.7177 -52.9245 22.3135 71.9003 6.3839 45.0739 27.4153 -35.9235 -20.6478 -88.4352 97.4963 57.6438 -40.0174 54.5165 -0.2169 34.1025 -38.9882 45.4525 -3.5782 49.9984 48.2651 28.0994 88.3955 25.4203 79.9771 -35.6896 53.1419 -53.5100 27.4287 -6.9010 -4.5435 33.2837 87.1124 30.2648 -76.8063 49.1122 1.2899 99.5602 70.2257 49.9563 89.0294 82.7398 -35.5855 -55.0076 -95.9723 33.1601 94.0280 -15.5370 -32.9739 -38.7656 47.0632 -46.3005 55.1948 4.4496 -40.9544 72.5706 -25.3145 -79.6145 49.1756 -19.1136 -25.6559 2.8289 58.8898 -66.9343 -66.5714 -55.7462 -55.4614 -88.1404 -61.8923 -53.8087 36.4255 -52.7747 73.7992 10.2740 -71.6815 28.8879 -30.5894 86.0845 -29.0587 -50.8834 16.9533 37.6637 25.5420 -1.6650 88.0082 48.7230 -82.0926 -44.5195 84.5584 68.5818 56.3403 -56.0109 26.0977 94.0278 58.6593 -18.4133 70.7426 -67.4348 -14.6545 -83.6157 -90.4517 -3.9598 94.7326 27.8426 50.5891 45.7818 49.2060 -52.0556
27.2485 68.1080 34.9329 71.8798 6.2533 -41.1132 3.7947 -65.2285 76.2448 -27.0350 98.0229 -88.6257 -43.8400 72.5500 -4.7166 56.6085 32.2477 -24.6324 -78.1307 40.6424 -1.8465 -57.8862 -26.6351 -26.0258 43.4175 40.7147 81.7097 67.8880 21.0203 88.3952 14.0329 78.5176 16.1830 76.4162 64.9989 -39.3799 -32.7628 -91.2458 55.4546 -98.8643 -96.4184 -69.1047 -8.7378 50.1284 -14.6776 0.0102 82.7697 -74.5176 4.7373 -25.4747 3.3514 -8.8129 -44.3496 88.6629 68.6730 -39.7568 16.6514 64.5709 70.2528 95.6613 70.8314 -78.1945 -36.7765 -8.1428 68.6481 71.7819 -4.3141 14.3701 -82.8521 -38.2515 -99.0299 -63.1108 -63.8085 83.5396 6.7207 -90.2961 16.9806 -80.0836 -75.5842 61.9296 55.2203 -56.1080 89.2757 33.8149 -74.1013 23.9582 48.8236 -54.9543 8.4655 47.9372 96.9321 52.1566 24.3863 43.6723 55.6491 9.6993 -41.7733 6.3972 81.1453 50.8161 33.9087 -98.3110 -16.4509 46.3484 29.5510 19.4163 87.5276 54.8730 7.5231 74.1433 64.8810 -26.8026 31.6268 9.7414 78.1429 -1.5572 81.1992 77.9470 -2.3052 -92.2192 -50.4828 -28.7214 84.8997 -29.8964 24.8116 -91.9533 -9.6547 -24.3884
92.0798 -0.3492 -6.5592 4.9514 62.4363 61.0184 -60.8706 51.3205 -92.3006 87.7132 -98.8218 9.2372 -22.4761 66.9929 -25.2513 -16.0828 -32.9878 87.6993 -44.3712 48.1823 -23.9085 85.6576 -78.4637 -99.5809 -68.2962 5.3349 94.1232 32.7947 34.0529 -51.6440 32.5683 -61.5226 -81.3862 83.2021 -70.4868 24.6885 -56.1788 -12.7801 38.1203 30.8435 -15.4588 89.1122 50.7383 5.2280 -90.7503 -33.5761 -90.2222 -57.5231 0.8086 -48.1671 -86.1920 -36.8648 75.3701 41.1369 -52.3330 -23.7185 28.9584 75.7605 72.4169 -19.6286 -29.0317 59.3447 -16.0116 68.8781 21.5255 19.5677 -46.6200 -27.6595 48.3905 -52.1692 -43.7315 -38.2167 92.1318 -59.9863 -7.5447 22.1321 43.6995 17.1191 -3.2813 0.3835 -64.1683 -8.1555 -29.7728 -94.9920 -13.7941 -69.2672 1.3401 -35.4694 4.4248 10.8357 -50.6359 27.5655 83.7569 97.3695 -4.3763 1.6390 -34.9648 37.4870 -27.8267 54.8464 84.8322 48.9018 -63.6215 37.7913 -8.4699 -53.5221 -91.2662 62.6722 97.6865 -70.0981 -5.4885 25.2834 22.4410 -95.4657 -38.4601 41.3224 -23.2604 -57.5432 -38.4633 -39.2771 -65.2807 1.3326 -1.2742 56.5997 -3.7111 89.6373 23.0593 6.7962
57.5014 5.3993 -35.2640 63.0860 88.9239 35.0624 56.7719 94.5494 -93.9733 -30.4265 -45.9804 21.7357 -63.1255 -32.2775 -85.1028 20.8068 -76.6458 0.8408 78.5352 81.6924 31.9051 98.0950 -89.2305 14.3219 98.5116 99.5578 93.8450 -99.8712 -0.6660 -21.6121 -50.4879 -86.6559 -86.7544 50.6797 -60.7454 -42.5599 -48.9946 55.0922 41.6228 -56.0792 77.1738 63.7298 -82.7614 -38.5239 72.7077 18.8339 44.1843 -97.7960 -80.0203 -58.3922 89.4211 -42.6320 -88.9464 83.1676 97.4052 -37.1273 -32.6963 -88.3002 -67.1609 63.7485 -93.8838 86.3535 -62.8886 26.1431 26.3119 81.2715 -52.9086 -96.0552 -72.2961 -75.4695 -49.8431 -22.1132 -19.4097 91.0780 15.5040 -80.3383 -82.2680 -13.7722 -16.8519 17.3941 -65.9268 93.0084 31.0671 71.3081 -81.9583 -37.8203 -56.7035 -97.5067 50.2922 -58.0072 -29.1869 50.8914 -16.7281 -46.7887 8.4073 47.3380 -55.2528 -4.8037 -61.3139 47.2135 -75.2353 17.8718 52.5540 -61.0831 13.9449 -86.1248 -75.1800 -98.2727 -28.9951 18.8762 40.0037 -38.1159 -59.2383 -71.5704 8.2301 -30.5050 88.2056 70.6895 85.7679 -47.6620 26.1994 22.7534 44.6623 -1.8505 92.0842 60.6343 -4.8770 -23.7099
-17.6460 52.9756 22.5959 -32.4639 -90.3858 43.6933 -96.9132 -37.4295 44.8578 -51.0740 26.3173 64.3076 31.3682 -1.9550 -5.4456 -17.3592 18.3741 82.7629 97.4743 25.9929 11.8448 -34.4215 -58.9562 -51.0360 -78.7418 -68.3969 -12.3080 0.1107 -1.1732 -12.1771 -20.0871 -27.9527 14.6321 44.2470 7.8762 -33.9296 38.4129 30.9821 84.3657 84.2061 12.1689 2.6902 -58.8754 92.6821 0.0036 78.1301 20.4579 8.0199 -89.7605 54.4248 -36.8013 96.6559 16.9664 30.2220 44.3074 55.6350 -70.3649 7.6204 -54.8606 -46.0583 44.2459 42.8260 47.6358 6.0511 -75.7846 -59.5182 65.9750 31.2745 25.0429 -8.4545 45.2075 -60.5722 24.7441 39.8863 -99.8725 -62.8814 -58.7677 -2.8949 93.7766 48.7680 93.1641 -78.2115 62.9305 48.1771 60.3450 19.5945 -50.2095 -90.9748 89.9053 -33.9384 28.5090 -69.1071 73.6254 -7.0370 35.6231 88.6629 -86.9024 19.7663 20.0395 25.6889 -96.7888 67.8596 93.6875 -35.9757 -36.7008 89.6203 43.0042 47.8699 -41.9571 18.6605 7.7757 10.7189 -97.4657 -15.4104 14.6032 -51.0457 -33.1530 53.3047 52.9120 72.5023 82.7523 13.4349 -92.4142 -88.8022 61.0673 -97.4543 -4.8089 -99.2468
23.9717 8.2716 63.4681 53.5837 -41.1348 -50.7802 -91.1890 57.1792 24.2567 -79.3601 38.2301 73.9498 11.0803 -7.9951 -40.3716 65.0829 65.2457 62.0694 78.5200 52.2904 -80.7330 -91.1593 -53.8429 -61.1205 15.8956 20.0698 -72.5519 23.3546 97.0524 81.7785 -58.8737 21.2829 -36.6970 86.1965 92.0397 48.1827 -84.4454 33.6945 -38.4685 -21.7873 52.2657 -56.6884 -20.7913 -15.7093 -83.8737 -52.1410 71.9514 79.3531 6.4510 17.1305 38.7284 -25.9933 27.3443 -98.4755 66.8661 40.5945 -42.1933 -99.3889 36.0582 -4.1890 89.2722 -79.0047 -80.3687 -96.9360 -98.1767 73.3871 60.6928 -73.8111 -72.6757 58.3038 -48.5357 -68.8684 16.4996 7.1650 -49.7913 -92.7722 -40.8516 -80.1994 -53.7435 -30.9229 35.1489 -78.6100 43.9857 28.7571 31.0251 -5.3717 58.3341 90.5810 39.6369 16.0693 -48.6671 -64.3428 -72.4476 93.7731 -53.0595 -83.6895 95.9280 69.6343 88.3403 -7.8479 45.3328 -71.7556 -12.8538 -17.7336 96.4049 -39.1980 97.7102 37.9461 -33.2634 88.1418 -66.4462 64.9821 -93.1069 -39.2580 -1.5188 37.5016 25.2896 -96.3101 72.0007 -38.6138 -84.3141 -25.1802 29.5425 28.1521 63.1242 65.1704 11.7168 18.7067
-92.2637 11.5735 77.4930 35.3334 -73.7303 56.7234 -10.7428 77.0322 -67.8244 -28.6629 60.6651 -89.0990 24.8691 14.0758 35.0995 29.2338 -25.6429 56.2076 56.7515 -63.3244 23.1110 61.2169 7.0235 91.9508 -99.8101 87.5704 -92.7672 -48.0484 23.2455 -1.3766 73.9715 24.2364 43.1242 -84.0411 50.0322 30.8944 71.0486 -91.7689 3.5098 44.0087 -19.7810 -28.4274 19.7938 -41.6975 -31.3345 39.7642 -69.4238 59.1665 75.4838 25.4295 -45.5322 83.7481 22.2143 -63.8929 57.0125 28.6860 92.6323 93.6795 7.4446 -9.0842 16.0368 78.2117 4.8326 43.3898 -93.1957 24.2227 68.6571 15.8133 -91.0977 35.1110 -76.4345 -82.7527 61.8994 -22.2813 2.8241 -63.9968 -78.3377 7.6744 -16.3667 85.7831 65.6278 -8.8245 -66.7016 71.6684 15.3813 -5.2022 79.9047 -74.0959 90.7225 7.3956 -1.4373 58.2132 -65.9847 -40.7649 -16.4227 -48.5141 84.3331 28.0265 30.2096 82.2147 -94.7360 30.9014 -27.1016 -60.7816 -65.1026 72.2388 -48.8137 -33.8973 32.8556 -31.1087 -82.6793 -55.5855 93.8741 -40.1927 71.0590 -59.5298 13.3166 97.7982 -56.5276 -62.3458 -4.9359 -83.0998 -11.1987 74.1864 87.1925 -91.4383 -67.1116 81.9283
92.9051 94.5958 -55.0343 30.2249 15.1941 74.9956 76.3329 -13.1558 78.0037 -80.5903 -47.1592 -78.0247 66.1138 -40.1248 37.5022 68.9368 0.1190 -67.8236 -54.9601 -48.6064 67.6584 -23.2090 63.9331 12.8736 27.1657 36.9396 -5.2567 -15.1476 38.4938 -71.4182 -72.6504 -44.9731 -46.6589 -54.6420 -46.5660 31.0685 -83.6535 12.0750 44.6421 -78.9072 54.5123 -19.8611 88.9849 -97.3797 -15.1207 54.6608 -12.1168 11.0257 93.9319 29.6168 -73.5746 -4.2958 -26.4089 41.1971 -18.0760 16.4321 -71.2242 -19.4141 -54.8730 23.7012 13.3438 19.8794 8.5171 -16.1873 -73.5001 13.1006 14.1993 5.9999 -73.0247 6.6629 -80.5422 -26.6281 -33.4751 47.6441 36.9013 54.6173 92.9676 21.6021 -90.1074 -14.3773 -52.2877 39.4987 -98.0408 95.2451 16.9673 -3.9316 -2.0122 -81.9049 91.8961 -33.1414 76.9613 54.6125 -37.4911 91.2325 67.6285 27.1700 -34.1338 -74.3860 -87.0681 -66.0299 -31.4541 91.2847 27.9745 -32.3435 45.1094 -33.6554 -98.3468 75.0202 64.6945 17.3340 -15.5376 48.3102 75.5952 -45.9337 92.2099 -59.9161 -74.9734 -62.4026 -56.6714 -23.9783 -5.6830 -83.9720 -17.1745 -20.0969 -53.3702 32.3405 20.5240 76.7318
-37.8059 1.5835 47.3610 -71.0533 87.6944 -39.0889 -41.0600 78.2911 43.0786 -47.2489 29.9988 95.6321 -89.9980 -0.8456 30.6605 -54.9961 -49.5080 -25.1891 70.7940 19.4542 -10.0329 -15.7572 -1.3640 0.2202 -6.4408 4.4156 37.4439 -83.5145 39.2632 40.8301 -4.0550 -85.0475 23.3931 4.8720 -9.8623 -96.5525 -50.9189 -36.8208 -74.8281 -88.3543 52.9772 -68.8183 71.7016 -38.0911 -13.7174 25.7983 -45.8316 30.6566 63.2480 -50.3111 89.2261 60.3675 57.5625 82.9767 9.7800 -39.5547 -31.6863 -89.1852 -61.8820 70.1261 -40.8810 0.2041 78.0110 20.9780 69.4471 66.8471 -52.4424 -62.8300 -34.8653 -54.2482 51.8709 2.0248 -28.1199 -66.3862 31.7725 -52.2642 -37.0015 -91.8263 54.5968 -78.2568 -28.5564 25.4730 -39.7035 -38.1783 96.5244 35.7060 68.3173 -16.0495 15.1253 -1.2121 -63.9171 92.8501 40.4371 22.0063 79.2303 85.4530 74.4340 -71.7319 -54.4190 10.3728 60.4233 57.4783 33.7021 65.2727 -42.6917 -95.6985 41.8999 75.6860 -16.1499 58.9238 -63.4921 87.3391 71.7173 27.1490 -49.8548 -10.5084 45.0149 2.1122 9.2341 66.0610 7.7500 -18.5643 -89.0539 74.5515 -44.4056 9.6441 26.6561 68.3604
82.3104 -0.5565 70.8284 24.3672 -86.0671 16.1765 89.1227 67.4170 -11.2713 -76.6843 -1.5039 34.5916 -55.1122 -62.5820 -44.9407 36.3409 36.5051 41.8926 -4.6131 -42.1795 -49.9117 74.3089 35.9231 20.1051 -64.0198 -36.8602 -28.7849 70.9009 -20.9211 65.6803 -23.2247 -32.1730 48.7156 26.5171 -97.6394 -11.0842 3.0887 -82.2524 -78.8561 40.7169 -73.6805 -39.8563 63.6319 54.3472 -43.7882 81.7385 -83.4863 -96.3046 73.9160 -56.2678 26.0464 -15.2096 -64.6113 81.2468 -48.8794 -31.6691 0.1501 -40.4057 -78.3739 -62.9494 44.9756 98.8529 38.5701 62.2118 15.2412 -93.6509 -24.4465 79.6341 2.9707 20.3145 -55.1039 4.1152 63.6703 -93.7731 7.4735 -11.8960 23.6663 -89.7565 71.0438 7.8116 -81.2538 72.5508 20.8327 7.6830 4.8618 29.4501 -78.4197 -78.2707 -60.8321 -29.6126 49.7252 -24.7594 -13.7821 95.9261 84.6668 -61.5472 -65.5596 -97.4686 -91.2124 22.0618 71.3580 27.3734 37.3000 16.9393 97.0298 -16.4312 50.7719 -77.8691 45.9933 -47.4627 -20.9154 31.1037 50.8633 -96.8013 -10.9328 88.7165 -0.9114 27.1922 -5.1386 -66.8152 19.0120 -93.1915 -8.3866 -93.6596 -1.1366 51.0623 -45.2486 32.3813
40.1743 -39.7551 -26.2778 89.2615 13.2439 32.1468 -25.7501 -91.8148 -41.2062 -66.2412 67.9658 -42.0488 88.6588 10.3039 38.3151 -60.7193 4.4639 38.0269 -66.2480 -6.2186 5.9096 -38.2536 -59.7413 -25.1733 36.0368 -43.0945 42.4388 43.3118 74.0333 -11.2029 -30.3923 1.2430 54.8313 -17.8743 -83.7470 -64.6604 50.0955 50.3052 92.2598 21.9968 -9.7140 -93.4476 86.9857 4.0312 -85.0839 -1.4413 2.7501 59.5631 36.3883 -70.9485 80.6634 -29.2492 -73.0704 -32.5414 -21.0595 -38.6465 -0.5206 -99.5238 -60.0365 63.1815 23.2030 63.3083 69.2772 -21.9163 -49.4156 -66.3586 -30.3781 -0.3940 6.4781 -59.3711 -12.5087 95.5378 7.3091 -86.7202 -91.8751 52.1100 -45.8140 9.2831 70.6587 -23.7367 12.2118 -30.5581 -85.5357 63.6893 79.1898 51.8454 -49.3200 -16.1667 -52.7183 -27.9005 43.5200 15.3293 -88.2604 98.4979 68.5122 -49.5856 39.4984 -14.5536 -92.9572 -21.9834 -84.2094 -46.0261 -84.2497 -56.5537 80.9276 -46.8343 16.8488 -28.3872 14.6491 88.3813 -61.8166 31.1598 73.1915 -52.3792 43.3685 53.0235 -75.8540 -35.2996 78.3643 -5.9688 66.2414 99.6960 -91.8948 6.2883 -85.0719 -82.7750 -53.3519 -15.2227
16.0117 -58.0591 55.3116 64.5613 -68.3119 14.4797 42.0861 58.5412 -14.5019 8.9768 56.2248 -5.3422 56.6693 4.4635 24.7119 16.8164 -53.7043 -62.4992 99.7766 5.5131 29.3544 -19.7318 -37.2988 43.4634 -0.2512 9.4278 25.7528 -98.6580 40.9320 -54.5016 11.3458 -12.5937 -60.4331 -60.3950 -53.4393 79.6165 41.3235 68.5265 -58.7211 -70.0563 72.3374 -62.4753 -31.1246 -98.0509 64.3883 -4.6130 -75.8519 27.9923 73.1993 21.9741 -22.7145 75.0782 50.5675 22.6007 -48.5136 -54.1629 66.4187 -92.2905 -68.9517 8.2564 28.9261 87.8976 87.4251 -16.0262 92.6914 80.2722 -56.5791 -69.4192 18.6953 8.2420 5.6318 84.6762 42.2254 94.7384 -17.2346 34.9645 96.3818 -21.8437 -48.5063 -39.6104 -51.2860 70.7813 48.3194 43.6042 82.1225 -65.1815 58.5280 -65.0390 7.5844 -70.0615 41.6343 80.5392 21.0563 21.3790 -59.2988 25.6847 67.1590 76.8171 -71.9190 -47.3187 33.5213 16.0855 -30.3688 53.3386 9.9914 -39.8651 -17.7040 95.3827 58.5871 88.0192 -99.4662 -61.0092 -52.2077 55.1682 -15.4904 37.3315 50.0094 -20.2586 -93.5567 66.3457 0.5790 -43.4723 -28.1140 44.5475 26.1055 -14.8907 -76.4540 67.4754
-78.4058 79.4590 61.7508 -76.2162 -75.0928 -92.6852 -74.5764 88.7068 83.1304 98.7134 -5.6120 81.4198 -9.5332 95.7195 76.7974 77.3170 96.8345 7.9079 -17.7341 9.8363 -81.1633 -5.6819 39.3167 -33.3307 -26.0750 -63.1376 59.1190 77.9833 -17.3721 61.1434 -91.3841 -73.4690 99.4613 -99.1066 26.7718 15.3888 -76.8875 40.6830 -94.4124 -36.3912 84.6748 50.2549 -90.6199 75.1269 17.0760 41.9487 -79.1194 3.7276 -20.0421 10.8362 -83.4254 -21.5517 -55.9536 -93.6683 64.3972 -22.7814 -62.6175 -89.5005 -33.2480 45.7835 39.9346 97.1071 -3.7245 -97.4525 -98.4541 39.3248 -80.5283 -51.4899 6.8759 18.3604 43.0491 -75.1319 52.9106 -96.2968 78.2197 48.3680 -24.6505 -85.9677 29.9133 -11.4140 -52.9252 71.3139 81.6673 52.3078 -16.7948 85.6708 -4.7398 -90.9656 -46.1344 -92.5194 84.6959 92.0410 -57.0890 93.9862 14.2617 -83.0864 -75.6252 -52.5218 41.1143 59.7246 -81.5543 59.3833 -42.6370 13.2113 -12.9142 30.4002 -95.2666 8.3201 -92.6350 -15.3264 -45.0816 91.9449 -95.6527 46.6385 -27.0138 -99.2171 30.4936 -34.3485 61.9616 7.1785 82.6192 -86.8417 -5.1375 42.2709 61.5654 -72.4451 27.4553 -91.4325
37.6101 -87.2472 -93.9805 87.0160 35.8216 -10.0720 -83.9561 -7.0442 -98.0842 25.8052 -94.3388 91.1794 -95.9980 31.8234 24.5404 -18.4855 42.9771 -44.4838 49.5565 65.1940 1.2508 84.8115 -29.2880 -88.1684 -91.9387 -1.0254 -9.1235 -85.0619 78.7870 -5.0321 16.0098 -94.1143 -88.1554 97.6360 60.8017 -9.9373 -67.9817 -62.1229 -88.5923 15.9594 -17.5751 -62.6170 23.0479 -76.1794 -65.7189 16.0775 32.1746 16.9156 -45.1938 -13.5312 24.8661 -76.2800 -64.8201 -25.1314 43.2525 -97.3282 -85.7586 63.9685 -36.0120 56.7963 -54.9557 -33.1558 90.0983 12.5162 14.8156 -5.0483 75.0478 86.3790 61.2851 -8.7155 77.3203 -59.4867 -61.9754 -41.9340 22.3989 1.6822 -68.4894 54.9713 85.3813 -84.5593 -51.6580 68.5316 -63.7018 -11.6236 -90.8181 10.4996 -53.9908 55.0855 0.6545 76.6541 -11.4559 3.0279 -73.6052 39.6722 -19.1166 64.3845 67.8574 81.3854 -5.9973 -49.6973 55.4279 -55.3674 -76.4806 13.4661 82.9375 97.0681 91.0223 37.3281 75.5323 25.8548 -27.1719 40.2118 2.7692 -19.1289 -54.1796 -19.4848 -61.4930 -18.9183 -54.5904 -5.7616 -26.2949 90.2362 96.1790 -53.7954 52.1695 -78.0884 -52.3502 -30.1884
-99.5697 59.5456 69.3495 -56.1259 -30.3184 -93.1160 -43.8731 -70.4471 -12.3461 47.4279 64.3960 54.3964 -8.2115 -39.2797 63.2171 79.5079 18.3631 20.2657 92.8622 56.6436 31.5200 41.6718 43.5342 -57.6768 -66.5417 -28.0521 -44.2728 -5.5136 -62.8822 -20.9220 48.2098 -34.2833 90.4740 34.9818 -97.3875 -97.8332 32.2231 -71.3154 -64.1725 -49.4380 -21.1708 -66.6774 -24.4386 -34.5381 -98.6009 18.1746 59.4902 76.5599 89.7168 1.3527 -61.1606 12.7887 27.7246 -88.0892 75.9549 -6.2921 -70.7481 48.8683 89.7206 -32.2506 -42.8968 -78.0016 26.6785 -77.9688 81.2733 72.7441 -85.6114 9.0542 -50.6043 -39.3870 -44.3240 6.3440 -48.2539 -78.4315 -41.6923 -86.2564 74.3341 41.4036 67.4302 30.7816 2.7234 -16.1224 94.6673 -47.3101 -65.7117 -36.8749 -0.3328 18.2520 89.3124 -43.3288 -32.1035 -1.7628 -4.1903 90.0832 4.4001 -61.0470 54.3022 58.2480 0.3614 84.9719 -14.6969 30.6689 -56.2007 -55.8090 -98.0885 32.5334 81.1455 -10.9932 -23.5133 26.2638 -74.7990 -28.1506 -0.8870 -31.2988 -70.5524 -86.0137 14.1558 0.6484 -91.6522 -2.8990 -24.4851 62.3340 -55.8169 -93.0569 7.6992 44.2200 -5.2818 14.2511
-42.5936 15.7232 60.5579 34.0213 -10.3374 -92.5409 -14.8607 93.4235 79.2651 -68.1592 56.4746 -40.6787 -96.2383 45.9407 -67.3870 -6.5525 22.7409 70.4498 -16.8670 -3.4356 22.5075 99.0282 -64.2603 -26.3973 -54.2988 -87.1747 95.2888 -29.5759 -81.7714 -50.2439 -36.6848 -43.4703 50.4672 90.4734 34.4564 -26.5941 93.0537 1.5225 98.1139 -82.0676 83.9924 -13.6910 -41.6957 0.0338 19.4131 20.5416 73.1840 77.2524 65.4649 -55.8422 25.9316 84.3258 18.4705 52.6355 -83.8416 25.3558 -60.3125 32.8589 57.6896 94.2554 69.9521 74.9132 27.6064 -4.2231 -9.6634 -78.7244 94.9059 20.7965 25.6507 76.0074 96.9103 -48.6186 -55.6546 -54.0706 -41.2616 -40.8038 -30.5487 41.4131 -14.3138 8.0148 97.6296 -47.1436 93.9043 -45.9716 -21.3398 38.1684 -71.3047 23.0662 82.2197 97.9239 72.8718 84.8383 -56.2482 56.6669 42.9710 -55.3998 -48.3253 23.2612 52.3704 92.2193 8.1587 -62.3913 -55.7811 61.0184 32.7820 -78.3996 16.8508 81.4871 63.0881 -75.6430 -5.1550 92.2813 27.6991 37.2645 -34.2595 78.7776 -65.2682 91.0620 91.0740 65.6081 -21.0296 90.4997 -21.0328 -11.2148 -38.9028 -88.0684 -94.7020 -2.2751
-94.1144 7.8442 90.2001 56.4559 -34.4616 -71.3061 48.3740 19.4708 -75.1727 26.6462 43.8858 -39.1144 -74.9792 36.1431 62.0208 -63.8374 48.9566 2.4895 -14.4565 16.5131 28.6714 26.9014 -32.0058 -54.8826 56.4508 51.0375 80.5585 84.7959 -65.1654 -22.9706 81.5308 81.8026 30.4499 -67.2544 74.7328 46.9026 -61.3120 30.7044 -39.8287 -20.9811 -81.4418 -75.3599 67.3320 56.3299 78.1042 94.9109 68.9352 -39.2992 27.9455 -12.2394 98.1757 70.5168 54.3147 37.5910 -86.1953 26.2807 -92.5370 -4.6689 -52.8423 -76.3113 -65.9217 -47.1494 -44.1236 97.0535 27.8795 18.8844 48.5238 34.2907 40.4701 5.5420 58.3802 59.3292 -63.8270 44.6682 35.3774 -3.7006 -79.5747 -97.8178 43.4494 -45.9937 83.5892 -74.8502 47.7458 0.9300 16.2933 46.5047 -31.4342 -84.1278 9.6018 51.5899 4.5937 33.3532 -95.0807 -30.8233 82.5749 22.6847 40.7460 75.8750 71.8550 67.0403 -13.5422 -62.4391 2.6169 66.0162 86.7539 -47.7073 93.5839 29.3206 -35.0505 72.1113 57.6426 -50.7338 -54.3277 -58.0612 93.0291 29.7342 -28.8861 -7.0101 -86.3445 79.0506 -94.3096 27.5050 71.6916 34.6993 -53.6725 35.3702 18.3875 -89.5749
-30.4061 -18.3152 84.8155 -71.9225 -36.8378 49.3650 -49.0113 99.3622 4.6316 -95.8649 24.9635 84.5528 29.0469 -58.6017 99.3375 -46.2365 69.6342 11.9058 -86.3937 -39.6881 -66.8021 -17.7634 22.8840 -39.1148 77.1262 -37.1988 -5.8851 -90.6349 59.9146 -81.0722 94.1644 -31.1908 93.7260 -30.5306 -91.3779 5.5523 41.6489 -35.8219 -24.8304 -80.0196 52.6408 -82.1293 8.6206 78.0360 92.8146 -14.0699 9.7809 71.6235 -57.1474 -79.1687 -3.6161 -58.6741 5.8039 6.7805 76.8762 -85.0526 -64.1146 90.6566 44.0974 -74.7109 -22.2396 33.5519 35.8580 -89.8756 -26.2241 36.3748 65.6654 -90.0257 88.4858 58.9121 96.7665 -3.2420 -94.6799 -43.4305 -76.3443 -52.1012 -63.9692 55.0589 -42.1416 -12.8414 -72.0391 31.3336 -52.3394 -49.9137 -77.1888 -80.0233 -53.2855 10.2038 -84.3919 61.7603 51.7249 -99.1696 99.6875 16.5893 -7.2546 -53.5503 95.0936 65.4677 -37.6111 -52.5328 -66.3724 -68.6261 -91.7707 -77.3169 90.8890 28.8089 87.4518 -31.8379 -61.9711 38.0357 24.8239 -28.0258 -87.8802 54.1723 -12.8909 -67.7033 76.5248 4.5030 93.9610 -58.4304 -16.3085 22.0356 7.8639 52.1012 41.7201 35.0073 9.9198 14.1220
74.3238 -46.2905 98.8852 20.0652 -5.9737 -64.2313 -90.2120 -41.8046 82.4530 55.0859 -95.6771 61.4606 -49.1734 -67.4975 -44.2271 -88.3505 -58.3059 -9.3649 15.4876 -66.4669 48.0972 78.2027 -20.2532 -21.8245 -7.4074 50.7961 -54.3955 93.4718 28.3180 -80.6441 91.8260 -3.4211 32.3721 18.2037 -35.1380 -61.4364 -77.6190 86.6507 46.0105 -18.5975 49.7206 14.2919 62.4907 -8.9412 49.9087 -98.0064 -9.8957 -36.3341 29.4863 79.5918 11.9493 -72.1516 -48.7103 -53.3961 3.2339 32.8831 57.3509 88.2171 12.4205 70.4783 70.0099 80.3458 13.7911 61.2752 -18.7780 82.2287 -12.2659 98.3949 -14.2459 62.3380 -89.6722 18.6221 -95.1944 -79.5250 58.7689 -25.4098 -37.1378 22.6967 76.7074 -48.1418 61.8063 -14.9619 31.1378 -19.0407 -0.7687 -38.0551 29.6063 -55.0860 -66.7916 -8.0677 -72.6925 -35.1715 76.4969 -14.7337 -62.8226 64.7352 -55.8821 99.1619 -58.6277 -26.5443 -69.3036 -96.3043 13.7925 42.0439 39.4534 85.6587 -15.4439 4.1469 16.4320 -89.2376 91.7243 -84.9201 -15.7027 -29.1747 -78.1635 80.0330 85.2277 -79.4390 48.7743 9.5113 7.3798 49.5518 19.8428 -11.0115 85.4078 63.2906 -75.1853 79.0498
33.2561 8.8479 53.3269 -41.7424 20.1768 1.0748 61.2853 -39.2561 24.3009 99.9169 92.0708 82.3690 42.3228 39.0880 -98.6003 -45.2336 21.6219 26.7339 -79.8646 -23.1289 -69.8937 -73.6329 -85.6974 91.5831 -89.2749 85.8701 -58.3709 -96.5233 -31.8996 17.0087 -39.6844 -9.8729 -5.4750 -45.3988 -47.0400 -0.0442 1.4639 -7.1643 56.0868 6.6791 25.9775 45.2301 81.7361 -97.3575 -54.1888 -14.4582 -95.7294 0.7358 -68.8563 -56.6774 85.0543 40.9796 13.7722 12.8517 20.3446 64.7709 -26.8973 24.3259 66.8475 -85.7647 84.5241 -31.1228 -30.5170 -65.7581 46.5687 -5.8068 0.6022 -35.1950 -97.7442 -63.0547 18.9485 -86.4076 -6.5862 -11.6575 76.9987 -18.5748 -82.5495 -24.5029 -18.6779 -27.5454 13.6938 77.6302 -88.0990 -41.1617 -6.0869 -45.8482 -67.8372 -52.3947 89.4330 39.1847 44.5810 16.0232 70.7036 -6.6731 -18.3174 -26.6123 -6.0202 -83.8877 -18.9632 60.5625 18.3578 -7.9984 12.8224 15.7755 -99.5391 52.4750 58.3680 -76.7441 66.2027 31.0270 49.9454 5.1235 -19.5940 45.1764 54.0266 -79.6036 -28.5582 -60.1492 -27.2813 -4.9616 91.4230 81.6627 -93.6417 -2.7369 88.0802 -67.1728 -73.4504 67.0502
45.2285 17.8255 9.6926 -61.4735 73.8428 -36.5296 77.1291 52.0758 -44.0514 37.2029 -27.2786 -62.6655 0.3644 6.9876 -25.7926 27.6324 -50.3797 -98.3161 29.4681 10.5161 47.1431 14.2056 -9.1406 73.5688 -61.8887 9.6646 -89.7649 65.1960 77.5685 -99.8233 -37.2301 77.9433 16.4195 -28.5915 -43.4655 -47.8582 -9.3990 -0.8962 -15.2028 -38.9013 59.7624 -7.0303 87.1807 -88.1117 -59.2537 -27.7944 -4.2742 -29.4105 89.1420 -50.7572 48.3076 94.3549 49.2614 -27.5522 33.6526 28.9380 -53.6137 -84.6366 82.8743 81.1209 43.2488 68.1743 -55.6461 88.2531 22.4802 -48.3780 1.4540 -26.6270 -83.4479 -37.4003 -11.1474 -70.6287 -61.4976 -68.8268 6.9881 27.3176 -80.6282 -33.8143 -64.9198 -57.6691 40.4014 48.6881 -26.0379 27.1285 -78.3379 51.6281 -79.6848 52.9927 59.1578 7.9152 34.8336 37.0898 -38.9419 52.3597 -53.5738 23.6747 52.4276 23.8428 53.8921 27.9808 -66.6666 27.6129 68.6683 69.8503 24.2226 -98.8757 6.8075 -2.7563 66.1712 -15.8824 -54.7963 -1.8003 -39.5670 66.5655 26.3394 44.7631 27.6504 42.6072 45.2796 -85.1245 -78.7234 51.5581 69.8641 -96.0104 -78.1692 21.7639 -23.7813 -65.0216
90.5490 -43.5178 -31.3620 90.9029 91.1716 -89.9819 79.6821 13.7630 -90.4067 12.0356 25.0159 54.5781 -49.6954 -56.2892 21.1917 53.3475 -71.4866 -88.4591 -49.1931 25.4909 -68.0123 56.0743 -22.3467 76.1934 61.1349 -29.4879 -52.3505 79.1708 60.9270 -49.8274 83.5265 43.0446 -22.5159 64.8065 75.3189 37.9289 -7.0439 -92.3162 -18.6777 8.9481 -30.6671 -48.3062 58.8572 -74.4126 30.7394 79.0329 98.0653 -83.2549 74.4843 -38.3679 77.5239 -27.2254 -64.7377 39.4639 -30.6958 -7.7592 -33.7486 35.6338 81.3323 -35.6667 -46.9339 -71.4345 -67.9169 -1.3779 -1.9653 50.6277 -31.8792 -71.1949 -45.1024 47.6629 -52.3356 -85.9519 -27.3858 81.7229 72.6365 -20.3500 -97.1411 27.5223 -66.0807 -2.4487 -42.6951 31.1327 99.7907 -89.1290 -56.0182 -35.2313 14.0109 25.5832 71.3775 50.5642 -10.9283 59.6618 -5.1750 -48.1574 52.5375 -0.8231 1.6610 -92.0137 -95.8544 67.1732 -39.5620 -24.4520 -11.2173 13.3697 -97.4310 -75.2787 49.9310 27.7388 -34.9896 -17.3177 -3.4032 -52.7308 82.2308 62.8621 5.9947 10.5617 -80.8466 -87.1275 -16.8659 -13.4046 -46.6492 -80.3722 10.6980 3.9679 5.3434 -19.9382 56.7749 7.9722
-99.8256 5.8424 20.5863 -0.5853 -87.8207 -62.8913 59.8061 94.0960 10.6211 94.5872 99.9987 -4.8287 -39.8468 -43.1376 -65.5424 67.8375 -73.8596 -63.0654 -27.3862 95.5945 -65.2341 62.2552 -76.1486 -1.7414 -68.9168 18.2972 91.6874 29.3758 80.8391 -83.0778 -84.5789 -32.4172 27.9569 -4.6349 65.0458 -73.7363 66.2000 -56.3082 -46.4275 84.9651 10.9415 -43.2005 75.2997 79.4499 -54.8759 86.3493 -9.5927 93.3377 -83.1925 -84.2808 19.3254 -79.7024 32.2238 86.8815 41.1381 78.9323 9.1139 21.8960 -86.7940 -70.9156 -86.6372 81.3228 -59.2148 9.7175 -51.1381 -52.0983 76.9291 46.0268 73.4448 -51.1909 16.4566 -30.3583 -76.1696 35.3485 60.4946 -99.2088 9.4849 78.8598 -76.3307 27.9759 -31.6499 -95.0768 -32.1388 -69.2584 -87.0675 -0.2450 -72.6892 -87.9530 86.3572 -45.1217 -5.0927 53.7990 -98.7081 -69.3751 83.4123 -12.3578 73.6309 -79.8363 -13.1314 16.9624 40.9054 58.1692 65.9406 46.0612 -10.0500 11.6602 -91.4601 -76.7642 -45.9855 6.6088 15.5864 60.5970 -83.2174 40.1694 -69.8731 -35.9361 -67.5094 8.4735 -99.8032 -15.1291 51.5094 2.5502 30.5734 -43.0606 25.4967 72.7314 70.8052 -70.5255
14.2010 58.4405 -96.6518 -17.4419 -27.1691 -62.1101 92.6292 10.8165 -56.4423 -5.4509 -47.2792 46.6835 -25.3213 6.5869 73.4464 -89.3810 77.5581 -22.5950 30.8343 88.5139 56.1746 -56.7892 0.6258 -38.7037 -65.1446 75.3322 -15.5457 -60.4520 23.9890 -54.2655 -34.9032 -27.3415 -19.8144 72.0608 -78.6790 -50.7889 2.2016 -99.5172 -0.2331 24.4869 -77.0815 2.8051 50.8383 -74.4742 3.0154 98.1095 46.7795 -56.5678 40.7272 73.7938 37.9882 18.8795 -96.0127 -45.1725 27.2203 89.4116 -79.4994 -47.7222 -71.7847 62.7946 5.5640 -89.4116 -71.2433 -80.1735 98.9935 -39.7862 58.9105 30.8497 -82.2879 -90.5083 -0.6967 -39.4098 30.0123 52.0390 -60.3830 42.7476 72.0581 95.0065 -50.9809 -29.4396 74.4429 63.2053 -89.8114 -22.9167 97.0001 -66.2145 7.4108 -88.4119 91.9002 6.1990 85.8994 -77.9594 -85.6087 -7.9471 -41.9714 68.2765 -0.7669 -89.7270 82.2535 98.0166 87.2548 -68.9803 -24.5404 -13.8819 -33.4149 1.9287 -89.5144 34.5980 34.6599 -80.8739 9.7055 -50.4530 71.9073 -41.3100 -34.5873 -73.7553 46.6896 15.1627 32.0270 -76.5407 -77.2857 82.0092 18.8341 -81.7647 -98.7348 -35.0897 -47.4890 12.4400
92.5473 39.0518 64.8169 -35.1813 -57.3666 -35.3382 30.3773 -30.1533 43.0526 -75.8137 -26.5565 -16.5919 2.1576 59.2720 -23.9841 -21.2825 97.3077 -81.0141 -50.6075 -26.7727 -97.4448 80.9690 -41.4333 -21.9943 71.1213 -86.2322 -44.5111 -30.6103 97.0502 11.4081 88.5725 45.8530 25.0603 -94.2167 41.5015 13.7217 73.3361 -31.5599 -38.9505 43.8763 -78.9350 55.9178 73.9668 3.3568 37.2606 75.4856 -27.3237 79.1500 -1.2835 52.8171 69.1296 84.4898 -21.9193 -91.4580 -39.9167 58.8034 -95.3922 -90.7614 -16.6433 -49.6568 -84.4529 55.6533 55.7417 -48.1206 95.4878 44.1777 -55.4966 52.6230 -57.7165 56.1240 61.8880 -78.0581 16.0078 1.3496 -2.6600 53.9303 -44.8116 50.8173 14.2013 -2.0471 -46.6694 -96.4443 78.1407 -70.3391 8.1090 11.7071 80.4149 78.5375 85.9240 4.1261 47.3877 80.9937 -92.8414 79.3748 -42.8312 -72.3849 -16.5881 0.8339 99.5211 -5.6005 73.2150 37.8068 -88.7849 -60.5481 -23.8049 -26.5519 20.7245 71.4234 7.3169 78.8484 81.9568 -85.4805 -31.3773 -85.9465 -48.2712 73.2233 -15.6986 53.1692 31.8076 -75.3212 56.2885 47.3491 65.7738 -94.4116 -61.6178 25.5890 -62.5399 -91.4600
-37.1117 -33.8502 -78.1882 37.5693 30.0815 46.6452 49.2145 -16.8201 0.8773 -98.0997 49.4989 11.7660 -71.4013 -18.6148 36.0784 51.9371 37.1956 -16.9630 -44.5591 66.0710 31.2893 -21.3439 49.1311 4.0615 -73.7767 62.8404 75.9394 -17.1400 6.9191 -89.3821 -85.2409 -77.5542 -12.8159 -61.1459 -91.9999 -56.7753 97.0666 -76.6641 -68.0847 81.6639 -74.3180 -58.8946 55.3175 -66.8564 -4.0641 33.7845 -93.4081 -17.6842 -39.6788 -51.5640 -74.8899 55.0706 -67.8908 31.3133 -86.8540 70.5067 45.1548 -51.6100 -96.4890 13.7883 29.6064 -69.0446 49.7307 -49.1308 98.3973 50.6738 -96.9967 33.4040 -16.8925 -72.4697 -86.6978 13.0641 5.9298 7.5095 71.0097 -71.5982 0.8357 2.5763 -51.9256 78.3367 39.3935 25.8309 85.1536 -99.7779 67.2720 28.0184 -71.3046 -70.3288 -57.7693 85.5278 -68.8267 39.4939 -13.5565 -35.2558 -21.3453 64.0306 -64.4163 -1.8975 1.9560 -33.4858 -35.4480 55.8935 69.5600 -58.6343 75.2067 -31.1023 75.4721 82.8334 47.7377 75.7830 -18.6560 2.4413 93.0069 8.6443 88.8345 -16.4089 71.7095 -40.2148 -32.0827 59.6652 -3.5633 -30.1310 46.9904 -54.3777 -26.6853 17.6817 -23.2141 31.2675
-20.6836 51.0342 -97.0068 83.6885 -92.6268 -43.3058 51.4101 -19.9835 -36.4626 88.2977 54.6167 6.9270 25.9278 -84.6538 65.8770 -14.1317 64.6041 67.6977 62.6530 -27.3108 -2.2001 58.7250 1.2484 -81.3870 -19.1487 40.0914 91.7310 -6.3904 -14.5411 92.3559 -44.4612 -47.4436 -62.4201 -53.9092 -0.2343 86.0537 -25.3029 83.1035 24.4937 28.4921 -49.2925 93.9523 -54.8195 -34.4959 -20.9691 -36.3485 -80.3663 70.2173 5.1222 -30.0807 6.4962 17.9941 -56.9673 99.0304 -43.4445 -61.7476 55.9558 25.6009 -79.1698 -46.0769 28.8739 39.7536 14.7275 -33.8104 67.6763 -89.4025 37.8792 -32.7017 71.6808 -63.8406 -16.0123 44.1914 -42.5238 -53.5805 -14.1161 -43.7078 47.5615 1.9283 85.5403 23.3089 21.6656 3.3875 -21.2375 -92.0620 20.6759 -90.4681 89.7878 -31.2193 95.8756 35.0661 0.1644 99.5352 -18.9835 -64.8579 45.5232 7.6527 9.1330 45.4889 -38.7661 68.1300 56.0856 -51.5950 18.6541 -83.5541 -39.2617 -85.4466 62.3967 42.0877 -60.4927 56.9333 -0.2621 -14.0373 9.6914 -52.0043 -13.7911 72.2494 88.4105 -29.8591 -53.5572 40.3310 -39.8956 91.2146 78.6361 -48.1917 -63.1042 -55.1112 -82.0681 70.3595
20.5086 -61.2914 -13.1546 -87.4497 -25.2867 -36.6148 77.2874 89.1437 38.0062 -65.2962 53.8483 9.4689 -16.7505 82.0181 -12.1315 -45.4728 10.4964 41.1321 2.3250 -37.9219 -91.4917 -39.9621 -64.4962 70.3817 -84.0659 30.1111 28.4016 -92.5960 -81.3841 -49.5070 27.5018 13.2290 -49.7177 81.6693 -5.0473 -67.7484 -93.1679 58.3520 -34.1321 84.9824 -35.3585 -63.6161 -11.6764 -50.9373 -27.8065 -24.2879 23.6642 92.8897 32.8442 -7.1119 -81.5492 7.0983 -71.0569 41.7127 -13.4954 -8.8969 -38.9861 -30.4205 -32.9157 -67.5847 71.3915 33.7610 -37.5816 -63.1623 97.9601 44.1125 88.5973 9.8117 -33.7318 -58.4143 49.3981 10.0731 -19.7817 4.1387 91.6539 -27.0017 -46.1216 35.9088 94.8049 -39.9779 -50.4984 63.6372 -82.8588 67.3481 89.2898 -87.0506 11.9416 -61.2080 -20.0546 -32.5725 60.6947 58.8496 -83.9224 49.4402 -52.9210 -13.7996 78.8002 -74.7083 -85.4698 5.5494 -44.1494 58.4289 95.2539 -50.2350 -89.5546 35.8453 -59.6262 -0.1242 22.2483 83.4642 -9.5928 86.9210 16.0217 39.9257 -28.7471 47.1121 47.6688 -60.5091 -17.3439 63.3866 -92.3309 -44.5495 60.8146 83.9100 -30.8174 -19.4255 -78.1166 61.5077
-97.7493 -21.8711 -1.9060 -42.3518 -61.0372 12.2994 74.2589 -80.1545 -11.2638 14.0378 25.6977 -84.9359 -5.4132 7.5135 -69.0559 -91.1725 -34.0328 20.9044 -89.8899 -14.9582 -94.7948 -3.4844 -61.9864 29.2828 85.2732 -49.8086 7.3080 67.6751 -85.0610 -44.0067 -98.8695 -68.0685 92.7239 -29.8137 -81.8481 -72.3450 85.5358 62.8257 -0.4445 49.0298 61.9622 72.2437 92.6242 94.0191 18.3502 76.0145 -19.0630 3.9066 -54.2861 35.6116 -81.2775 -47.7510 -20.0609 -31.9906 67.3436 21.4173 -0.1383 86.3359 27.2576 92.0151 79.3373 -76.4035 83.3379 38.7294 59.5365 -99.9418 31.8187 -82.6493 4.4670 -89.5323 -46.2382 68.4155 -13.4862 -56.1515 51.8847 -92.0187 99.1251 -11.9881 12.8872 -87.2814 17.6177 64.2787 77.0013 -3.4647 -74.7947 70.0230 -76.2664 -80.9888 95.4330 69.5954 -61.4158 -32.7750 -45.8646 -75.3378 66.0601 27.1953 -52.0698 2.7248 -59.7491 -64.8569 -42.5058 15.5337 25.8745 51.8111 -97.5656 92.6765 55.4384 -31.7088 -90.9683 -17.6145 -86.7761 97.4159 -22.6623 -29.6629 -30.9799 -98.2054 35.7069 66.4361 -47.9367 -2.0991 -32.1789 -29.4133 -79.1770 -64.4975 48.4104 -37.2605 -13.1710 -10.2428
22.2440 98.0290 92.8160 -51.1444 55.0903 16.3657 -80.5867 -75.7287 -40.6458 87.1797 -66.2747 59.8549 37.8117 -7.9514 6.3140 57.5965 -4.9130 -39.2971 76.1225 2.3385 80.6012 57.3377 60.0700 12.4728 -89.0044 -17.5053 -15.7942 52.2074 -70.4909 6.5565 -71.7989 86.1095 -52.7688 17.8414 -73.4220 22.4465 42.3076 -80.7992 24.5428 14.8128 96.9037 -29.2612 -96.7810 -13.4103 -64.7682 20.7378 -61.8007 0.5342 23.9687 -1.2315 28.2244 43.7540 -18.8563 -85.2613 94.3595 62.0871 -85.2715 -71.5607 -93.3918 8.3419 80.6716 40.6377 -66.5904 -30.4434 -43.7783 -42.5819 16.3996 67.0738 26.0344 -21.1599 -2.3922 -95.1836 42.9456 -40.5742 5.9113 -11.3959 -76.2869 -97.7197 75.1558 14.7371 64.4838 -91.3216 95.6619 17.0317 -23.9936 -75.5256 46.4593 58.1786 -51.5964 -66.3605 -37.8199 -76.0743 60.7152 -56.2441 -33.1082 -3.8083 80.6055 91.0898 22.8300 15.2148 -87.4663 69.5126 -78.3161 96.0002 79.5563 -74.0375 86.2321 62.9048 -72.9347 -30.8426 -65.8534 50.0199 79.7018 -17.9501 -24.6929 -8.8478 49.2966 -40.4937 -64.8434 -89.5670 45.7374 -91.2087 39.7215 8.9442 41.9070 98.6724 9.5211 -9.3674
40.4176 77.5329 98.2093 25.9419 -18.4297 16.5173 -10.5003 -29.8360 -82.9716 -72.0264 -8.5766 -54.1612 -46.0602 -91.8366 98.4044 41.3475 -85.6761 -41.3967 96.4295 -74.9873 -68.1801 -57.2946 93.5080 -41.1195 -93.6513 -8.0123 70.2920 -41.9632 -6.3019 0.2147 93.2305 93.2940 -31.6760 85.8107 44.3691 83.2087 91.0556 -1.3973 22.5895 3.7512 -90.6394 93.9485 96.0425 0.2601 4.9047 10.9563 -31.4342 -97.1670 42.0285 -13.3413 -16.5562 -25.7747 -40.3316 -16.7389 -52.2862 53.4651 32.0358 -7.8481 -4.3680 94.6587 -67.8958 97.1928 94.9309 -41.4739 0.7459 -26.6201 -96.7398 54.2298 -70.1922 61.2472 -77.1427 -73.0531 95.2164 44.4946 43.2112 95.6877 -30.1893 -9.6661 8.7622 74.9923 -93.9924 16.5092 -0.3102 57.6530 23.2908 31.8310 -51.9266 45.5178 -32.6798 -45.7245 99.6512 94.6507 -84.1097 47.5100 -12.0884 -71.4945 -17.3283 -66.8953 59.5735 -49.9528 31.7974 58.2930 68.9499 -72.3954 21.7837 -25.8472 79.0593 13.4770 69.9940 69.2166 -63.7222 -42.4468 -51.3562 -35.5432 87.3166 10.8074 33.2548 -87.4848 80.0125 36.8778 -71.1868 -62.8650 46.9465 22.3744 13.8095 -49.3327 6.0023 9.4718
88.2512 -99.8095 37.6401 -70.7041 -39.4366 -59.1634 -71.7334 -14.7129 46.2374 95.2985 -24.5667 -79.1488 43.6783 19.8375 -67.6762 -66.6014 72.2488 1.3613 -82.7409 -15.7127 59.5461 -91.2445 99.9782 73.7348 -49.0967 -7.7813 -98.3976 71.0476 -94.7228 -71.4703 -30.0751 -31.0905 42.0354 -87.8529 47.1755 -17.6993 -6.9792 -99.0640 -40.0770 -8.6917 30.6191 -58.0829 -17.2000 49.6023 -7.5297 21.1423 -54.7230 -9.7608 2.4671 -20.8644 -90.8760 -87.3041 8.5357 -25.9575 -9.0243 3.9271 -6.1312 48.8353 78.6593 -65.7904 -49.5265 -15.1944 -36.0077 64.0021 -25.9720 -23.2935 -89.7391 -61.6077 -58.7917 -93.7472 91.4957 80.5292 -8.8354 33.3405 4.8866 -78.9096 -33.5588 82.5075 10.5075 35.9932 -2.7789 -12.1738 -61.9940 72.0356 -91.8034 60.4230 -62.2991 80.8097 60.0854 80.9554 -40.9946 84.7614 -97.3030 86.9872 58.0118 42.6152 5.3060 -82.1779 78.4202 -14.9660 -5.7459 -13.6351 -78.4266 -31.0258 64.7290 -68.1180 51.1318 72.8518 0.1764 97.3207 -47.0927 -16.4422 80.8228 0.0748 -40.4585 -50.2925 -3.7843 30.1872 -77.5197 20.9005 -34.4914 87.5623 -26.1946 51.9912 -57.1786 -12.9844 54.3634 -88.6879
-15.7931 -26.9460 59.4673 31.2315 -90.3533 15.7243 67.3462 71.5686 -71.3356 6.4279 45.8984 -59.8172 -87.6660 80.2234 37.6545 0.9241 79.2136 84.6933 65.1939 -87.7390 -41.4811 -14.5441 85.8324 -3.8944 19.7669 -48.1927 95.1198 -85.7615 -78.2271 -63.4295 97.6481 -47.4085 19.6892 -38.2348 78.9025 43.2661 -57.3162 -6.2579 63.7587 2.5653 -78.0848 -64.8191 -95.4085 6.9550 -30.4665 2.4802 -65.4259 64.6023 -60.2647 99.4151 -63.3033 0.9332 68.7670 34.4035 -21.3257 -12.9235 53.3306 70.8863 -4.9324 -59.5358 94.3016 97.3435 51.3372 -82.0005 5.6854 -52.6705 48.2801 -88.2461 82.8699 71.6038 -25.9471 -20.1196 -96.9309 -18.6177 90.4271 73.8657 -17.7075 -72.7365 -37.2284 56.9395 10.9429 37.1391 94.8331 -39.0217 -7.5012 76.0956 -11.9561 -75.4214 82.7437 -61.2551 44.7586 -43.3967 50.5933 -30.5338 51.5723 97.2472 37.2580 20.0863 -72.0743 -93.3775 82.0146 83.7314 9.2923 83.6975 -82.9910 98.5878 45.3809 -24.8411 99.6455 -0.1271 64.8577 -25.7263 64.2008 19.5319 43.4445 8.0342 -40.5243 8.4252 3.6777 64.4472 78.6536 -79.5774 44.5395 5.7548 16.6497 -60.5907 81.6950 -42.2268
-54.6244 -48.5710 70.3539 -92.2144 -71.2494 61.6210 50.5760 -11.4897 -55.5213 -0.0994 -15.0381 -72.9968 -42.6208 -6.6171 -80.0389 -94.0297 -15.3858 -44.5958 -48.3757 -36.0700 -87.0856 5.0174 -40.8946 6.9369 66.6621 -72.4389 -24.2640 55.0710 -26.4138 -61.9494 -6.5749 15.8269 -30.0244 -81.0828 -60.2364 -11.8067 -23.7016 -69.6722 -80.5033 -25.7225 3.2690 -75.2423 -5.3167 -27.6547 -87.1384 -52.4138 76.4602 -68.5688 89.9721 -90.8174 -95.6629 -19.1092 12.8344 32.6745 18.1943 89.8966 -93.2401 -81.4418 8.5927 -69.8085 -65.2552 -22.3860 -33.6525 91.2095 40.6572 -74.6894 2.0258 71.3003 -26.7770 -99.1155 61.4797 -46.7631 88.8464 -48.1646 31.5613 81.2162 8.5209 34.6182 -82.5105 -64.5735 55.4778 74.2678 40.7814 -62.1176 -42.0420 31.6760 -10.0984 29.3524 25.4591 -19.6592 59.7935 -4.5703 -40.1626 -22.9246 9.7084 -73.6446 -54.9626 -75.2774 -26.4666 18.0164 16.9612 46.1538 72.1404 -64.4672 -27.9524 67.4733 62.9603 -61.6991 52.9519 -95.8442 -87.1287 -36.5336 -88.7215 -29.9879 -15.4216 -17.9937 32.8267 -29.2571 -0.2254 -48.0874 91.6286 66.8826 -92.4642 5.3121 -91.0265 46.6124 79.2572 -83.7974
-77.9107 -70.1513 -1.3651 -23.2666 -80.5416 -86.0808 -89.8678 -11.2262 -30.8677 79.7084 -40.4345 -21.8299 -65.4943 -2.1447 -53.3257 95.1012 -59.1788 -61.6738 97.9854 -53.0594 41.9806 -26.8742 -8.7980 -59.7329 -25.5385 22.5033 66.9661 -29.7549 -9.8316 -56.9299 -49.4123 -3.8252 -11.7647 -11.8906 -4.2670 -1.4526 -65.3629 57.1839 56.9367 57.9044 -81.7092 25.8661 -56.2159 43.3298 36.2836 -34.9137 -51.2240 17.1128 -1.7639 -3.2007 -59.2090 12.9256 -86.5127 -85.3055 -17.6695 84.7685 -1.1906 92.9421 72.7912 49.2409 -69.4667 -56.4211 -38.9670 -48.9166 1.7559 -38.2437 52.8353 0.1664 -94.9856 -40.2794 32.3915 96.6201 -82.0864 -81.5718 -27.9263 20.2774 -11.8263 -57.4926 49.6979 -2.5860 -37.5707 43.4063 -37.9161 -54.2437 -86.0780 74.9364 32.6896 38.8057 -10.8323 -9.2389 -7.0434 91.4592 -51.1262 47.2562 96.5122 56.0180 44.3111 93.9457 -49.7160 -75.2585 -51.3519 -38.0860 -22.1503 98.3784 -49.5769 76.0119 -20.1724 77.6784 69.0839 48.0507 -16.5383 98.3687 89.2538 -94.9796 30.0408 70.9539 -14.9663 -65.8435 -90.4037 46.9668 55.6368 47.7528 -68.4937 44.4563 62.7311 -99.9965 37.0021 -83.3913
39.9189 -23.3037 68.6240 18.3306 42.5554 41.2040 2.3651 56.0991 49.2061 58.0766 70.3978 -19.8352 7.8793 -25.2587 83.6947 -72.5701 71.5627 26.3963 -80.9222 32.2457 21.6371 66.4270 73.5173 25.3962 22.2744 43.1235 -8.3071 -57.1646 68.3849 4.5312 6.3385 22.0915 -37.7263 -56.4631 -36.2307 25.9226 -48.3595 63.4895 -12.7897 -17.7580 54.3487 -62.9641 -2.5390 -57.4182 -76.8868 -6.7143 -13.0724 55.4341 -81.4832 69.0194 -85.9092 -95.5158 9.6522 -61.0352 -0.2388 -63.0991 6.6168 -14.8553 31.0885 -20.9301 -61.5160 -14.9194 -67.2463 -31.7943 50.1170 53.9192 -31.2316 81.0097 -65.0646 -47.0944 -71.6867 50.1672 98.8824 -14.5334 3.8575 -15.5748 86.6180 -16.5349 -16.6862 48.1505 -50.7204 -99.0449 -18.4566 -34.3477 -77.1773 -52.4340 -34.2826 -42.4529 -54.7827 -30.3537 -74.1509 99.5902 20.6151 21.5762 -35.5467 85.9542 -39.7062 71.0723 84.7930 74.6991 40.8143 -96.9513 -24.4782 89.5919 -24.0974 85.8617 -29.7050 -24.4964 46.7673 -6.9112 36.5839 -45.2834 -54.9739 56.6490 78.7998 -8.9766 -91.0646 86.7914 -99.6498 -20.5772 -83.9950 63.8011 -48.3128 21.6700 89.5496 -74.7704 -44.9092 -36.9982
12.7260 1.3022 45.4559 35.2030 47.1661 12.4955 -80.2472 10.7389 49.7218 -33.4148 52.1810 74.5786 -44.8936 -38.7511 -58.9097 -26.5378 -15.2805 88.2914 -84.8969 92.6445 25.0524 -2.4968 -12.2485 28.6748 66.1766 -41.8016 -72.9464 24.7094 55.7266 -29.3167 -7.5891 79.3580 30.0698 82.7677 -89.9467 86.3388 38.1828 -23.2892 65.4975 -92.8226 68.7054 -46.3020 -1.3851 5.1202 -55.1910 -12.3259 48.2282 -28.5775 4.3632 94.9216 90.3105 94.9956 34.6424 -1.8313 67.6589 -27.9549 -56.0982 -30.7944 -30.8952 76.4153 -41.0909 43.4494 45.2775 16.8336 -89.9393 56.9891 66.7772 56.0001 -50.7758 -6.8207 73.9861 48.1561 -91.1700 50.5290 -16.8144 59.8327 20.6136 -59.2538 -97.4006 -7.2382 -65.5087 -44.3687 -83.2934 -5.8079 -15.1037 -91.4568 -81.3330 -62.9095 26.2582 81.5844 -50.1056 -25.1549 -64.4080 -90.7703 -36.5193 57.3331 65.3631 26.5883 11.0725 -54.0159 14.4229 -69.6593 -85.2623 -29.7482 -58.3503 4.0261 5.1179 89.7208 -6.6407 -50.3398 -74.7099 -67.0810 27.3927 97.5712 -38.7983 95.8851 2.1736 -77.1069 83.4455 77.8219 99.1967 -84.3180 28.5121 -78.7620 -98.7268 94.5983 79.4856 -70.9105
72.1750 31.6968 -23.0784 66.6172 -17.1016 -91.0278 35.4605 88.4498 -39.5519 -39.1071 -91.3700 5.4238 17.3021 20.6969 78.8362 84.4677 -79.7324 31.1940 3.9463 90.3438 9.3837 -74.9761 -61.7386 -51.2849 -40.0561 98.7152 -39.6584 21.1773 74.2948 23.8620 26.7202 4.4566 77.9687 99.4786 30.5822 -15.3775 35.6505 82.4106 -41.8026 57.9597 -36.1334 -71.6550 39.7585 -47.0741 21.9365 -59.2105 44.6040 -75.8996 -99.1274 -54.0474 73.9259 -88.7359 -76.0364 91.0782 -73.8466 81.3419 -40.0750 -59.7425 -76.1525 -91.3133 -11.0128 15.5267 -12.5055 30.3486 19.7585 -36.6517 82.6467 -18.8437 35.4797 -52.3655 75.0215 -92.1082 9.0247 -74.1675 25.3307 -54.4111 3.5715 -93.6719 96.0246 35.0693 -53.0596 27.3939 -60.4987 -48.7121 39.7665 -15.7911 -27.2109 75.5773 46.3265 20.1055 55.5364 26.7580 -9.6819 -21.0665 78.1399 36.4622 -77.2861 22.8774 -49.9554 -62.0969 39.2582 -40.9141 77.8109 -52.4288 55.3775 29.4038 64.6630 -75.0929 55.1023 -99.2327 -17.4123 47.4742 52.6960 -31.6482 -86.2508 24.7432 68.6719 -56.0285 99.3908 63.0366 -7.3147 45.0145 70.5618 -7.9199 63.0514 -35.2407 -2.2350 -69.2182
-20.1679 0.1308 -93.6095 -37.5944 37.1776 84.2516 -42.8416 92.6500 70.8907 6.9828 -23.8379 85.0786 79.0314 4.5536 -29.7121 29.7014 -9.3064 43.4382 -75.4884 -84.8540 14.9210 -74.7081 -41.9980 93.4688 53.2903 19.2171 89.1057 47.2525 -56.6503 -79.0993 -88.3632 -17.1048 -42.5385 -27.0776 19.9448 -38.6542 -7.2305 20.9037 -22.8688 65.9124 98.8916 -9.4664 -20.6852 35.0368 64.7293 -72.4266 -9.4020 -22.6367 10.9410 55.9464 86.8507 -54.1558 1.4605 -89.8650 -41.9108 50.3210 -90.9867 82.8237 -81.5547 -50.5533 -25.7108 -25.6302 -74.0825 66.5933 96.3491 18.0533 94.3237 1.9638 -64.3115 -32.6961 4.5430 -83.8572 -99.8603 76.1328 33.2547 25.0131 84.7032 19.0332 58.8705 -83.4569 -8.7687 41.1856 76.2662 -11.5454 3.6605 -47.8313 53.5018 -93.3092 -18.8885 -71.5294 -5.1145 -48.7078 54.7370 -21.8977 3.6088 77.8508 -35.0382 -61.9064 49.7943 -29.2036 -37.5381 26.3843 57.7744 3.8076 38.4075 -70.2377 -41.6504 -17.4291 -85.5626 2.8499 20.1425 8.9465 4.3865 -78.5980 5.2529 -78.2430 78.0485 26.8569 -14.8020 32.1766 20.5310 -22.4094 -82.8419 29.2914 7.0372 -44.5458 40.0259 73.7500
68.3929 65.8442 -85.9927 -81.7455 33.1744 71.8787 -93.8683 -91.1083 -53.9426 -90.9578 55.9030 86.4005 7.6474 17.3337 -60.2428 -0.1628 50.4361 41.4901 26.0479 16.7007 28.6300 -80.6307 -75.6698 -36.5445 32.5074 44.7794 -88.3449 7.1451 -63.1064 11.1010 -6.0759 62.2123 73.8994 -66.8704 30.5300 -74.7440 -15.1309 3.9105 -56.8443 33.9611 17.0723 44.4239 55.5293 -57.6145 -73.6086 38.5102 -86.9650 20.9071 98.8026 84.3194 -14.2263 -0.8104 -40.4828 -71.1965 -19.2586 -38.6995 -82.8241 -25.8689 -75.7385 0.3208 33.1218 -5.5795 -87.5515 82.7338 -84.0210 69.5309 -78.2585 -33.1550 -36.3462 52.6925 73.3530 3.7082 27.4509 -83.2826 -22.6164 -24.8204 54.8788 -56.4906 -24.9428 -23.4408 39.9590 -10.8276 -12.2515 -62.7159 -66.2095 15.1689 51.7050 29.5914 24.6590 64.9089 -33.5043 -39.1853 -10.7515 82.1435 -7.1800 7.8850 79.3287 -75.2334 -66.4374 -40.2204 -95.4377 -59.0083 38.4916 63.8017 49.5315 -28.1355 -79.7108 88.1319 85.6070 12.5056 17.3563 33.0215 64.6836 77.1828 74.2735 -7.2927 32.4797 -7.1800 99.0868 5.6967 58.4388 27.4446 -27.4958 19.1689 -90.7486 -74.2276 15.8963 45.8421
19.7801 0.4635 28.6033 21.1352 86.8947 40.1909 63.0251 -40.0886 -25.0469 38.3256 90.0649 -24.1951 34.7451 -96.4450 62.0810 -98.4576 -33.5203 33.5431 15.7785 -0.0537 29.6755 16.1285 86.6969 41.2964 12.3315 -21.2128 90.6980 15.7048 5.2124 -63.1091 -60.8769 -75.8915 22.2534 -32.1139 -52.6047 29.3290 -50.0383 63.2348 60.2743 55.4576 -86.8486 -26.8650 21.9748 35.1598 -94.0040 -26.9060 -90.5431 7.1474 -13.1951 -99.0157 74.4526 -98.5602 -36.7307 11.9854 -2.6935 0.7473 11.5415 -77.9067 -42.5319 67.0354 -88.2909 -49.3543 -56.9411 -69.9106 32.4547 -10.2382 82.6106 11.1218 5.5219 -17.9864 25.7948 36.0668 9.7471 -1.8304 -92.5241 -98.1969 -5.6357 -54.2908 23.9529 -80.7408 -63.8900 74.8693 34.3545 -41.6039 82.9224 -25.5918 -10.9664 75.4519 -82.8475 -67.9651 68.3717 -76.7729 -58.6825 81.6913 43.7707 48.4968 15.2221 60.8253 98.9070 59.9496 78.8833 -52.1834 -64.6654 7.0907 9.5120 30.8304 3.5146 96.0139 -4.1596 -83.5663 -70.0920 35.6581 -78.7133 -85.0805 82.1102 45.3534 7.3342 -75.3713 -71.4470 48.2478 31.1477 -24.5560 3.6861 -68.2764 92.0221 46.2747 -66.4642 -6.5456
-0.2832 -91.2142 -65.5428 -92.8331 -12.2754 8.0576 41.0510 -31.7809 13.0261 -89.8918 -98.8211 91.3795 -69.1947 -30.2074 66.5007 78.1855 -19.5452 77.6533 6.0806 0.5593 76.4883 -24.4519 -25.8817 -20.2360 -18.2330 80.7654 78.5185 92.6263 86.5219 29.0235 -24.2885 72.0069 -42.3492 34.6401 -3.2523 98.4243 32.7409 -8.5767 -67.3204 82.5036 7.7202 -83.2445 -32.0866 -47.5479 -35.5738 -24.6247 8.6028 -49.9459 10.1794 36.5440 -22.0811 -10.1950 -13.1504 10.4682 0.8600 46.2930 22.5563 -4.7703 -73.7905 48.3000 24.3750 84.6817 98.3596 -21.1664 55.1422 -71.6458 -52.2177 -83.3246 73.6152 -32.9896 -78.9169 43.2863 98.3998 13.8264 97.1230 95.0145 65.2615 -56.5317 -74.6662 22.2197 -57.0648 -28.7813 4.9970 -42.2283 53.9756 -22.1249 5.3853 88.5615 52.0726 18.3001 -77.3423 -84.2402 -60.1928 -53.2610 36.8848 34.8671 -47.1662 96.8240 93.9031 -73.9206 -24.2643 -70.9797 74.1163 -74.0650 59.7136 62.7537 15.3053 60.1403 -74.8527 -93.7709 71.9079 -19.9200 18.0177 -61.6448 -53.5669 -56.6137 11.1601 -17.2042 -89.2664 -15.8849 74.1039 68.3013 -43.3210 -81.3855 -77.7967 -37.0642 48.1365 48.6294
89.7322 28.1759 33.1335 45.6874 38.6426 11.8814 28.2034 48.1384 64.5568 -70.7314 80.5634 -82.7185 -87.5180 -63.0993 44.8394 7.6296 -28.1688 -24.2256 80.5680 61.2784 66.4008 55.2649 96.5870 58.9136 -46.8897 2.4440 -62.6950 -65.7017 65.1416 -55.3845 46.9632 -27.2705 78.4320 44.4585 15.4619 -70.7346 -2.8285 28.5910 65.7164 -87.9745 -33.1257 -52.9303 -56.9614 45.7470 -88.1514 48.7305 31.2600 97.2708 -33.5949 -19.1317 41.9103 -72.9930 51.1247 55.9411 10.1234 74.2191 -76.9235 -2.7440 -71.2750 -42.4451 8.7339 19.9440 78.0781 -0.7365 32.8250 20.2132 49.2170 19.5849 99.2617 -80.6906 51.5199 28.8192 77.0619 -87.9898 34.7824 96.4531 26.2202 -4.5266 -33.5774 -65.9842 -51.1074 45.4606 -10.6955 50.6502 74.0424 -41.7832 30.5997 31.3595 -59.9333 53.4603 5.0491 -13.1380 75.2779 93.4588 -9.2959 -91.3117 30.7066 -54.4625 51.3640 -48.8564 39.8275 -5.4491 -60.4718 54.5468 1.7184 -62.5008 -30.8061 36.4962 -12.5095 63.3434 -94.6093 -46.6077 -34.6258 -66.3732 -87.2272 -26.6748 -94.9532 0.8035 -57.0877 70.3887 77.1224 42.9452 50.9012 85.1258 76.7773 -12.3834 -31.1400 -28.1921
5.0365 -83.8825 -11.4591 -79.0564 -53.9991 32.9861 76.0721 -74.2264 -98.4374 32.9224 43.3554 3.1349 86.5552 17.1203 -54.4689 -53.9006 -71.0359 -57.7404 28.1773 -16.7304 57.4402 75.8982 -94.8394 67.6077 33.7515 8.0070 -0.3391 -19.2193 -24.8915 2.9891 26.2326 35.7155 74.1561 -34.9593 46.0390 -3.0899 -22.8398 -89.6249 91.5613 -91.2526 72.9903 -59.1685 -65.4960 33.1967 5.8107 45.2628 -51.6064 -72.2941 76.6905 -3.5959 75.8945 42.8057 81.2805 16.7979 56.9205 -48.0600 90.1266 10.8712 -35.8889 -83.7107 51.5112 39.1249 59.1618 -89.6959 -29.8666 47.9523 -59.5304 37.7188 -69.4501 -72.8072 -55.7855 41.2445 16.2847 -42.0889 -72.1888 -89.4392 3.1701 69.1753 -5.6352 73.3499 -82.8076 -25.7934 -92.5787 47.1921 48.7843 -1.2525 -16.3103 -52.7653 58.4253 -29.8024 -35.6363 -93.5860 -7.0971 94.7272 3.5091 56.9426 -62.7310 17.0906 -72.4222 -53.2472 66.6294 14.2955 -32.9526 86.5542 48.1717 98.6686 93.1269 -79.5932 -31.3723 -98.7251 93.4188 98.1228 -43.8016 93.4426 78.5795 84.6723 63.3572 -95.8589 -10.4508 53.2492 -68.8775 91.6785 -83.3586 68.7323 -67.6009 -18.0697 61.4815 44.7082
-57.9526 -34.5818 -25.5951 -26.7312 60.3969 13.1147 43.2313 -47.1406 -31.9157 13.5579 -23.9432 -31.3095 -34.3266 -84.1342 85.4746 1.4554 -31.4038 56.5088 17.2350 30.3025 58.7748 -50.5492 -31.6155 25.1499 -22.4448 64.7578 -34.1755 -20.4962 -17.6694 -46.5765 -91.9663 -73.1186 31.4213 -11.7159 30.3836 7.0593 -57.3561 1.4365 87.3555 10.9781 36.5178 24.5285 -51.6624 -94.5569 14.9953 -31.5658 72.5805 29.2236 -12.8095 22.9346 39.9918 89.4570 -15.5511 -18.2066 -25.0626 9.2762 4.6811 19.6708 -22.7078 72.6389 46.5177 -14.8455 -98.8218 63.6947 33.0324 27.7553 -37.6476 43.7887 65.0984 -89.8080 24.9654 -72.4768 88.6551 78.2178 -92.4411 -52.7692 17.1731 -99.9049 92.9999 -49.2406 -61.3735 -62.9537 -2.4981 -92.3221 -84.0444 -14.9642 -49.2901 -12.7129 7.1005 -5.3153 -97.2831 53.2319 1.6357 -86.4070 -32.9193 -82.4763 -88.9534 66.7694 -47.5110 21.3644 -22.3782 -19.1246 57.3259 -33.3204 22.1113 -40.6977 -65.4893 -62.0962 71.3479 -38.7315 35.9714 -19.4544 36.0911 -3.7213 -6.2983 -75.1302 0.1074 -37.5759 1.4954 0.0762 -19.3815 -58.5622 -40.4978 21.3973 -75.2961 34.8224 -49.1840 51.1839
32.6972 20.3602 -12.7639 -84.2521 78.3205 -5.9858 -52.6416 34.6201 -25.8956 1.1222 33.8567 85.5926 -40.6075 6.3043 25.6930 71.1240 -69.8588 -47.2939 -6.4423 74.3450 62.2396 74.7709 85.5332 85.8836 58.7753 77.7619 47.8266 -3.5096 -98.4453 -39.5666 40.0080 -39.7155 49.6393 -86.4039 53.9502 -31.7504 67.3358 -85.2797 30.7970 77.4394 35.8293 62.8321 -46.3642 -56.1098 68.7685 92.1911 -40.7441 -73.4677 67.7745 90.5430 -18.7870 68.4042 4.5522 -89.9411 83.7715 -81.4120 32.0830 83.6483 -85.4471 69.9777 -82.8127 -69.5144 58.7643 -56.4857 -44.7492 77.9719 20.9271 -73.3687 37.1009 -67.2446 -9.4013 -1.2827 33.1514 28.3719 -57.2381 55.7063 84.9444 -2.2741 64.1344 21.9816 -37.4845 -63.3121 4.6999 -69.4393 52.1711 -14.7879 74.7559 -40.4115 43.4130 -7.9106 18.6160 35.8160 17.4324 31.2164 -77.3900 11.2914 14.9620 22.9550 -96.4231 -59.0909 80.3435 67.9201 15.3431 16.3226 26.7174 -2.1293 86.4670 87.0348 -54.1226 -80.2218 -74.4391 78.8919 -83.7523 -38.9700 -37.3466 -6.0443 46.7294 -45.4350 -49.3892 -83.7479 3.5125 -10.8376 -53.0679 90.4221 15.4493 -35.1435 -38.5331 41.4107
73.1804 15.4093 -9.5683 -43.2529 -73.0648 -33.6771 -52.7555 -21.4817 -27.1804 25.6387 -95.2810 -6.2454 22.4285 -40.3952 -32.5339 69.6327 -19.6246 -87.8361 2.0031 -47.3781 43.2466 -32.8027 -65.7926 66.8013 44.9834 -9.3230 74.9670 -99.5518 -52.9354 95.4705 -45.2072 59.7962 97.9702 22.5728 -3.9899 70.8740 13.2189 7.3584 61.6850 -19.4381 -42.3903 26.1471 82.7885 56.8735 -93.3833 35.0344 -21.2292 -40.8885 -89.9881 -69.5715 28.1018 39.9397 -24.0397 -27.0351 -68.8517 -57.4610 28.0399 -54.6735 33.4025 -66.2540 -23.5369 70.7725 -39.5764 53.5181 -39.3775 14.8043 32.8626 27.4993 -17.7186 41.4280 67.7676 17.8512 81.0887 46.7867 38.9615 91.7145 6.6111 -76.9831 62.0564 91.3436 28.7157 33.2642 -77.8631 -43.6366 35.8535 40.9684 -84.6969 34.7481 -44.3784 3.6364 -53.1046 42.0346 -56.4976 -14.0212 25.8029 70.6942 -39.4138 50.6832 -76.1264 77.7757 56.3256 -97.6063 -45.1577 -46.7348 -93.9311 -53.0738 -31.9020 -26.4903 18.5548 -74.6510 -73.4271 -60.7195 55.2734 21.8082 -31.8080 61.3161 25.4825 -18.6137 96.5362 72.1917 84.2926 -36.6625 -65.2877 67.7030 -72.7681 12.7449 -22.2110 54.3829
-17.8508 -0.2013 22.9931 -57.1633 82.4710 -58.2377 56.2168 4.9599 -84.3128 -29.5582 -74.2019 67.5222 -53.8754 55.3390 33.5095 2.7699 32.3608 2.1827 33.5627 38.6386 78.2975 0.5415 24.4013 -23.5518 -93.3825 92.6516 75.8608 -16.7069 -73.0780 -64.3466 96.7284 4.8658 -21.2367 -70.6465 -82.5929 -26.8093 -50.9139 72.0784 87.3089 -50.3327 68.4030 -1.0902 -63.3948 57.3384 -18.8832 16.1430 35.7853 -13.0695 -84.7388 -76.1797 -85.7828 -37.8606 -40.2520 -56.8873 -65.6439 -69.5574 39.8778 6.0758 -41.2564 18.1037 -37.4566 36.1652 -65.6164 -65.3384 96.3428 39.8328 -43.1998 -67.1926 -95.9447 -6.9179 -4.6212 51.5713 86.9574 -79.2472 -18.9887 -58.1892 77.2706 65.6584 97.0905 -72.6670 54.2702 -78.6683 -76.1250 -91.4941 47.4027 -20.2021 41.0789 -89.8575 88.8675 -63.3822 41.5890 -12.9006 -65.8394 -26.3881 60.3692 -12.3660 87.8485 96.7144 84.8296 -29.1780 -16.5796 -66.4930 -40.1342 -65.7452 26.4568 31.7939 29.8719 60.5527 -53.1687 91.1536 57.1686 -75.0255 -86.5697 18.3989 -49.6394 19.1703 13.9641 -5.4894 -94.0143 -48.5515 -94.7276 4.0073 -93.6675 -25.7465 -68.3237 64.6120 16.3361 -76.5515
-6.1385 -41.5938 90.7506 -59.4108 96.4407 3.4141 -30.9816 -15.7752 -77.6918 0.3739 -99.4733 29.4915 18.2385 49.2408 33.0883 39.1017 96.9245 -68.3645 -5.9043 95.2512 7.9537 30.3744 -96.8159 -41.7567 79.6059 -72.5383 42.9183 74.5830 97.4560 -33.5523 -32.2643 -46.3384 -36.8350 -28.8879 -66.2984 -53.5698 51.8092 -13.4972 -84.2845 97.0161 -83.5468 22.8530 34.0219 -33.5577 89.7663 12.4267 87.3960 -37.4939 -7.4410 -43.6859 88.2693 82.9368 -15.8178 -60.7823 91.6278 -7.4276 -69.2507 -5.8820 -75.6948 53.7606 -70.6651 91.2494 38.1978 -87.9298 39.3172 -63.9678 -87.2305 98.0321 98.4326 55.0035 -26.4600 82.3089 -23.9539 62.1541 88.3047 61.0718 36.0824 33.0997 -88.4198 -27.8160 4.3829 37.5675 91.0703 -93.8733 20.9270 -7.8983 3.4853 -86.2149 84.8180 46.1136 82.5660 -76.1510 2.8965 25.0004 69.2713 -99.1399 25.0274 14.3035 -4.8332 -4.1526 22.6558 9.1365 39.6100 82.4321 42.9025 87.6850 -4.3513 -48.9188 -40.6601 -25.9223 40.5762 60.3421 89.9137 80.9176 -24.4768 -6.3585 -67.0174 95.5346 -83.8126 -39.7178 94.8449 -98.3613 10.3732 -95.1866 -91.7806 31.5996 -92.4910 -70.2578
44.5335 -65.2881 -57.2207 58.7030 -5.7661 67.1158 17.2245 94.6456 40.7146 -37.2260 -99.1583 90.9851 -34.8160 20.9478 -71.3623 21.8358 -77.8018 -60.6938 30.0632 48.0798 -62.2959 -74.7617 16.0704 -36.2427 -40.1655 -73.9293 14.9237 -18.0843 -89.9622 -2.9510 79.4861 -75.9475 73.0874 17.5257 79.8457 -5.8536 32.6933 -44.1268 32.2123 -24.3403 3.7245 55.0517 50.8039 10.3183 -13.0414 2.6296 -88.2092 95.8377 -96.1182 -20.4356 69.4960 -69.4510 -13.7671 -6.1053 -28.2584 37.9991 44.6755 -87.8680 95.8257 35.7415 -65.6726 -8.3780 -77.9723 -92.0689 26.4529 -91.1228 -32.1225 22.3961 -82.9718 7.9837 -13.7850 -19.9255 21.3545 -50.2654 78.2622 -78.1799 -81.9904 -8.5125 77.7153 -55.7944 35.2337 44.5445 -72.6324 65.3508 57.5276 -48.0719 31.2770 89.4098 13.7867 92.3426 18.4717 -46.4235 -79.9105 -18.7179 -36.0007 -90.1805 95.4700 11.7259 -3.4115 58.6013 60.0630 5.3853 56.2180 -3.8994 -27.5799 -90.5616 33.3196 -33.0258 61.8741 -55.6997 -2.9868 27.5573 98.9399 -21.7923 59.6521 23.0849 96.7088 -5.1747 75.0190 -25.9374 -55.0933 18.2035 -60.0432 96.7385 -13.4091 -56.4619 0.2072 -78.0830
-15.0643 -69.6845 14.0784 -46.5102 -68.4093 -74.0961 -36.1958 -6.2831 5.7261 -65.9621 -6.1610 50.4311 -69.0560 21.9502 -89.2736 33.0353 -19.5394 51.0121 -71.3442 33.8881 -4.4168 38.7000 -22.2357 -51.3109 78.0093 -76.5780 64.5607 -72.0919 76.6593 71.6660 -10.6364 10.2397 -45.3331 75.8709 -84.0756 72.4032 -81.9990 34.6493 66.4432 -5.5552 75.3651 -20.1326 -27.7769 -16.3788 55.3125 -13.9711 -50.4379 -19.5331 76.3458 19.7965 70.7908 8.7445 -32.5102 -52.5861 67.6790 -59.0691 -45.4314 90.1492 -63.3850 47.6717 71.4751 77.0419 6.2273 8.8317 77.0287 -3.5645 90.8545 -35.2452 88.2438 30.7023 -46.6965 -31.2591 32.1570 -77.9793 73.8861 33.7716 -76.5960 -29.1693 -12.8139 -7.7730 -58.5796 46.7089 33.8333 -43.2107 96.0329 13.5229 -11.9527 68.0483 81.5134 -54.9990 54.8266 -49.5051 18.5248 -37.2596 56.4567 26.1449 -84.3492 87.3611 -87.7001 19.5067 -90.6049 -91.5476 -96.9101 -68.4639 -53.2132 26.9223 44.9217 31.4707 65.2991 61.1638 71.2762 -61.5780 -47.4509 92.6463 -44.4207 -91.6222 67.5136 29.3124 -53.6206 85.4288 -46.0266 17.3681 -97.9345 -16.9012 -72.6720 6.0231 49.5623 -19.2813
19.7970 82.0489 -65.9110 -45.0770 -62.4604 -29.9862 64.1199 -58.1129 -19.1838 -25.2152 55.1504 -92.8543 41.4105 65.2393 82.3090 -32.1047 -75.9426 55.5520 67.7413 75.2646 -47.7869 -50.0986 73.9932 -1.8512 -55.3914 -95.0269 -42.0968 -97.0058 -28.9399 76.3132 8.8467 -56.8135 46.9845 76.5440 -97.1653 -86.7977 -81.8299 -7.1649 92.4017 -12.1521 -65.4806 -14.0293 46.4364 62.3518 59.2250 34.2684 59.7695 -99.9749 -66.3758 -15.4518 6.9536 4.7608 55.2751 -94.3069 24.5894 98.8827 -36.3011 60.3232 -47.4538 -31.3393 58.9968 -50.8078 75.8234 -32.8550 23.4137 4.0431 -5.2097 -14.0324 3.1537 -56.5540 43.6789 5.0598 -49.9857 -0.0143 -66.0243 -66.3883 -60.6531 -28.5298 88.9431 67.2898 -96.9455 -9.5193 -56.9588 70.0566 74.1590 68.3883 48.7336 -41.1093 96.6373 -55.9841 56.1451 81.0018 -48.1747 76.7552 64.8112 88.3815 7.9162 -85.8967 88.2452 -24.9133 -80.5545 -20.5224 -17.8409 -88.9080 -55.6065 80.0738 47.1061 -60.1467 -40.3653 60.8610 -72.6169 87.5198 -82.2646 -53.7259 51.1996 92.3970 -78.2062 -78.5593 70.9011 -38.5896 -55.6869 61.4357 -25.0418 79.0354 62.1866 -92.7310 2.3427 -45.3013
45.1777 16.9644 1.2337 57.8026 21.3061 44.3865 -32.0822 3.3256 -13.2354 94.3559 52.3516 -97.1308 19.5898 -64.0155 58.3468 24.4485 -98.5784 12.3713 -39.7426 98.6064 -35.3096 73.8553 -41.3065 47.9374 55.9084 83.8378 72.6079 -51.6012 34.9189 94.2430 -95.1752 -93.6634 56.1511 36.9583 -90.0255 47.8839 57.5113 -3.6921 -74.2558 -3.1653 71.5535 -6.3515 90.8851 52.7023 49.9736 75.6675 56.6863 -11.2352 -68.6538 -22.8129 -10.3714 -22.0589 53.5312 25.3132 51.5876 32.3143 -94.6120 -24.0114 -34.4443 -78.9560 -37.6386 79.6463 56.9797 72.7894 -0.4382 96.6162 -15.8071 -82.4356 73.4618 51.8073 50.2010 90.4524 -52.5052 -11.8817 -98.9277 57.8836 -45.4246 -73.8956 -71.4551 -4.3058 71.9525 -57.6614 18.6884 57.1678 49.5825 78.2475 97.1007 35.5608 -45.8193 58.2302 14.1792 -21.2611 -26.4676 27.5494 26.8770 -97.8007 27.3187 -26.6030 -72.4616 -6.9998 41.9146 -87.3106 -43.6606 -56.9220 95.0974 29.3610 -5.3509 -29.7252 10.0239 -94.9269 -12.5809 40.4209 84.7609 -62.7643 87.0469 -87.0740 -90.3021 -82.9331 -19.5854 -52.8036 -47.2235 4.4929 -2.1505 -97.2599 0.5148 -24.2311 17.6055 15.6154
50.1505 -38.5494 7.5656 69.3442 -1.2755 -54.2078 -98.3983 -83.0347 74.9534 -21.3103 -46.1401 -92.5826 -8.7995 -84.7252 -27.7903 58.0092 -66.1309 3.9187 -28.9719 -36.1790 45.9379 -47.9758 31.0679 -11.5021 -82.1823 -13.6334 81.6285 -59.4890 -77.6772 -97.4040 72.9383 -34.6449 48.0283 92.1595 57.9797 -96.3319 -15.6095 82.0556 -73.2060 -5.0676 99.6932 -41.4185 -75.7459 34.1889 -98.8375 -85.0713 -91.7771 9.1736 83.4363 8.4227 -88.7583 29.8516 87.9758 59.1909 62.7352 -78.3298 -63.6163 -8.8698 96.2326 81.7751 -48.8486 -48.6333 74.8001 8.1306 84.9431 73.4107 -57.4936 88.6275 -76.1231 -19.5404 -94.8389 2.1943 2.9309 -97.6497 -68.8299 -28.1487 -9.7650 46.6258 99.8586 -44.6389 11.9202 97.3651 -90.0238 -94.8435 13.2854 -42.2632 38.6427 62.4521 79.6505 -68.1815 8.4772 29.8083 -30.8181 -46.7007 37.1841 -63.4283 80.0150 24.0967 72.0729 -85.2040 -43.9265 67.1456 -88.1904 -0.3163 33.7713 27.1491 -34.2529 -87.3380 -85.7054 8.7407 12.1212 41.7772 13.6911 -97.8073 81.0088 -77.4844 40.5310 31.7721 -56.3671 32.4528 69.6551 -37.8881 -96.6040 15.1063 -91.1016 -78.1751 70.3093 71.2616
-93.2632 34.6103 -34.5929 36.9779 42.5239 -77.2368 -79.1004 82.1209 30.9807 90.9176 -61.7462 -56.0971 97.4168 -69.0418 -97.6940 -93.0857 -7.2641 19.5895 -37.9246 77.0068 -70.5809 36.3848 -81.5495 13.7094 76.8633 -55.7096 -7.9972 60.3706 28.6231 -28.4295 14.3800 20.3660 -59.8453 -42.1680 -73.9990 -77.3075 -29.1060 82.7307 -81.3387 -5.4075 -47.6990 72.8590 -86.2377 -92.5107 77.3934 -3.5986 37.5105 29.4370 -69.5218 82.6728 -83.5726 -27.9582 -52.0149 92.0730 -62.7168 -66.3533 -17.3476 46.8392 5.2440 93.7493 51.0027 -6.2593 17.9554 -36.2385 35.4877 17.5749 -37.4101 -76.2426 26.5121 83.7711 -20.2213 66.9316 29.9272 -54.5098 90.1851 -19.9171 78.7360 -95.2527 59.1431 7.6435 40.9782 -3.3670 81.2396 64.8702 3.0141 -88.2710 32.4582 -51.1537 56.8458 -77.7256 64.0426 88.5132 54.9613 70.4237 -22.4872 24.5400 -8.9569 -60.8133 23.0944 8.3678 12.4600 -48.1400 45.6345 -8.6357 -79.9062 79.8406 -1.8892 -51.0609 -47.0569 41.0713 49.1168 16.5432 84.4043 69.3742 12.6941 -94.2426 -6.2502 -84.0991 -6.9142 11.4332 -20.1821 5.7132 -16.6301 -95.3395 -9.6711 92.4015 56.1813 6.5819
21.0966 86.8296 -75.1484 42.5393 -88.9094 -62.0130 -48.3209 35.0127 -2.3425 93.8260 -37.6221 61.0376 5.9907 34.2683 1.9404 -95.9125 20.4068 84.5826 61.8800 8.9884 99.5102 36.4406 -62.7438 71.5443 -39.8508 94.2219 -85.0753 -57.5910 -51.9077 6.8988 19.9761 36.1123 -14.8927 -92.3115 65.6797 -78.0354 -32.6320 47.2638 35.9046 -34.7741 -99.4880 77.1901 -6.0120 46.9347 93.3445 -60.9338 -94.8926 10.7450 47.0580 -44.4416 -14.3468 -15.2638 -65.2442 37.8659 26.8374 20.6401 -42.0849 73.6510 -9.5810 -90.7210 -79.3956 60.0754 76.7417 99.0220 -94.8830 -97.8574 25.3786 -73.4614 53.9166 -1.1095 -54.6400 -2.2418 -59.1627 -16.8359 -59.3671 -14.3925 -41.5238 -88.3799 -23.0176 -74.7969 90.8935 -20.7113 43.4194 66.0337 -61.5847 -14.8435 -96.7002 -43.7920 -2.2831 16.7020 -65.1674 84.5713 -58.7240 68.7365 16.5156 -24.3330 -30.6884 -93.2630 -91.3356 78.6586 37.5460 84.1370 -6.8397 12.2764 -8.0146 81.1160 -10.0079 78.8880 19.6359 29.1102 -92.9560 38.5119 -71.6958 45.1073 -20.2128 -79.5058 -50.2335 -21.1832 58.7583 -40.6762 -35.6272 -15.4018 9.4253 43.6105 62.3583 -61.4688 39.4408 92.4916
-71.7439 -48.9947 -38.1673 63.1189 98.6141 -89.6683 -70.1024 -68.9696 -94.2614 79.6096 -5.0131 76.5156 66.2130 63.4617 -14.3468 46.5605 89.4663 14.1917 -9.9339 44.6808 -57.1472 63.1501 -43.2422 0.7833 -13.2263 24.4255 69.9880 -48.0731 13.5294 -23.1646 42.8238 60.1730 -58.5670 62.5676 96.3986 -83.4434 -65.1293 -29.6868 -99.4043 -68.0087 -80.3923 75.5664 1.0174 -37.7948 -2.1043 -95.0308 -23.4991 -87.2876 96.6164 -65.0171 -47.9145 45.4276 49.0335 1.7797 77.7679 -81.1136 -44.2260 -3.9420 -9.6296 -58.7661 -7.4295 25.1457 73.5083 -81.9375 80.4757 -51.9553 96.0367 -93.9951 65.7427 -18.2917 -79.7040 -9.6081 10.1937 -45.3153 -25.6298 -13.1278 -15.7277 84.2502 -3.0635 -94.1900 -80.0685 1.8344 -49.2555 40.3227 -31.6356 -34.8311 -63.1426 -50.3112 16.1147 82.4290 -3.5176 37.4971 -57.3499 -36.1578 -31.4362 -38.6474 -56.4748 99.9684 -78.4400 -20.4421 -34.9952 -26.2217 75.5782 -62.0525 -58.1177 4.0101 -19.8486 -74.4388 -21.5600 41.8046 78.3719 -6.5650 -82.7771 -50.6639 96.4046 -78.9383 11.5126 -78.5205 -55.3359 37.9626 94.3236 -97.0600 -32.4778 -18.5555 -33.5252 20.5228 34.9577 73.5762
-96.7596 -33.1858 86.2444 -66.0847 43.1805 -90.8777 -85.2941 -40.1133 -40.3133 -39.0919 -93.9220 -6.0299 22.1034 79.2503 -93.6924 97.4730 -77.2959 -83.6844 -66.4141 -65.6605 16.8363 -60.5317 99.5578 -63.2915 0.8149 70.7024 -16.1729 86.7833 20.2899 71.1934 14.8717 -83.4049 -79.6064 -28.3314 76.6178 -97.2238 99.8585 26.0531 39.2925 -60.0130 -6.4580 -28.9596 -90.3166 -74.7729 -95.6346 -79.6125 -39.7617 -49.5333 29.9516 18.7782 -5.9588 -76.2430 30.5562 -99.6372 5.0298 18.4564 -40.3351 77.2169 -41.5855 -71.3484 11.2725 -82.2318 -35.7363 -7.0683 -45.2985 61.7919 12.1356 -77.3298 9.1072 -18.3256 58.9130 -17.6008 14.6885 -88.9228 -68.7581 82.1708 60.5165 95.1988 7.5208 -60.6365 -78.6140 60.9334 -88.1676 -38.4831 -21.1491 78.6410 68.0301 -62.0297 -51.9519 -18.7830 64.9977 -6.3275 97.8874 75.4561 57.4893 -99.3251 88.4133 -71.4816 -74.4730 -97.4356 -11.6007 94.2901 37.7627 -84.3609 -5.1125 91.5779 -63.7354 1.6387 -48.8741 -89.8743 -11.9414 12.9110 56.3894 65.5241 -32.6000 98.9260 -23.1545 -24.3922 -99.7995 44.5734 74.7791 86.2510 -92.2884 33.8124 17.0609 40.7473 -1.9108 -52.9588
97.2712 15.4262 93.5296 -29.4580 47.3717 57.6865 -60.5426 -89.2311 14.6825 -10.6669 10.7503 -61.1842 93.2455 -22.1291 -10.9959 50.8832 30.1195 -81.5156 -48.8854 -53.6556 -16.6106 75.1707 -12.9211 82.7060 77.8647 -92.6109 94.4247 85.0275 -4.4367 -38.9090 -1.4829 -92.3327 -55.7121 -61.8869 69.4951 -49.9328 -8.3887 -60.8554 71.4802 98.6405 0.0623 -0.5698 -81.0857 -32.3525 5.7185 -51.2973 18.7996 80.6610 86.8997 -11.2331 -54.9779 86.7531 72.2413 31.8398 -55.1307 66.2365 70.9549 43.1744 79.7118 -5.1472 -76.5748 65.1080 47.3294 28.5954 -21.1460 74.9918 -22.8830 17.0889 18.4982 -95.3534 -88.9243 82.6929 -30.0142 52.3354 99.1816 -15.1978 87.5354 -59.4574 -13.1871 13.8666 61.3876 -79.8783 -28.8594 -76.3974 38.0389 -23.2851 -65.7815 -92.4679 13.1404 -44.5416 45.8985 -74.6078 42.7760 -4.0176 -42.3453 11.8533 22.6711 -49.7332 -14.8348 -63.6266 8.0423 -2.5639 -63.9111 32.6739 57.1646 -13.4729 84.0189 71.0111 14.3969 6.4122 33.0458 -35.6528 1.2051 -94.9895 30.7025 -24.7881 -36.1113 -84.0449 5.8461 -29.7396 88.0766 -17.2356 96.5982 35.0058 60.4630 -92.2483 86.7122 -37.4037
-38.5406 15.1491 60.2397 -14.6420 -87.4247 -27.9140 12.2721 9.6936 -2.5765 51.0473 -63.8146 58.8841 75.8406 -27.9792 -30.6775 15.9550 -3.4202 -25.8662 -49.1378 60.3866 45.6732 -49.5055 -15.7250 34.1887 -55.6551 90.2973 -93.7227 26.5193 92.9735 5.9628 17.8528 27.2463 96.3423 -0.0058 38.5508 10.3564 -26.0541 13.5105 74.0203 35.3143 -75.0279 28.2941 -21.6248 16.8971 -56.1632 73.8679 81.7654 83.3258 42.2104 -49.3245 -22.0263 -43.0303 4.3762 -55.3099 18.6849 -37.1223 -43.9674 5.4984 -17.2854 64.5708 -60.1935 7.0503 -46.3715 14.0663 61.8045 -41.2887 77.4375 -71.6313 21.2685 65.0214 23.1584 -56.5159 24.4065 -16.6795 9.6697 -27.2769 -88.9363 55.9650 -44.6768 17.0341 -37.2540 95.9049 10.7918 -36.0690 -14.8984 -47.8683 77.3646 -68.6304 32.8538 -56.2389 69.9831 80.9062 25.3294 16.0835 -2.6108 5.9033 -74.2758 -66.6699 56.6128 -45.8982 -14.4478 20.0863 -55.7529 -32.0062 -79.5059 -77.2374 -43.1311 -69.6315 -1.9985 -71.8856 98.3160 -70.6370 -25.1610 -66.6386 27.3276 -1.8914 -59.0116 -13.0014 60.7602 -7.6405 -21.7746 -38.5129 97.6431 74.8593 26.5526 -95.6779 29.4322 61.9704
-10.4588 39.8525 -37.5407 90.8946 56.8403 -61.7375 1.2436 14.8474 -33.0649 -82.4985 99.0208 66.3203 13.0839 -18.6975 67.0244 35.6093 -76.9838 -61.0216 -79.3691 -28.1640 36.7040 -77.1965 -1.6500 -53.5590 30.4763 -61.7969 3.1156 94.5564 -80.3557 39.9858 19.0621 94.9230 27.7156 -73.7315 88.0164 -52.7180 90.2302 53.2428 16.7739 -74.3777 76.3512 -83.7829 -83.5774 17.2004 10.5498 -48.3533 24.9938 -67.8014 5.9003 25.7545 -21.8423 -36.3247 25.9896 -16.1242 -38.2620 81.3283 -48.2194 -59.6649 64.4838 71.9858 -52.1167 -97.0641 -89.2259 -1.7226 -85.5564 -58.0043 46.5255 -36.8909 30.6102 -35.9378 48.3459 -42.0249 -89.9699 -93.6145 86.8175 -62.3594 88.5307 20.3214 -22.4322 -52.8527 -17.3160 -98.9310 -29.1202 80.5463 27.4170 74.2291 -48.0291 94.4802 -91.2739 -78.5592 -26.2981 -52.9112 -44.3577 85.0719 -43.6931 -36.8004 -14.2756 14.5093 98.0553 57.1943 -96.6223 -20.8006 16.8854 -10.2759 80.9929 -65.6291 -63.1865 46.2699 -69.5055 19.4768 -56.5735 92.2074 1.6203 -53.8512 84.3592 19.5392 48.3596 -25.7906 -48.2121 91.6229 -48.8486 -9.3149 -57.7050 -26.4197 -18.7274 -98.2254 60.8138 18.3236
-78.0660 96.7649 34.9955 70.3223 -12.5373 32.4402 3.0936 -1.4827 -30.2119 -71.5349 -73.7298 95.7686 -19.4936 -24.8852 28.8523 -86.2776 -8.7381 -75.3221 -93.1203 -31.5473 94.4539 80.4147 85.0266 -85.1988 -86.8182 26.9985 37.9478 -10.5019 -67.7055 77.4305 -76.9607 -66.6289 99.9720 36.9082 -68.4450 76.5153 -88.1362 22.7255 -52.0707 68.2039 61.0845 -50.9933 -78.3858 26.1514 83.4685 39.8225 96.1746 16.5318 -36.4678 -49.2017 -38.9124 -7.2299 -62.1866 19.2364 -11.4789 44.7394 -3.2799 -45.6703 -29.8931 52.8695 99.7068 47.6845 11.7698 47.9490 -74.4246 59.0985 31.0306 -62.4589 88.9191 76.5401 39.0372 -12.3270 91.4934 -39.7608 36.1704 81.3492 84.1190 -69.8421 -41.9498 -83.5122 -90.1454 11.1140 -17.7031 29.0869 9.0457 -62.7211 16.8486 -65.9544 -10.5388 -32.6148 82.9057 -87.2125 -17.9612 -59.8094 10.2922 -97.1843 -3.1951 -61.0426 6.6397 92.0613 -40.8379 26.8186 68.2014 78.4526 97.5964 -5.5228 23.5721 65.3379 3.2637 -50.5779 -67.5119 44.9416 97.4484 9.5863 -40.1204 -90.3985 -57.2801 -57.8294 52.0859 -65.1527 -10.6121 -25.8568 -47.6856 98.0095 -74.8418 29.1537 -4.4381 19.0728
0.2071 94.4858 4.5911 -12.0139 73.5211 35.4696 -66.6293 23.6731 16.7374 -58.2639 -58.3422 -72.9558 -96.2579 85.1356 -83.9602 27.4361 2.7183 64.7320 65.4328 33.2050 -36.9911 -25.1590 -19.4416 -31.1138 -35.9243 60.1880 -81.2972 -95.3960 -94.5268 36.8155 94.2687 -18.2096 6.0904 58.0828 -26.6292 65.1607 -64.3797 71.4331 90.3430 -65.8285 -57.2215 41.3975 32.3403 56.6976 37.8572 14.9236 -44.5588 -5.2651 21.3028 -71.1553 -17.6199 -48.3072 7.6803 44.3008 55.7772 6.5551 -7.2550 -36.8362 57.5955 38.3342 -99.4283 12.4750 93.9441 64.8310 -30.5495 71.2626 65.0440 -65.1908 -83.5859 62.0296 -68.8940 8.1823 82.4454 -92.2383 48.3263 50.1684 93.7389 34.2666 1.0931 -66.2782 -87.3821 7.5750 96.6554 26.7961 -42.5424 97.6779 -85.8543 -19.1141 40.8129 -42.4367 95.4927 47.1161 -15.0328 21.5999 -20.0556 -70.9057 2.9476 99.2182 -46.8424 -81.6478 -39.5324 -1.3401 82.6816 -16.9207 -92.0004 75.8396 -5.4511 -90.6601 -94.5438 -16.7951 49.3237 -48.5749 49.1755 21.4200 -58.3416 -88.4131 -16.1283 6.5345 44.0601 59.0841 0.2515 -52.7382 -3.5255 93.2980 14.5450 85.6423 -85.5241 55.1708
-46.8127 10.9329 98.2665 44.4651 -92.7291 32.8685 79.4060 -17.3334 36.9846 99.7203 85.2942 -24.6358 27.1794 49.7028 -96.0010 56.7810 -93.1136 -65.2394 -81.5090 -89.0016 78.4685 -52.0573 98.8783 -25.1160 66.1665 23.1082 28.2878 -64.2244 31.7459 -55.4111 79.0035 84.3984 40.6686 92.5698 -34.7112 53.7106 39.4561 40.7682 -64.1060 -5.8108 -83.6486 -46.5431 82.9044 -24.9143 -37.6220 26.4708 -3.4458 3.7420 67.7270 58.6517 9.3201 -19.2263 -19.3882 45.4955 64.5508 1.3936 37.9385 -99.3944 -81.4615 -68.0365 60.7817 66.0999 -42.3369 -14.5113 -52.7850 -4.2499 74.8178 -27.2594 3.4526 33.4116 -40.7156 31.6315 -76.4193 57.5339 -0.8740 49.2837 81.0757 7.1435 -74.3148 -20.1723 -24.5569 -9.8678 -93.5708 32.3811 -9.1661 -96.5525 -6.9831 31.1789 -81.9093 -12.5870 -87.0684 29.9218 86.6518 -19.1182 -54.5314 -67.7684 12.4107 18.7207 -27.2629 -53.5439 -1.7824 -32.9005 -43.1278 94.1470 -85.8395 -41.7939 83.4916 63.9955 -49.9884 8.0716 -33.3185 -7.3191 -93.5751 13.8911 69.3223 -73.0793 56.8610 39.8509 -14.0161 -63.1425 -45.2539 -78.2419 57.3514 -38.1682 -17.9294 -12.4307 -52.9596 -72.3130
-26.5889 -20.6216 -97.6391 90.3905 -43.0805 -4.1392 10.9419 88.7598 -53.5418 97.4297 -67.9202 50.5445 -20.3530 -53.0144 55.9087 30.1104 -46.8502 4.1139 -0.7581 -2.3007 -29.4354 24.3867 17.7342 -81.5264 -57.0654 20.0409 58.5076 14.4854 3.4131 -39.1541 26.9839 55.6717 9.0448 27.7203 -11.0724 14.4197 13.2807 83.5523 63.5590 -19.6229 -55.0780 -92.0205 50.4151 -23.8893 -98.4557 50.0128 3.7810 15.1330 -21.0681 40.0117 73.1245 -80.9639 98.9225 -95.4704 -71.2349 53.1232 82.4823 89.8979 -4.5217 -96.7831 10.5548 6.9179 -54.6828 66.9596 54.0330 -29.5764 -3.2053 -69.8306 -61.0946 -1.8491 -17.4272 0.0375 -16.5370 49.3731 -64.1321 -37.2116 -15.7929 -7.2143 61.4188 33.6887 -85.2489 -24.0426 -8.2148 7.1433 -56.6575 -9.9489 83.2783 28.0559 -73.0968 29.7620 -46.8513 -21.3798 -5.4611 -13.6418 -2.0434 51.7122 59.8698 -20.6450 60.4203 50.1183 37.0401 36.5298 -8.1566 -17.3075 -93.6924 65.3965 -6.5161 -91.1729 -61.8450 -47.3281 -6.2896 -9.8757 24.9316 -15.0144 -91.8204 -54.0351 70.4156 51.5665 47.7137 58.2253 -70.8934 -12.0427 -38.3191 10.7618 -26.5476 -28.2201 99.4706 81.1325
-82.6366 -22.4898 -2.4154 45.1442 51.2530 91.6311 67.2046 -2.8289 -63.9274 91.7105 33.9371 85.6159 -1.5196 -35.1075 41.7984 76.2332 -31.1327 14.1170 72.5095 69.1364 70.2907 36.4515 42.9588 -25.7633 86.2164 73.3234 24.0889 -48.3051 -82.7796 -55.1452 28.3641 -94.1658 12.0649 -68.1146 -75.7351 -35.7323 -12.6183 91.9558 11.5356 -90.6650 19.8160 -39.4461 -97.7308 45.3966 84.3177 11.7323 -96.9772 57.8114 -26.5840 -74.7387 98.0252 3.0724 54.6762 94.3520 47.8124 33.0031 -76.3728 -79.9713 -17.9395 -10.7434 -17.2671 -60.7569 56.4919 71.5644 95.3658 7.4757 10.8904 -62.7977 4.1830 -64.5551 76.3589 20.5049 48.3395 56.8662 -26.4156 -73.1417 32.5801 -69.4912 -29.5404 -42.5717 76.1016 -85.5278 75.0391 10.9292 73.9595 60.9054 89.3645 -5.4909 57.6658 -72.7413 23.0972 -7.6732 55.5955 45.5872 -18.0072 -88.9632 12.7426 -49.0271 -49.6464 -77.9912 -74.4208 -85.0344 51.9862 53.8269 2.7335 -10.4423 -32.7528 65.6909 89.3580 18.9867 -8.5141 -16.0660 30.1762 -63.2123 77.5476 -21.1391 88.9497 -59.7742 -53.8244 -45.4025 5.4370 -48.0168 78.0971 39.3806 75.2208 -31.7902 84.8462 13.4134
91.8572 37.3780 59.7558 -69.3632 7.0923 47.8038 -42.6540 31.9522 81.4776 8.5645 14.8436 -1.3008 -23.7695 50.4361 27.9108 -30.6011 -33.6059 -4.5956 15.4531 23.4892 -83.3236 70.0254 -63.4005 63.9798 -13.3546 11.6243 -18.0790 -0.5683 -53.0674 -91.4608 -45.0534 -16.1652 55.2098 15.1097 -97.6430 64.8000 -81.2782 -89.5512 -65.0659 29.3622 -73.5406 69.8218 -86.5825 66.0942 90.6902 85.7846 -91.6112 35.1438 -37.7272 -34.4962 -35.5563 77.7154 -49.6824 -26.2913 46.1688 33.5859 -3.5203 -54.1626 25.5820 83.3139 50.7137 -7.4732 -65.0477 12.9733 45.8994 94.5276 -51.6016 71.4165 -49.5922 -25.4027 24.5217 67.2301 10.9830 45.9998 -49.2943 -38.5699 20.0157 -33.5650 -38.4755 10.7125 50.7517 -82.2304 6.0630 25.4853 -95.2858 -38.3831 51.9224 -29.0132 50.2526 -23.0317 -66.2046 -5.5054 -87.4664 88.8643 45.3656 26.0978 -87.5975 -29.2062 45.0588 -77.9313 11.7131 -1.6576 -63.4771 -16.9416 -42.8085 10.9170 75.3008 -35.1390 92.9661 99.4595 -80.3819 88.0509 -23.6497 -77.4497 37.6155 83.8932 -27.8639 -62.0105 32.7062 95.2090 -80.9790 -12.5374 7.5978 45.8762 -55.6308 -46.9376 2.7245 18.8334
-84.0154 11.1047 -21.2465 -59.3369 7.2109 -39.5799 13.9723 77.1891 85.1007 44.6550 97.6195 16.1592 -27.3760 59.4210 11.5490 40.5114 -52.5203 -53.7625 -32.8842 27.1465 1.9270 -56.2142 -29.7404 60.1353 -71.8749 -53.6642 75.6905 23.8733 98.8301 41.0113 -2.5751 96.6054 -22.7369 59.1724 92.2852 48.8137 -58.3996 22.5167 -14.1973 -55.7986 46.9623 80.6280 -14.5442 -34.4306 -67.1650 -47.6904 99.0980 49.6877 56.8999 85.7162 18.5005 -62.9334 -36.7938 48.6563 -61.5886 59.0614 45.4657 41.1813 -89.4860 -2.4732 68.1612 66.8454 -80.3558 -84.7182 44.7138 -31.6432 -45.6924 89.5659 12.4655 47.0000 -64.2931 58.8418 78.8196 -87.8604 17.3450 -77.5716 11.2230 44.1047 5.5061 -76.6700 -33.3562 -8.7311 -12.9849 30.3885 30.0533 -81.2282 34.7421 -90.9686 -91.8056 24.0268 -15.7329 94.2701 -25.1475 -43.3857 4.3214 49.4229 -52.5618 -32.6546 -95.3991 -67.1998 73.5346 -35.0737 71.8098 -60.4302 -86.5354 -77.8427 -95.5808 50.2605 -93.9809 -19.2724 -44.0193 -72.5757 71.9579 -93.6025 -15.0879 -78.5020 -75.1559 -68.9548 -48.3693 5.0917 4.6209 -84.4149 26.6431 19.0983 -68.5552 19.2266 -83.9043 8.9530
-31.7139 97.5879 -67.3573 59.5972 95.0861 -19.6547 -58.4282 -98.9322 -36.7161 -33.8999 33.9450 47.2500 57.1719 -71.2956 -24.2687 -93.6634 34.2672 -23.2103 -50.0458 -92.7255 23.8888 -45.3101 -72.1500 14.3767 -21.4731 -48.7444 4.3629 -22.6162 -45.8903 -11.9716 -44.5324 57.6967 14.5641 -96.5397 11.3220 -26.0182 -67.2582 72.8450 42.2471 -7.7320 -39.0112 5.9265 79.7823 12.5618 -69.2600 -73.1357 55.8881 74.3608 11.6562 -36.4485 -92.1287 -86.4586 98.2051 83.3870 44.5960 3.0301 -69.2057 -2.8420 46.7073 -4.7086 -67.2222 35.2509 99.1431 -41.7824 -80.5884 61.9952 -8.0333 -2.1515 -64.9458 -60.1235 99.3629 -48.8137 63.6032 -23.4173 -96.4091 -74.4224 -45.7103 -85.0009 -6.3559 55.1632 -54.4539 -6.1656 -73.6935 -37.2032 -65.4693 -24.4923 41.6477 42.4290 -16.7136 10.7675 53.4630 46.8387 -60.2268 28.5421 -9.4997 63.3432 -27.8350 49.7540 -33.9899 -80.7594 -71.2062 16.6789 93.6380 -41.2480 -87.6213 1.6083 -21.5525 66.7265 98.8973 52.5236 -20.3499 -35.0435 -43.1005 -16.0118 93.9348 -77.5911 -6.9078 -27.0885 97.9010 -18.1144 14.7697 12.6226 90.8506 57.5234 36.4905 71.2441 41.7347 84.8005
