128 128
41293.3 -11883.4 36757.3 -63427.6 -51265.6 68734.7 10074.3 -43448.8 62387.4 -50876.5 4492.16 -52758.6 -25335.7 15752 9400.3 -316.176 -13597.4 42104.8 -13137.6 -35383 11344 -7509.23 20226.7 14799.9 -4427.83 -54666.1 21750.5 -38210.2 -42469.1 -23978.3 -45931.9 -49207.5 16362.3 37535.3 -12197.1 -37793.3 15448 54472.4 -8966.64 80781 -3771.98 7211.12 31734 24331.5 105286 36294.9 3692.5 10032 10459.3 2977.45 -1525.02 32481.1 -9229.31 -56290 16795.8 21370.2 -66594 55553.3 -21502.2 -23481.9 395.474 -3072.03 28247.5 -23720 3718.04 30079.4 -33199.5 -11348.1 -24552.2 56491.3 17157.6 45125.6 -50605.9 34401.7 16402.3 -21781.6 41599.4 65714.1 20124.7 4280.01 23207.6 -1095.68 -8684.38 -25862.7 -45322.2 23280.6 16337.1 27335.5 -64260 -24596.1 39162.3 -2404.26 12188.1 -4547.91 50737.3 13283.4 -1501.7 -15017.6 11637.2 40506.8 8505.44 -6243.34 33235.9 57745.8 19335.1 7562.56 -31603 40263.6 -27610.9 38477.6 32266.8 -52062.8 -18091.6 -23300.4 8234.11 -9059.8 43512.4 -571.032 39464.7 37679.6 36356.9 -33584.8 -94086.3 16387.2 45580.7 -7754.08 -41119.9 19345.2 
-34922.8 -29490.1 -15386.2 -42544 -20411 8169.11 1728.59 86930.5 30671.9 16922.5 54093.3 51490.8 -50894.4 10599.6 68756.4 -40652.1 -17209.3 -58480.9 5170.08 -27586.8 -16388.6 -962.835 -46872.4 -7576.33 30564.8 -1328.06 30218.4 49117.8 -13966.2 -84177.7 5375.45 -80267.6 79726.6 25417.5 -75231.9 48404.2 -22611.7 -56453.6 -3181.42 36377.7 -39944.7 -36447.9 -11699.3 -51773.6 -3762.44 26767.2 -53089.8 -11390.6 58135.9 -15179 -42003.2 64917.4 -6931.27 -27883.2 56172.9 42236.8 -33070.1 -35530.8 21035 -19348.1 -14861.3 -21245.8 -73676.6 -50385.7 11171.3 17295.5 -97153.4 76232.1 2260.27 18921 40487.3 -6598.12 27849.9 -6135.9 9229.58 52113.6 61334 -63113 3345.79 -82933.1 -13629.4 2004.02 -27948.5 -60442 20306.6 -40559.9 14274.4 964.922 -3768.94 10733.4 29762.9 64342.4 -3623.11 73425.4 44164 79434.4 24492.9 -15104 -22895.4 225.584 37079.8 -6039.96 -33521 -45259.7 6532.37 -13046 1006.95 13998.1 37255.2 -50845.4 44384.9 81214.7 34061 -10445.9 4218.22 -4746.46 7854.76 4902.65 -19375.8 38198.7 66782.9 -19949.9 46366.5 415.436 8626.05 -52091.5 16925.5 6648.6 
-47061 -9666.07 -29392.1 -12432.9 -58572.5 -2247.28 37189.2 30459.1 -36740.1 -11043.2 15288.7 -84758.2 -19916.3 6569.58 16044.2 -3506.92 -23593.6 -8736.38 16533.3 -56851.3 50018.2 -65004.9 36411.4 -15443.7 -16380.5 -48826.6 15055.1 -7308.08 35715.2 8569.86 -712.985 674.526 25676.8 -18726.6 -24428.2 -42476.7 -28218.1 23057.9 -26035.2 82934.1 -43445.6 42494.3 53665.1 49195.1 21263.8 -34723.4 1456.36 -63631.2 24399.6 -4144.83 31555.6 11706.9 -52207.3 -834.051 -22983.5 66586.8 67459.1 -40089.6 -14269.1 58403.3 5943.52 22168.6 -44604 -81341.1 -58681.7 38815.3 11070.6 10224.1 33392.2 -2805.59 -7679.98 -10606.5 81676.4 9126.77 -8618.47 -25595 -51798.9 13796 38174 1584.63 21525.5 17714.3 -9128.36 69152.1 10829.4 2999.49 34498.8 28748 -78855.9 -812.785 -26802.7 -19452.4 -70732.8 -46181.1 59200.5 13986.8 -12251.8 -29862.9 25409.6 -21025 -25888.6 -54990.6 -17926.9 -41029.9 60804.2 -32830.2 -35701.9 -22510.4 36751.3 -6940.47 -70521 -23242.5 -1777.7 38692.6 -48494.3 82751.2 -9156.89 42943 -21492.2 -73184.1 8186.09 -1456.14 -44475.6 -2304.57 -48554 11897.4 18767.3 15847.2 
-33242.7 60213 10632.8 -60053.3 14314.8 -84626.5 -25484.5 53664.3 15385.7 1957.21 37796.5 19689.4 35735.9 11935 8843.92 28478.6 187.415 31783.1 14813.6 -53804 -863.756 -33996.1 -33279 31053.8 56549.4 31422.6 18536.8 22610 -3636.95 23017.9 -19465.3 5812.74 -49190.6 -10557 -31120.3 -46433.4 2086.51 34483.1 16149.5 -25799.1 23066.5 7667.38 -112277 4696.39 -8159.43 -6522.87 3634.73 59854.2 -53125.6 -16833 -50282.8 -28869.1 -14689.5 -2878.46 -19372.3 18208.5 -26095.5 4851.31 8676.13 28400.9 23260.3 -23029.3 47317.8 -11746.1 88935.8 -10198.6 7957.6 -12034.3 12476.9 -59438.2 -12706.2 30444.8 -1229.2 -49061.7 -71166.5 8882.83 -29983 -28973.9 73889.5 18247.2 -41366.5 -24113.1 10583.9 2744.41 -87789.8 25389 -7348.37 -78405.7 9613.71 -15748.7 12159 -7675.76 -33136.9 -32753.6 -56786.5 -19953.1 -72030.8 52505.8 1938.14 -77054.6 18925.2 -28668.7 96877.8 18436.2 44771.2 7729.22 13931.5 -49736.7 6591.65 30889.1 -60704.5 64219.6 6728.97 -56901.2 18011.2 -70218.9 89244.3 -35956.7 -3244.13 19879.6 17911.4 -12237.5 1168.45 39578 -63635.2 -18288.3 7936.38 -32919.1 
-9506.17 -28253.6 35401.4 -25488.2 43938.1 47330.5 -19903.3 12242.5 -24380.7 81718.5 10767.2 -20748.2 4307.59 46850.3 13770.8 15320.7 -39173.1 -43990 34502 -30112.7 19570.6 17400.6 30578.3 -18937.8 -65946.8 -9436.55 -20747.3 64076 87108.3 26533.9 -404.241 19581.7 -9581.86 1943.49 6469.91 -28439.7 -13713.2 -15465.5 -7698.2 91284.9 -988.563 -20492.3 73468 -62862.5 47455.9 26542.7 -41739.8 22400.5 41906.4 -73263.7 -339.692 -67588.3 -46625.4 -747.962 27127.8 -3431.89 -5651.8 58636.7 -61274.8 34134.8 -61148.1 17206.6 79466.6 64817.1 -52875.8 56011.2 -44595.6 49405 -13891.6 4674.23 48622.4 -92125.6 -27868.4 14703.9 45804.4 14100.6 64425.8 -16930.2 26001.1 13025.4 -29273.9 -57374.6 -30749.1 -50754.5 58765.2 -10456 51293.1 -43403 42905.1 -2178.45 14170.7 -42311.3 13000.6 -3975.69 26752.1 -13974.9 21455.6 -29940.3 -22872.6 42592.6 9303.65 4452.19 58439.2 20414.6 -3545.96 -79021.1 15878 28513.7 -39769.6 24865.6 -50206.2 -47083.2 -26032.7 54627.4 10345.4 9573.02 -42716.5 -8734.11 22334 18667.7 -26576.3 -21097.4 54946 11916 -4567.22 -68936.7 -38313.4 60316.5 
-50981.3 4719.36 69599.4 -14383.8 36618.4 37654.5 56.6427 -27947.4 36905.7 -14367.9 -16245.2 2481.74 -2190.45 -27738.7 28211.8 -6466.65 56829.6 24014.2 -3200.41 21342.3 -36545.6 -195.623 -42241.9 14568.7 3508.31 -31220.6 -5392.94 55350.6 -19737.7 -22942.5 27767.3 12494.5 -68579.7 61959.6 44316.8 -35832.7 577.674 -8467.95 -27069.4 -81384.8 -26529 44915.8 -27248.2 973.129 63813.3 52879.3 -27298.8 -16744.4 32950.6 29889.3 -48886.6 43367.6 7396.12 9349.32 -22785 28489.3 5359.88 33989.8 -27887.2 -3949.73 23226.1 48757.7 42140.4 29859.9 -9295.36 -29324.8 -35748.8 10909 -46658.5 25618.3 21258.3 3934.94 -17267 -43079.2 -28812.1 26438.4 13446.9 21720.9 -47765.7 -22603.1 -23548.9 22709.8 26981.1 38271.7 -25532.8 -52694.8 -74859.6 -26298.5 -14793.5 -41480.1 -6442.51 -58647.8 -13445 -28569.5 -52069.4 -54015.1 8162.29 27296.3 -27000 -65876.5 53992.7 -21747.1 32683.7 21459 21786.6 61792.2 45860.8 3780.23 4277.72 -77610.7 24255 65306.4 -35904.3 -30570.6 17634.7 9683.37 -23810.4 -38773.6 87749.6 -13478.3 24592.8 -48142.6 56776.2 -24954.7 25445.1 21173.4 44838.6 -68954.9 
-53362.9 -49835 -17779 -23860.6 -44036.7 -17567.5 -38307.3 5082.78 -10893.7 -22287.7 53070.2 -8501.01 -8272.57 27039.4 6635.17 40381.7 33810.6 -35754.7 45600 41689.4 25865 15218.9 -45856.5 56366.9 60806.9 16828.3 84604.2 -41804.2 19581.2 -32433.6 -8286.79 -6209.07 -70195.7 29939.3 26686.5 -14951 -27367.3 18089.4 3413.51 35739.1 -9736.91 -26100.7 43048.1 -10185 1022.81 60197 18005.3 -21103.2 -31656.4 -23536.5 -55056.8 12166.4 10858.3 -52598.6 -3536.46 38932.1 -13141.2 -58249.5 -6200.71 13050.9 40153.2 6731.34 -41781.6 -57085.8 -39303.7 -44173.4 30967.2 52388.8 -3033.02 -60529.8 32443.9 -1347.22 -33881.7 -9902.15 11656 48596.8 25682.4 -9898.35 10218.9 -34382 -7234.28 22150.2 -3259.99 16596.5 -33212 6466.73 -12966 48527.7 -30626.8 -31467.9 -28360.7 79871 11938.6 53961.7 -18110.4 11596.2 -6313.3 55988.4 21922.5 -5311.93 -63138.5 -30094.8 -54876 -47766.4 -52637.6 48693.4 -25358.7 59268 31876.6 -17773.2 -97301.3 -33741.1 -17150.1 18945.9 -4078.72 -2000.87 -87046.8 -51329 12409 -4990.45 -39016 88294.3 -5801.75 -86181.1 36718.9 -7484.45 -7135.41 58983 
-14090.4 11831.5 -54433.3 65341.1 26269.9 -53581.5 -5396.92 16845.4 -66347.2 57916 18913.8 -62228.2 -4489.96 -101837 40923.1 -18658.5 -46271.9 -23237.5 47271.6 17933.9 20446.6 -7492.11 32416 48431 19459.7 -25910.6 22895.7 -23035.6 15446.9 6351.49 -3498.02 10835.6 -4266.07 -8999.63 8055.99 66895 48717.5 -16176 -67943.7 -40027 -4070.36 -32424 29242.6 -3226.59 -32949.3 -71540.5 41520.7 59340.8 37536.4 32709 -52550.9 -49939.8 -24770 -49826.7 7087.17 15478.4 23092.3 -59816.8 38606.8 -28728.4 -29067.6 -55730.7 -26654 -17718.1 22568.8 36096.2 -56918.6 -4597.09 3524.75 7438.4 -74137.9 31457.4 -24336.9 25907.2 59715.9 -22897.1 56850.9 75246 85363.5 61688 -22346.4 -34902 16903 48928.7 33650.2 48087 -747.458 -66780.2 44924.2 13447.4 89214.5 40762.8 71080.1 -5331.91 -10978.3 -17216.2 -19790.7 -21048.5 27030.5 39870.1 8899.04 34429.9 -35825.2 -4076.22 19659.9 -2591.19 -73430.2 -5050.4 -25148.4 23908.9 -3326.88 -37164.4 21264.3 -31198.5 -19692.2 -30325.9 -6489.31 45738.8 -9335.63 34860.8 -24743.7 39771.4 -92154.7 -30316.5 -90040.6 36128.8 47091.7 -82474.9 
19772.7 -30549.3 -61728.9 32141.6 25695.1 36090.4 36105.4 47810.5 -27090.9 -40787.8 -45.9782 -3398.91 -48429.7 -63713.9 69811.2 -14343.5 49.4806 34843.1 22255.4 2307.85 -81016.1 -22597.3 -47031.1 -40792.3 -46584.4 16224.8 1211.01 6388.06 10294.6 -1599.1 -18687.7 25349.5 47793.1 19319 -4928.94 2763.99 -94084 1384.58 8567.49 -1258.12 1100.87 -23707.9 -60365.8 17071.6 8582.44 -36595.8 -27775.4 -21227.3 -33966 6147.99 27725.9 19953.8 -39073.4 -38132 71541.6 44560.6 35967.5 -26028 -43607.8 -20748.1 -85517.2 12320.2 3384.82 -1575.83 -19819.8 -2982.58 79620 21787.7 36040.6 1361.94 478.793 -21514.8 21309.3 -76986.3 -29821.8 59253 -24726.5 -58129 -31852.3 27711.5 -26083.7 4312.76 -76497.2 -78615 -19403.1 -39296.1 -15744.8 209.186 81670.2 5311.2 4038.06 -53434.8 21409.2 -1131.56 -59967.6 21258.1 33463.6 -67501.2 1557.16 -34197.9 -15200.6 26123.7 -8781.82 21122.9 27942.7 38285.2 57001.4 -41306.7 40058.4 -22879.2 12270.9 4945.59 9518.12 64812.2 -2116.35 -93574.3 -68076 -19162.7 -8669.31 3401.58 -44136 -70099.3 -9839.04 -23138.4 -54575.7 13711.3 -33104.5 15274 
-107402 38356.4 -5441.78 5195.61 -20376.2 -49626.9 -23490.1 -27029.9 -12.6583 7255.05 23653.3 37113.4 -39838.1 28920.4 -17117.9 -37009.7 -5034.47 10394.6 -38098.5 -24567.1 61471.5 61657.7 -37885.2 65637.9 -22555.2 -15208.3 65226.2 -43976.2 -15619 22852.5 48153.6 -10012.4 -18728.6 -54400 -19853.5 28015.9 17340.1 -14101.1 -13767 147.126 -77595.7 58386.9 39799.1 -1207.16 -74441.8 64684.7 -31123.5 14587.3 -21269.9 74283.8 -65582.2 28344.5 94098.2 50766.7 -24469.6 12317.4 28212.5 -98147.1 48514.8 -31452.4 105663 49962.4 -33039.9 -24620.5 21731.9 -15627.9 -18959.7 84173.6 -15033.5 -26491.9 15705.9 45491.5 66943.5 -44388.5 34042.7 -29257.4 -33604.8 -21264.9 -42673.6 -34995.9 -30785.3 6334.51 33084 -29529.1 -45207 33860.5 -11083.8 47594.7 -53045.8 -839.864 -9751.93 -982.807 -28646 -28701.7 -23050.6 48168.7 49732.3 46721.6 21427.6 7662.66 -12221.5 8188.05 -28242.4 9356.54 -24578.9 25896.6 -19608.1 -3081.63 28998.8 20530.7 45423.6 -821.902 8912.04 -2998.54 58604.5 30683.2 -38514.1 51785.8 13500 5835.41 -1317.62 51427.1 35293.3 -66243.1 45372.6 -8585.77 43769.8 -30586.2 
16356.3 -26486.4 -53188 17165.2 -7499.31 2629.49 977.31 -3390.41 15596.6 -39017 51277.6 40970.6 -43031 -33650.4 54885.9 54911.9 -33593.9 33837.6 -7241.84 -2109.29 40289.5 -22377.4 -19369.6 -16973 -43253.2 -23894.6 -64150.5 -19562.7 -5930.28 -15094.9 19763 28226.8 -17422 -20115.9 60964.1 9452.32 41198.3 -10591.6 16900 31943.5 -58043.7 -19909.1 -54124 2145.16 -73979 -82918.8 -16449.4 -25377.8 -54323.2 59634 77914.8 -6555.65 -23801.2 28506.5 65973.2 -21483 18699.2 53700.9 -26180.8 -23638.4 14960.6 38442.3 26523.5 18385.1 22755.9 -19587.1 62641.2 14839.1 -5726.93 30632.7 -43071 -44416.5 8512.75 25229.7 7024.78 15644.3 2437.92 -31669.9 26821.3 -46655.8 43179.8 -38564.1 -9775.58 -24034.2 -7891.65 52719.2 -8721.13 -23574.1 11937.2 80562.4 -9458.78 -8103.45 -9261.93 -1258.84 -22433 13830 24319.9 10487.4 43919.2 26328 14785 38158.4 8662.09 8681.31 16263.2 1756.61 -13482.1 -12464.9 -40071 -6134.67 8208.15 -13005.2 -34352.4 691.263 34668.8 -844.105 -31872.5 -31046.5 -30649.6 -27126.5 19387.8 -14138.1 -3083.61 3007.79 16216.2 -25943.9 52703.6 -23746.8 
-30993.3 -63760.3 -32529.7 6212.94 9238.5 19639 -8072.38 -16049.6 -48502.8 19282.5 -11486.2 -44149.3 -64051 28387 4312.67 -31588.7 22300.9 -87390.9 19429.5 -8328.42 33058.4 -29591.3 -5197.79 6400.68 2359.56 10089.1 21087.2 -7080.24 2123.81 4071.14 53676.8 -10962.3 -19034 30245.5 -13646.6 27473.5 -30392.5 -21336.8 40742.6 38806 22553.9 -8508.3 9629.07 12590.1 76429.6 33384.1 -58809.5 -27933.2 -32076.6 2049.54 48959.8 5953.92 -64948.6 -75481.2 44436.3 -9747.53 64861.1 -4700.93 38270 -18404 -20606.8 56588.7 39741.7 56006.3 -17209.2 -49928.5 -10208.3 -39.6869 -20233.6 45222.8 -33329 38094.5 -18595.1 -58574.5 -40267.7 22842.3 9552.76 59521 -17779 -41842 9471.78 33137.7 -34270.4 18337.4 53314.9 -56336.8 22461.2 -28488.2 -35762 -43901 -20462 -19035.6 37987.1 59215.8 4262.02 11330.2 -37268.7 -32501.8 65462.5 -42468.5 -411.483 -25544 -52450.8 -60114.3 15400 44732 315.906 22602.9 15095.6 -29233.4 31182.6 -30743.6 -56682.8 23210 25911.5 85557 -37266.3 22113.3 -3655.1 15730.2 -20706.1 6955.55 -7157.1 24208.5 21883.5 -19150 -29094.9 -47847.6 
39153.5 -29150.3 32997.6 -18964.4 43400.1 -37650.4 45214.6 48047.6 -23418.4 -19317.4 -4387.55 43494.1 13750.3 -9518.19 -54307.1 -58672.1 -50498.7 51431.1 -9843.97 -77405.9 6627.57 6622.47 -37003.3 968.038 25805.6 47018.3 36755.6 17050.7 19475.3 28396.5 12132.4 49903.9 12462.9 -17206.3 -53010.1 -10507.9 -55452.1 28630.7 14144.1 26714.7 -21618.7 31723.7 -43486.4 16868.7 -79605.8 -71699.7 6848.64 19070.8 -34784.1 -61090.7 -51369.8 -22065.4 30286.2 20881.4 -11798.9 -22223.8 -23006.7 -25172.2 46939.8 18046 -32080.5 -56944.3 -10389.4 51457.5 -7133.8 -59248.5 39347 24633.5 24257.6 -18645.7 -63846.4 -20085.7 -8057.31 2855.65 -3993.8 23510.8 -13840 26661.4 -55267.4 -22338.3 -7758.93 -21353.2 -26198.7 18923.3 -33699.8 24271.5 -61819.2 -15174.8 40631.1 26069 -12452 56052 45955.9 55493.6 1739.07 91347.4 -36876.3 28550.9 21567.6 10712.2 4460.7 -16682.9 -23605.2 20092.8 20086.2 -21982.2 -1487.84 -20352.4 -31254.1 5749.89 -2475.14 20211.6 57767.6 2770.31 1928.16 -50738.6 -14939.7 -19680.8 38510.5 6607.47 -4527.65 -43011.9 23248.8 -63335.4 -18473.9 40272.3 18636.3 -55350.2 
43261.9 -8826.68 4465.43 37652.2 33386.4 -45003.8 -46203.2 -64931.8 -33447.1 28619.6 -72905.8 -39804.4 -33767.1 -14811.4 -32007.2 1314.96 -11649.3 25582.7 -62891.8 -12608.8 20736.9 -45572.1 27051.1 57452.6 -511.205 575.812 -20575.6 -25234.5 40621.8 70385.1 -23743.8 17534 35165.7 -8025.34 12978.6 -12686.2 -14515.5 26602.4 970.544 -29188.4 6473.06 7642.45 23815.2 26453.5 -31151.7 -13504.2 79082.4 60040.7 17415.4 17915.8 24231.5 38738 -54560.3 32464 -36333.4 -45324.5 73963 -41155.9 11822 59451.6 23075.7 -24600.5 31956.7 -21904.8 2380.62 2605.75 -8542.9 -17907.6 -28912.7 12968.5 -18387.7 -51460.9 27171.7 -8960.08 -22878.9 -19987.5 3549.99 30937.2 22765.9 10066 37908.8 34208.2 40925.7 -1624.14 9352.11 -10378.5 42720.5 -17638.7 -34147.1 26105.8 -29748 -15580.1 -13747.2 -15864.5 -76238.7 -23152.2 11394.2 84025.6 -28022.1 8561.5 -32984.7 25565.1 5097.62 -28193.4 -7661.05 33650.4 28575.9 62711.3 -44002.9 -35311 5521.43 52731.1 -14837.5 47635.6 -53860.7 29771.1 13497.1 15100.3 63072.7 -62840.4 42432 -4310.59 -36040.9 50760.1 57862.4 8325.27 37118.5 -49350 
26421.5 -5057.82 -32486.5 37668 18310.8 -45430.1 10185.2 5960.03 -26053.6 -5703.37 -23600.1 -53398.3 26661.2 11868.4 14137.3 98825 32570.6 6612.95 77873.3 -19778.5 1126.4 -18026.8 1253.92 -20577.8 29999.9 19832.1 -59964.9 -12512.2 15502.2 57007.9 -20584.8 -19625.6 -21148.8 82744.9 68343.5 -20900.1 15614 -66703.8 42444.1 28493 17546.2 -37622.1 18117.1 -29390.4 62086.6 -29526 76140.2 -43195.9 33354.2 7212.05 79902.1 -57977.3 -46926.3 -1926.46 21300.2 -11012.5 -32944 74843.4 -23614.5 17543.2 -14318.4 28008.6 -30233.3 -3666.18 -15206 125251 28755.8 -35093.1 -106234 -42789.3 58246.6 51878.8 -45175.2 -25386.3 48881.2 -18698.9 -19269.1 23134.5 -61507.9 -15790.8 -12546.1 -19307.2 31867.5 35443.1 -10444.7 18245.8 -44954.4 7189.04 22972.8 -61.2948 16900.1 76570.8 4221.58 29846.3 14367.2 -64622 -5259.92 58621.3 -16063.3 50443.6 -8350.19 -16272.1 18539.4 2884.75 32465.8 -33805.7 31726.3 52660.2 -60851.6 46489 -6223.22 -7076.99 -22712.1 -5266.16 46490.2 89249.5 -31665.6 4100.74 15015.8 22340.9 64300.4 -28097.8 -56192.9 10634.8 -35.8315 6718.17 -87482.8 55714.7 
-29740.4 -531.511 26557.8 -20821.5 12865.6 25244.5 38412.3 -3532.81 -40823.7 -3609.58 40771.4 17889 -35054.3 -99971.7 5612.84 -9603.63 1213.67 15635.3 33085.9 -61135.8 -142.435 -5478.01 10688.4 14933.2 4493.61 47776.7 -67198.4 1733.09 -55743.8 29377 46019 -4464.43 28287.1 -18899.9 -3870.76 -53824.1 -62465.6 33596.6 35693.4 -13161.4 -28972.2 3811.31 -37574.3 -11412.2 -33151.6 -48133.3 485.12 5615.85 -52151.5 -37919.9 -10428.4 -37557.2 -48871.9 15185.3 70947 -29233.7 13986 -47090.2 -64182.6 -53815.3 28720.7 -28166.8 -34836.4 22563.6 43593.9 -43767.8 31268 -17372.3 2157.82 43016.6 -17741.7 70061.5 28368.5 -98776 13662.1 21670.9 -12994.9 2192.09 -12311 -6566.42 734.425 -61398.2 -7670.96 -11270 11762.6 58825 31354.5 38373.8 -8266.38 3044.41 -27932.6 -71533.6 -52765 -4629.25 6019.81 10897.1 -6743.74 16892.4 18440.3 -33775.5 -5077.1 3671.4 134787 32410.9 4683.72 -23183.2 -8642.85 -51225.6 -26585.4 59470.7 10794 7999.28 -81306 -47664.9 13832 -33337.6 -3704.55 -30866.7 24323.6 23085.7 54493.8 -24978.8 15995.8 -75923.5 -69682.7 46465.6 18224.4 -10717.8 
-32029.6 41387.8 -22243.3 22711.7 37422.6 -47380.6 -29485.9 94698.7 9200.49 39298.9 -36853.9 -39562.2 -59781.6 -31130.5 37311.8 57819.5 -32776.4 -19840.7 -51487.1 17614.5 -2414.3 34431.3 -4515.36 9434.8 -63789.1 40227.3 6966.16 -28075 38326.4 -105687 -18584.9 -29517.9 -27651.3 -18761.6 13212.1 72116.8 -50515 26558.1 -30812.8 -16796.8 9750.64 -33693.9 6295.33 -37344.2 49862.3 25611.2 -23971.4 1088.14 14492.3 -66027.9 -29726.5 -23010.4 -39274.2 1067.41 26395.8 -71030.1 7456.9 29980.6 8439.07 27554.3 -19635.7 9796.13 -7398.67 -822.651 15579.5 -50629.8 -100474 20507.8 -153.746 7928.01 -39663.8 27898.5 -18839.4 -71901.1 -24394 -10180.4 29359.8 47021.9 73539.3 20973.9 -42729.2 53583.4 37522.7 -75952.4 8685.56 -63418.6 -1207.78 -43598.8 -3349.6 10636.5 -46569.3 81626.1 -48019.5 52790.6 -7074.53 5753.8 -2170.87 -55393.3 -28113.7 36472.7 47316.6 -61950.7 -34121.2 -10635.1 17733.4 4265.61 81293.6 2056.16 -396.811 20072.4 -20489.4 22877 14239 -76936.8 -16258.8 -15286.9 48070.1 58794.1 -65407.9 -87924.8 37417.3 -73455.7 27596.2 35269.4 -9239.6 26395.8 -23422.3 -59922.7 
-58062.4 40778.5 11901.6 -23488.8 -290.69 -57900 -5121.67 33107.7 -46799.6 12175.5 -3019.87 -71496 4955.61 499.497 -58163.2 46746.1 -22088.3 3397.33 -962.107 -14248.4 8360.78 -36325.6 67141.7 -6137.3 12511.9 -20484.1 6674.28 -28507.2 57760.7 45599.7 -44168.3 20855.7 -63416.3 -83881.3 -42903.6 -3303.12 -28117.8 1561.49 25713.3 -67465.9 57983 -44650.9 -9326.78 -2052.82 2712.01 11860.5 15899.3 8081.4 10901.9 55213.2 9035.39 -25096.1 -37212.7 50560.2 -41933 30550.4 -8375.06 11234.8 101439 -6158.02 12858.3 -48020.2 -17879.7 41948.9 -48247.7 83635.1 -68964 1563.84 -1496.05 -39929.2 -17929.5 -25247.8 -52714.2 -56893.8 -3237.83 -99563.6 26350 24501.6 17648.9 37129.9 -43031.7 36795.6 26105.9 66731.4 1514.84 956.971 31409.7 8521.6 -29196.4 -8946.59 -11944.8 -13284 24010.1 33339.9 31474.7 -46021.4 13303.5 -42305.8 -40105.1 -22315.4 -34186.3 38306.8 15457.2 -27576.2 -47737.4 40556.7 50849.5 -9724.55 11613.5 -35261.3 -97771 -28193.4 8839.03 -81690.7 -5687.42 -14871.4 -18716.6 -23350.9 26619 -814.688 -42577 73156.2 -40429 -12730.9 -49842.4 49181.8 -18564.9 -468.577 
-4324.21 -31731.6 13353.6 583.163 -48252.7 26974.9 -1548.27 8901.6 29310.4 27631.3 -82572.3 32172.4 -22091.4 -2194.47 -11566.1 -60565.3 -6559.65 -22502.3 -8000.89 64146.2 -21423.6 47982.3 -57178.1 -58324.7 -57538.8 -40033.2 32798.7 45802.2 -989.713 36456.6 -64409.3 -53726.4 12237.3 48103.5 -24233.7 -43020.8 26062.8 37619.5 -1599.12 -56691.7 136482 76930.2 24227.2 31944 10535.3 65817.9 7575.91 32606.3 30987 -9110.38 -35690.1 -33061.2 -39616.8 50322.7 -48781.2 -4919.47 -11717.3 31910.8 -11857 -25005.5 44588.2 9392.35 -365.565 -2155.31 -9859.16 10019.1 -6341.48 -79670.8 30259.5 5988.72 21965.3 37060.1 34657.2 23886.6 -1980.33 21288.7 2166.99 -17086.5 -40317.6 -11132 -16215.9 42390.5 -14552.5 27372.4 58384.7 -5974.27 -36005.7 -19286.4 49361.1 10576 27392.1 36408.4 17677.6 -45975.8 12062.9 9126.13 42926.1 -54609.2 13972.6 30320.8 32936.4 -28878.3 -94892.7 -48751.6 -23973 -24101.3 44985 -78259.5 35868.5 -9266.68 42981.8 -911.109 81373.9 76735.7 11284.5 5758.4 -54095 -30496.1 -15082.6 19646 -44197.1 -23257.2 -10301.6 -94378.6 22247.2 -30226.4 -27488.1 -16230.3 
-17731.8 7483.66 -69038.4 2803.59 -35829.2 7192.7 -16704.8 23617.1 -12777.7 -28588.1 -8269.22 21365.9 -21506.3 -43610.1 34472 -82723.9 24429.8 -53797.7 -31430.1 62497.1 -4086.29 9513.76 -32533.9 23107.5 -25355.3 -9358.02 -38714 2409.51 -56442.2 -10030.5 30223.3 -2313.92 -19975.2 4921.68 38762.5 -42058.5 88666.3 28278.3 -26830.8 -30747.4 9565.59 -20087.7 -8928.85 11223.8 -20403.8 20441.2 36938.8 5330.11 -37557.7 9793.15 17092.3 31864.7 -24961 -30183.9 25240.3 12119.5 16118.5 -1802.89 12686 -4271.5 -62057 9958.48 -25038.1 26159.4 -11208.7 -16685.6 35805.7 -7076.85 -7671.99 39685.8 64877.2 -48211.2 6416.73 8151.74 -56951 83030.4 75566 22523.3 5512.05 -10573.5 -14574.8 -42779.2 26593.7 33650.4 34571.6 11003.9 -34067 51706.5 -54624.5 -72806.5 -30524 -75259.8 -8581.14 -31342.1 -44442.9 -61179.8 30709.8 -22299.3 -21514.1 -7483.43 -36883.1 28658 2911.7 -58559.7 425.429 10456.5 43997.2 -33610.9 6947.14 29095.3 17287.3 19961.8 -5090.33 -37000.1 -50028.8 -19259.1 31143.3 -14480.5 -25782.4 -4957.27 -44275.5 -73963.4 -4006.32 850.93 -32258.6 45958.2 -41985.1 3127.83 
57495.4 60967.9 80559.6 -20973.2 51420.4 -40168.9 -49224.8 -29251.3 2064.47 -18809.8 -45170.7 50533.9 52051.3 -31538.7 -687.798 -6103.68 -19104.2 14677 -26214.4 -75272.8 -12125 12899.4 -11638.6 -5321.57 -17298.6 -30050.4 -22473.3 18123.4 62832.9 32432.9 -79363.8 32817.2 9712.77 -21932.7 42604.3 -37715.5 -44511.9 45771.6 109328 2797.4 60060.1 48256.4 400.898 -50896.1 -7011.99 -39730.2 3307.94 26406 -25523.1 8275.76 3074.65 -57965.3 -20160.4 70645 -14096.8 25360.7 4801.04 5380.03 -10993.1 25980.1 -35327.9 4277.74 -39437.9 -37256.5 45394.8 6493.7 -34963.1 41779 43347.5 -34620.8 3549.55 -96555.4 45407.1 2511.36 44486.6 39244.1 -32301.2 -50485.9 -48070.8 21714.2 16627.9 -37957 -11931.4 38200.6 27126.1 13036.4 -30158.7 -37484.5 -30414.6 22924.3 8158.33 -66059.6 68934.4 49105.3 -11451.1 -64323.8 13777.1 76790.4 35291.9 2219.74 8647.6 -29444 33681.7 -20278.4 1128.22 26403.1 -38778 52999.8 7375.49 36189.8 3988.37 17906.2 -74997.4 59078.3 -36433.7 -49373.1 68.2559 17761.1 14670.3 32154.4 -66178.1 80155.5 21844.9 -51535.3 -12.3288 18570.7 6744.72 -3225.68 
-22781.9 14324.2 8414.14 -13613.1 -17137.2 7718.4 4189.75 6320.56 24531.5 27433.8 1211.11 -17659 -30846.5 9743.54 -72636.2 23497.4 15587 25795.9 -37049.9 10667.5 15184.9 -9547.82 6218.03 33117.1 -33001.6 -2713.19 -12218.6 -72019 -11515.9 27695.2 -37368.2 -34868.8 9855.72 -12956 -31403.2 -30559.9 -34456.4 33234.6 4701.68 63266.9 -44795.8 -21701 -7730.65 55264.9 -27862.4 -34317.2 19254.4 -12806.4 -37792.3 -49652.2 23953.4 -19032.4 -27485.2 -3289.27 -7536.16 -505.244 -4759.21 40960 -58411 -10288.9 -11237.2 -47950.9 -33363 -8853.12 14755.7 -11783.7 -35923.3 -10028.2 48434.5 35182.4 1322.65 -9997.26 29642.2 -89873.8 14156.4 -82.057 14633.9 -15160.4 87540.2 52309.7 -7260.66 24919.4 -33212.2 6082.08 -34900 -73383.4 -5762.76 -13786.4 -8.68837 -21378.3 42962.5 -14939 -57152.4 -28481.3 -15862.2 66195.6 56312.3 -49933.5 10009.5 5647.91 49434.9 -49458.8 65947 31402.4 1288.15 -12816.3 5156.01 -24356.5 16308.7 -26774 -12734.8 -9245.87 14321 27511.7 -12498.4 -47560.7 13726.2 12713.5 -42997.3 -53313.4 6287.18 -31788.9 28166.3 -12223.5 7084.23 94424.2 -15912.1 -16399 
-30923.3 11301.1 -62746.8 -30732.4 2281.32 -14103.6 52725 18878.2 8546.59 55461.2 -24377 -10864.3 2284.75 59683.7 -9250.65 26429.8 44376.3 42139.7 -90623 -14328.8 37355.4 -14796.7 10136.5 58801.2 34714 33084 -68091.7 -60082.3 22156.3 46912.3 3071.02 -74348.5 -65624.5 -5478.11 28927.4 -34901.3 51062.1 12806.1 -50070 41783.2 42377.3 -16136.8 35709.1 34538.6 -29710.9 -28465.5 110250 -14839.2 -2374.06 -21444.5 25329 -4385.68 2574.08 11143.3 -31073.2 -31697.9 -30801.1 -35874.6 -27664 -28253 68609.3 64042.8 -57529.1 -41922.3 69527.5 -20384.4 -34699.2 -11352.4 -9843.02 -62204.9 18066 -27986 -10383.2 41463.8 -1122.04 -23113.1 -20293.3 -3471.6 -13534 -27213.8 24005.9 -36292.8 3456.82 6079.85 30541.5 27366.5 31688.2 -440.355 -21454.8 37482 79104.3 24599.2 73446.2 -46673.7 -25073.6 5192.45 13543.3 -10350.9 -23118.4 64615.5 -17549.1 19747.1 -19603.7 5972.8 -13541.2 -56377.2 -10117.6 -15502.4 -17832.8 30228 36481.9 -46426.7 19950.4 51023 -42770.6 18453 -59568.4 709.695 -13803.7 68638.2 53409.1 47083.5 -29550 7224.36 18490.3 -42364.8 35665.8 -801.034 
-9050.87 -61553.3 -36488 -17705.3 848.211 -25271 -24657 12667 36514.4 30850.6 23979 38682 -10323.8 24737.2 -24757.9 -47894.4 -17406.8 -5018.54 -78906.7 32860.3 2076.22 49550.5 4758.37 33930.9 -69496.2 21212.8 17917.8 19956.9 28103.1 -80376.8 -34961.8 20647.5 61670.4 -60518.6 11298.5 76394.4 -41449.9 -17919.9 -27566.4 -71065 15296.7 21827.6 -11551.2 -5475.7 -26985 7481.52 -29007.5 -61510.9 -43806.5 22642.8 -38416 63294.6 58786.7 19753 9823.31 -36400.2 20061.9 -38453.8 47850.8 41661 33855.4 44451.9 -85.3522 40788 -38917.5 -44163.8 -9719.26 -46869.2 50885.4 -35183.1 -23058.6 -81551.4 8195.44 16274.5 34296 -9164.69 16139.4 -39547.2 -46528.3 -13606.8 9103.85 13797.8 -26069.8 -46354.2 2332.22 -84928.2 -11049.4 -21182 -54028.2 36272.9 -54691.9 -12767.1 10968.9 31776.4 -24294.8 45793.2 41773.9 32490.6 43461.7 56348.9 75136.8 24096.9 -40338.5 -36561.1 -27757 -1814.08 -33743.8 38693.8 47097.2 -10869.8 35135.1 -42951.3 29351.1 -16834.4 49280.2 -64139.2 14548.9 -27554.3 -19116.5 39868.8 47423.7 1305.89 22702.5 8781.27 45556.4 -1232.81 42828.5 35407.2 
-36008.1 -109978 20455.5 -15708.7 -45118.7 -6842.69 -41940.1 -2388.46 60423.1 26290.7 36574 29611.2 -24527.4 -57732.2 44057.1 -35104.1 -79713.5 -37905.4 -2696.77 -54499.8 21615.4 15949.5 -15377.5 14164.1 -30818.2 14070.6 6464.92 38419.9 54413.9 -82238.6 57372.8 31391.3 18518 -9486.37 -25180.7 -24459.4 -13819.5 -26649.7 -13146.6 -27939.4 1262.22 38350.7 -11263.2 -15257.1 -30011.1 -11899.7 -26083 48679.1 10864.8 -86298 -64909.9 47080.4 -13860.8 -55721.4 65746.7 -16089.8 -11850.3 -34553.9 -68016.7 -56696.4 -4629.39 -16957.8 5284.66 -5702.27 44535 -28140.8 55073.8 -28602.6 14066 12084.8 -20734.8 -21681.1 14404.4 31103 11667 67030.4 76648.1 -26363.9 -44851.6 -18786.9 -7325.83 20039 -32374.7 -107649 44586 17321.9 -32286.9 -22741.8 20872.6 -22953.4 45737.1 19308.8 -12206.6 43916.4 -4717.5 59208.2 -10272.3 -34549.9 47750.7 -57708.9 13052.3 29777.3 -16080.3 -13687.7 82574.4 -2640.04 -1968 -41803.2 15128.5 -4025.92 33600.8 18065.5 13498.6 -21357.5 55165.5 -29341.3 20238.2 -37287.5 -2794.98 -25481.6 -12084.2 -74833 25762.1 41569.3 -15218.1 -76863.5 1727.05 -65740.4 
-31409.8 63440.7 -65682.8 41528.1 15607.9 54581.8 51530.9 4091.14 60405.5 -89815.4 18547.2 -13349.2 -3350.72 79420.1 28376.6 14025.1 79215.2 -12426.8 34059.2 15453.7 -21602.4 12337.8 -28336.8 -22625.8 -14385.7 -11961.2 -31551.4 3615.32 11292.2 44406.7 -58422.7 -8744.95 12963.8 89473 5144.61 -43316.7 27388.9 51353.6 -12748 18377.3 -25293.6 -44095.7 69447.1 44216.6 -7566.83 22976.6 55503.2 -50407.9 -14819.9 7094.15 5629.24 -20985.9 69311 -42813.6 -35817 -20352.1 4192.79 65261.3 -38239.6 54559.9 12185.3 10340.2 -92445.7 -13846 -35757.7 38365.6 68770.5 -26599.3 -51797.9 -41973.3 79475.9 36028.6 -26239 -3560.31 -1455.39 28290.2 -19291.1 -37474.2 -25710.3 55436.6 -77164.1 35505.6 -28183.6 34053.8 -85295.5 -118593 -11606.2 26760.1 26039.2 -3697.34 19184.8 41778.2 -32952.4 -29567 10027 -35580.6 28347.7 -993.874 -15917.7 -17723.9 -44009.6 -20680 54193.2 10450.5 -24857.4 -19332.4 9071.52 18990.9 27969.1 -3229.95 48577.5 -14571.7 -11447.5 84978.6 -83789.6 59343 -36648.3 -12925.3 24933.7 -36160.9 -51819.4 -47131 13512.1 -33030.9 19837.5 8833.01 -88009.2 6017.13 
67274 61813.6 48355 40804.5 34727 45006.9 -4298.98 -46298 89084.9 -38085.9 -44873.6 -11451 -24451.4 -65696.1 -36918.1 19928.7 11198.2 72110.2 -56340.1 -64049 -29836.2 73704.8 -48559.9 -37354.7 -57863.2 -11932.2 -53671.5 -23317.1 -23957.1 36616.5 -84049.5 -52191 29452.9 -24330.1 -13580.3 -9893.74 52163.3 63142 14661.3 -60757 64954.3 1861.19 -4392.29 -15456.8 2975.46 21610.6 -21231.6 -16719.8 -9851.45 29943.6 20648.5 18875.8 15342.6 -19579.7 -9767.31 6464.88 -68568.3 55843.2 -41462.1 -13628.9 54781.8 -9525.83 -62193.4 -30095.2 78163.9 85248.9 -49957.1 -13317.9 -40788 43499.7 -23493 18977.2 -49434 16215.3 -57103.2 -6629.5 -16306.4 32153.8 37292 111143 -37178.6 -67926 17274.5 -61652.2 56798.9 13146.7 -12484.5 1362.71 21571.7 42179.3 -5277.08 6141.54 61451.6 -52223.9 -14255.9 3747.05 -15994.6 -47493 -9709.29 -7546.27 31869 1637.8 -7921.67 -104.355 -21717.4 11161.9 5728.16 -306.106 -22849.8 51638.1 43233.2 25215 72592.3 7239.96 81810.8 -14307.2 58922.5 8387.61 5889.14 27668.9 25691.5 22423.5 -11622.1 52951.4 23674.7 1611.07 13546.2 -81479.8 
14191.9 -28545 -44684.8 62340 16599.8 -30797.6 -35274.2 2574.89 21216.9 561.826 6031.85 75452.5 52649.1 -11170.5 51669.8 -18990.3 -2277.24 -66655.4 -646.689 14526.8 -34011.4 -11178.7 -47803.8 34802.8 21427.9 9909.34 41343.6 2444.9 9428.44 -73483.2 -4132.73 -18736.8 -9966.35 -1430.62 28462.9 110097 -2840.18 -52515.5 -41521.8 -13436.5 -63704.2 7253.36 33012 -71932.8 -31791.1 -14113.4 -37183.8 30190 -29328.6 20938.2 900.923 17774.6 20796.6 -33252.5 5396.91 -16652.7 20463.9 -36717.1 61653.6 -28489.5 -53281.3 13995.7 32875.8 40815.7 9313.02 3341.61 6348.81 76386.1 11113.4 -52401.4 44493.9 36877.1 22702.8 -8248.91 47039.8 -16351.2 52195.6 4338.08 -10973.8 -27358.5 7615.13 6710.02 4592.92 -1575.58 -19075.3 -91138.6 -7712.95 -41996.2 -28068.2 4650.42 20878.9 78161.9 65096.2 106132 -20237.5 18692.9 -56090.1 20945 -21274.9 19805.1 11906.3 23448.5 -42143.8 -214.119 15096.1 -39990.1 -17313.1 82898.4 49958 -49522.7 -58069.2 62536.7 76789.9 -9595.81 27269 -20955.9 -50964.1 -19631.7 43165.7 41438.7 -11876.5 -62009.3 6195.76 9193.4 -7897.16 3103.62 -24736.6 15438 
66741.3 -34823.5 10727.6 -13560 61040.5 -3650.64 -194.29 39273.8 -46870.2 8284.98 -24705.9 -25083.2 25402.7 -59499.9 -7056.73 -23110.8 -11675.5 8155.49 -10723.1 -23760.6 -51149.6 47377 25816.4 -15867.1 446.633 51839.1 -29853.2 22216.7 45175.7 -19595.8 4658.24 65782.5 48758 -33605.5 17522.3 -36813.8 -82760.4 -25020.2 4822.76 19582.7 -39145.6 -64363.5 -2347.65 -1767.75 -7627.96 20665.8 18991.5 -29698.4 9672.22 13003.3 -10644.5 -47704.4 -30655.8 -9836.78 11340.2 -5513.53 29013.1 43080.3 -37848 13350.1 -64262.6 19817.1 29182.8 -41331.2 -27012.3 -40978.2 -11488.7 32201.6 34116 -7066.82 54280.2 -63411.6 23599.7 9410.12 23199.8 17525.5 11226.4 -24311.2 -37705.6 38695.2 38637.6 -48829.4 -27228.6 -64284.6 53675.2 74118.4 31372.2 -7073.6 -12135.2 -9351.31 61275.9 -91056.8 38244.6 -13379.7 -45202 -10864.8 -30889.1 -21120.8 -20053 22270.6 -42722.4 57658.3 -30297 -13508.8 -7819.44 9005.72 6108.65 4030.64 273.376 47414.3 -43876.3 -11720.6 -38205.7 -7991.87 26162.8 -41575 -10536.1 26515.8 27786.1 -11935 -51473.5 -72077 -20242.6 16586 8604.04 -91494 64615.4 58471.5 
-6294.05 -36178.7 64148.5 -19770.5 -15841 -32229.4 -16014.6 -12509.4 31422.2 -32114.3 -75244.6 -50813.7 -48741.4 -9136.63 7838.02 29140 -2501.42 59730.1 6011.44 24502.1 5651.51 -27579 -48600.9 55204.3 1441.63 -3683.07 59445.2 57112.2 -23100.1 1171.64 -7153.04 35594.4 8596.56 -67431.2 -44343.2 -30364.9 -36310.9 -10736.7 -38372.8 -37180.6 -32212.5 -7105.7 5426.61 -5886.9 -28499.4 67538.2 -33850.8 52965.7 18037.6 47686.8 14064.4 70664.8 29338.2 36663 33777.4 -7964.77 -35076.1 -13020.2 -119995 -44565.1 82350.4 -18243.5 49176.5 -6234.72 20833.8 135707 -24710.3 14314.4 50923.9 35558.4 -59094.2 -38343.2 -28333.7 -47847.8 24990.4 -100921 -90538.4 -24529.5 -48153.5 10232.4 -12106.8 57630.4 65730.3 -99352.4 25959.6 13239.9 5451.42 22084.1 6120.05 47061.9 -20876.5 -63360.6 -18134.2 -19857.2 20589.3 -4698.76 48208 25312.4 -22182.1 -32103.7 -27238.4 61549.9 11013.6 90198.1 -20141.6 2159.83 13299.8 -30475 -3833.04 -4236.77 80059.8 37442.6 -25169.2 -58271.7 23007.8 -82465.8 80086.6 74135.1 -9390.31 9697.16 22438.3 -37365.2 -63653.2 -10820.2 -6951.96 44418.8 12547.8 -4172.11 
4249.28 -9853.44 -21230.3 10890.2 -4979.59 -22292.1 12995 -10210.1 -83559.3 -20585.6 13978.8 1066.06 -52253.1 -14632.1 -948.764 -14851.7 -33438 -3168.3 586.526 -3735.45 61476.1 -60626.4 49524 2605.84 -3445.49 -37861.7 1224.25 5984.32 24669.7 55451.2 -35378.5 -9291.96 20054.1 -57260.1 33583.6 -52734 -17898.9 -43092.4 -7513 -6607.26 -19822.1 47140.1 -19262.6 -15038 -6017 -4266.51 -33297.3 -29689.7 44100.8 -5406.35 12150.3 -4181.82 -13015.1 -18533.7 10180.9 6979.47 -22081.9 -22468.8 -55275 -39865.4 31821.2 28581.6 -36257.9 -10027.2 -22404.5 12500.5 22784.8 -26725 -44680 -30884.1 30640.5 -45993.8 53017.2 -5113.52 -33624.9 58882.3 27708.5 -30714.4 8134.59 29785.8 -13639.8 -18132.5 -24912.2 9351.02 -263.138 29975.6 -12882.5 69436.3 39658.7 -27201.8 -66062.6 16851 -61839.6 -60320.9 -19649.5 -20184 51782.9 45114.3 50006.3 35917.3 9008.96 13318.8 -26359.9 -45672.5 -2011.97 24375.2 3819.65 22262 11521.9 32662.2 58362.5 -42726.4 21125.7 -36194.7 -1179.02 27851.3 -4343.78 18801.7 -6514.71 -44221.4 -33555.2 -83599.1 20143.7 23384 -79495.9 -46068.4 25923.1 -18071.8 
11502.5 -5661.67 23907 49421.9 12410.1 -3764.66 25192.4 15095.9 -2692.93 23659.5 35179.3 -925.506 35880.9 -10848.1 -5247.58 -7144.48 25427.3 -16458.5 -37251.8 5057.56 -17033.1 -16595.8 8021.37 -17516.4 -37469.8 2543.14 3799.01 28410.8 -10100.6 6255.57 -1612.91 34927.3 98159.4 23275.1 -4767.45 52076.1 -48524.4 1161.82 -29165.5 -31221.7 15600.5 -50431.7 -66629.8 -10924 511.882 -19727.7 -54631.6 -31609.3 -7577.71 15826.1 2907.4 10405.3 -16027.9 -25666.2 56809.3 -18950.6 27811.9 14424.3 -4789.77 68355.8 30812.4 50964.9 177.791 79724.2 -51107 777.811 13725.8 27517.1 -9922.3 10613.9 -40262.7 20485.4 -31880.3 -55001.7 -32331.8 -23239.1 -32665.1 -26106.1 -18116.2 41415 -47377 95397.5 37120.7 4817.29 -47518.3 -52073.2 -58013.6 -16778.5 9255.72 72422.5 -29369 -895.713 -4801.33 616.087 -59535.3 25268.8 56238.2 25238.8 -15803.7 -41085.6 38060.7 1370.52 25492.9 -2239.12 54519.9 20131.9 -51912.2 -375.315 21354.8 -50894 32036.8 79240.9 -44267.9 -33039.8 -24312.5 22462.3 14708.3 -46575 61097.4 338.645 41204.8 -12356.2 39594.4 -46280.1 -45226.6 40852.8 10198.7 23398 
18227.9 -6711.26 -79605.8 -2716.17 8437.81 -11302.6 15826.9 21449.2 2100.31 -73250 50345.9 48981.8 117611 -13156.9 33377 40633 -21383.8 2822.46 22229.4 -28666.2 -64474.9 -3872.58 -30803.2 15663.6 -24160.8 6536.83 -6580.29 10597.6 26292.4 25760 -21025.1 -67632.4 -18360.6 -10052.9 18071.5 -47051.8 -9045.61 40276 -34559.6 -16854.4 -9048.17 -1552.39 -38481.8 43480.4 -31185.5 -20898.5 53208 -1640.11 -16314.4 34246.6 21922.9 -56758.8 -29240.4 -28325.6 24831.3 -9613.12 8381.04 -32337.9 46423.8 -35560.6 -18382.5 17675.8 -11162.4 -5743.51 32086.6 -13440.7 42459 -45875.3 -33036.1 -37348.4 50117.3 63799 -31681.5 -58408.1 23608.7 62350.3 9851.25 -20118.2 77543.8 -34283.3 -23590.5 -53778.3 30079.6 77948.2 -46494.1 -3264.87 14443.9 -16541.4 52397.9 -40359.1 -9602.92 34256.7 -20280.8 125810 102269 5968.19 31616.7 40567.2 24970.9 -11251.5 -12585 -6365.59 5096.07 -80432.8 -32350.5 21505.3 63229.3 -27933.3 2587.02 3830.98 -12940.1 -86725.6 44682 21345.6 -7206.22 -47750.9 -52317.1 -35080.9 17854.5 228.787 32866 11233.3 -16347.7 4044.09 31164.6 33180.4 -15245.3 -54193.4 
-11933.4 -15090.5 -453.116 19105.8 -32554.4 -17146.6 44868.8 33494.9 29671.5 -12851 -4304.53 128489 23638.5 -1652.37 -10195.2 14479.3 -21204.8 44672.9 -34003.9 -16648.1 17092.1 -11843.1 -21834.3 35759.1 10379 23350.9 -10401.8 6454.48 -20638.3 -44443.5 10115.9 -30896.4 -51726.7 -7266.74 44549.4 18530 39791.6 -12247.3 49037.2 4858.32 -7966.17 -17380.8 -968.367 -6562.8 -36751.6 -48853.4 -32798.8 -15822.7 -84745.5 -15829.1 -21694 49835.2 -20926.7 23494.7 -37128.2 -73717.4 -54099.1 60201.7 21372.3 -4900.73 -18516.5 -915.924 51070.2 43611 -7177.25 -37715.8 -14985.9 43673.6 -34199.9 28207.8 -34058.7 3429.27 -24951.2 -5827.22 8263.77 -43207.7 12338.5 -10796.9 12752.9 36164.3 -19489.1 -60813.3 28335.5 94475.6 -3077.86 -22124.6 -46839.2 -1806.05 42513.1 45229.3 33258.6 5228.69 -25650.5 -15731.7 -31384.5 30343.8 37494.8 12643.6 34276.5 11764.2 2666.84 14156.7 35344.1 8947.31 56926.8 -23646.3 17145 26577.6 4180.6 3445.4 -21895.3 37341.2 9694.94 -54823.9 27082.1 -14774.5 35434.3 -9216.35 24722.1 -10940.9 -50979.9 9657.41 -10111.1 -40768.9 -5750.39 -14959.4 8004.62 -13642.4 
12441.7 -63094.6 -46088.2 45273.6 42585.7 12877.5 -29870.9 -44712.5 -33968.7 -42419.4 -39405.2 17315.9 -102454 -7196.81 10421.2 -1872.95 30203.4 14960.6 -48561.2 -18791.3 18593.1 75818.7 2154.79 -29277 22483.7 51292.4 -29769 -28803.5 -20263.5 -1748.17 -28963.4 35649.9 -35691.6 4384.24 -48959 -12694.2 -43562 71419.3 14830.4 -25438.8 22494 1488.46 -18665.4 -65581.7 32044.1 16122.1 -1737 -70912.2 -14694.4 16364.2 5951.11 44274.7 35039.1 16347.4 20773.2 -19523.1 -3493.03 17364.5 -52760 35752.2 -45147.8 32849.7 56222.8 26753.1 -20622.3 10788.5 33380.1 -35676.6 -80826.7 46259.3 49059.6 14876.2 34750.9 -48904.4 -24923.7 1133.88 -28234.6 -5564.6 -142791 -29573 11286.2 -26673 5936.16 31749.3 -47062.9 -7423.96 -46732 -38741 -9698.37 23542.3 56081.5 46055.6 48747.4 24624.6 -5522.77 -47779.9 -102160 -4696.29 -11385.5 62881.1 -11574.4 -37787.7 12409.3 -41615.7 26622.1 8359.57 -43865.6 16922.3 65868.7 33416.1 -14313.3 65578.4 36838.2 -13863.8 53555.3 40837.9 22051.1 -24913.5 -16328.2 -108535 33396 -17048.6 -3030.95 -46563.3 49868.7 23090.7 -48238.3 41460.2 
33581.2 9537.69 17976.7 8175.88 13562.7 -12490.9 48072.3 82170.2 -46524.7 -5807.39 -65086.7 5784.78 -22431.9 -24434.9 -5930.83 -75899.7 61637.4 19208.4 -23925.6 -34096.4 31276.6 -12050.9 -979.649 6342.43 1282.72 56108.9 -46953.2 50613.6 -49727.2 -29197.2 12136 -24449.1 43014.1 -9305.53 -11504.4 -4624.97 9445.22 -9348.65 41649.7 1087.27 -64364.4 -33752.2 43363.5 -19374.7 5994.72 -46700.2 -19474.3 -59418.1 -343.687 -17674.6 -1606.16 51615 -59701.2 -80706.2 -47648.4 56165.5 -32501.4 -21305.8 -22132.7 -36039.2 -5135.2 -51581.2 -5939.6 -15253.9 -29292.2 25163.7 -10071.1 51174 96003 75738.3 -6155.13 -14158.4 5367.54 49914.2 -45019.5 -115681 -8681.24 38888.9 -12333.5 52952.6 -23134.4 28053.5 32419 71309.6 19381.8 25285.3 -19351.9 11457.6 26417.6 -45402.2 20346.8 66.9593 -17553.6 -10969.1 -7980.89 19175.1 24354.6 27159.5 -49176.2 21638.3 -75119.8 -10179.4 4708.61 16494.4 -57076.2 -37766.9 24711.9 1256.16 -1047.3 37150.1 11906.3 103799 9908.48 -23526.6 1659.17 -6868.53 -4049.04 -61804.8 64442.6 18440.7 -7785.71 -95349.5 64657.1 -2690.59 -30245.6 42984.6 -9553.33 23083.5 
-3769.33 -25274.7 -14184 30639.7 12783.1 -2216.5 18776 2724.24 -26908.3 15452.2 -8453.21 53601.5 -61481.2 19383.6 -23645.2 21060.1 33932.8 40216 -29852.5 26663.3 -592.74 14160.4 -15939 21994.4 -33028.9 18959.6 -8805.05 -15811.7 -13670.1 28100.8 34108.4 29177.9 15490.3 24917.6 11908 -25632.1 -42402.5 -6844.64 -34317.3 -21414.2 -27662 6698.52 -49512.3 81277 19091.8 32463.9 -47600.3 -40578.3 -37983.9 44459.3 3017.49 -14960.9 45955.4 37824.4 12240.8 -15354.8 122.714 53018.9 10290.1 12022.7 6048.06 28289 -22088.1 -52622.3 -40774.8 2152.4 16808 -2770.67 -40164.9 -34780.2 5695.43 29210.7 -1575.99 22721.7 -9151.78 51403.3 11956.8 3211.83 13476.7 3487.48 -9836.81 -20728.4 11724.1 -35046.6 -15121.6 -16694.4 16515.1 20010 -1503.16 42338 9812.87 10707.2 -21154.7 -54903.8 -32758.6 19799 53407.4 10616.1 47701.3 58247.6 42447.1 32244.6 35206.6 58072.8 13939.7 3288.42 -9837.94 -11070.2 -8975.06 19566.7 27358.5 11536.3 1461.16 26554.4 8734.57 46880.7 10543.9 57151 -76679.6 -64007.9 50227.2 -17476.3 -36804.2 17800.2 36706.4 36142.6 57633.3 22909.3 
-35097.4 -58010.5 -70763.4 -71686 39065.4 12484.3 45098.1 53828.2 -27304.7 -34251.2 68613.4 -57915 24375 -62676.1 60387.2 -26438.3 11562.9 -32508.1 62708.3 19735.9 -5663.43 -33212.6 49953 20656.3 22618.6 -477.319 14338.7 -42347.3 -16237.6 -23785.8 7400.57 29454.3 35089.6 34099.5 -1536.96 -52322.7 -4724.89 -27357.3 6331 37519.6 -63245 -12934.4 33509.3 3870.16 77948.3 48896.5 -5142.52 2700.72 -1071.56 19429.4 -43296.7 7850.71 -18493.5 -28178.7 8808.66 39529.9 30650 2770.49 26968.9 -57815.5 -52211.6 -806.418 15281.5 9817.16 -27168.4 -6535.77 47874.3 42499.4 -1428.96 29781.6 5096.03 -13403.3 44903.4 12394.5 31713.9 10220.1 55706.1 -20224 -33324.8 -47280.7 -64093 43057.7 40266.3 -5522.17 -72413.1 8488.97 37692.3 43227.7 29916.3 -65562.3 16855.2 10463 -32755.3 34924.4 -27207 -70431.3 -2600.43 4914.71 -47812.8 1045.4 -44025.7 9692.07 -10753.4 -35501.5 161.895 18983.4 60218.1 11385.6 -125.5 -76448.1 1664.51 -23439.7 -11607.6 -29728.8 -34760.1 -44222.4 70518.6 -66905.2 86973.7 -78469.3 34546.6 -136033 -84402.8 -17177.1 -60019.8 -35928.7 -8900.94 -22152.6 
-23784.7 11790.5 14878.6 6535.67 55694.7 -55983.6 -24469.1 -17633.7 21641.4 -61216.3 4660.11 -53143.1 19268.3 -106485 2358.75 -34340.6 -6546.21 -47593.2 -18968 -53244.3 23139.3 18298.6 -25230.1 -18892.7 60531.8 -6721.6 -20771.6 22582.3 20852.4 -34117.5 -7150.46 -89070.6 -55316.8 14344 69035.7 84406.7 54303.7 -55540.3 -1823.88 47265.9 -74065.6 -87060 47124.4 -62326.2 -11238.6 -31560.2 12389.2 2339.74 4115.03 5744.57 25518.8 -81379.1 9328.61 32357 -45286.4 -2851.78 -73704.8 6768.09 9343.34 -8165.43 -3967.6 -41858.2 -37597.3 9027.79 80323.3 19282.7 -43666.1 8941.73 10854.9 -6393.8 -9949.58 7445.63 87583.7 1974.46 3566.92 -26660.9 4038.05 1061.81 -7063.56 -813.1 -18003.8 -58831.1 14044.4 42855.9 12467.5 2116.79 -95382.2 1021.87 2813.56 20942.7 24777.3 -4541.02 38201.6 29929.8 -4278.36 18740.5 -99099 35818.7 -5606.33 -2518.9 -12150.6 -6170.68 15719 22575.9 -6978.41 9657.28 -22360.9 24647.8 58107.5 -5798.14 -96743.3 -29530.9 75999.7 8367.11 -28297 40736.7 14412.2 2244.87 6896.21 91898.3 16359 7111.23 27618.1 -38295.1 -28998.7 -68703 -272.268 25252.5 
-47414.6 -55812 20203.3 -30037.1 -36570.2 -15943 1898.54 52644.6 -25708 -5265.36 6949.63 -9960.56 -31975.5 49803.3 42137.2 17749 -72122.1 40833.5 73502.7 30974.3 46983.4 19356.8 -52991.5 -45935.7 35061.4 -11871.3 46570.1 -13219.9 29966.1 -16759.8 -13811.6 -50265.7 -17743.6 -37136.6 -47675.9 -45811 -42037.3 -35574.8 -90828.4 -34074.7 26303.9 -10937 -9811.38 5613.42 -710.393 -56587.7 8391.99 -27150.6 107188 -45810 -40301.6 43742.7 17943.9 25192.5 -31447.3 -6155.31 42001.3 -4185.08 -38410.8 44154.9 31086.1 1406.94 1558.96 3587.88 -85945.6 -11808 35090.1 14166.6 7209.38 1106.06 -55698 8344.97 -7281.88 -1422.2 43851.4 -55560.5 25281.1 -19880.5 7407.58 -60075 3866.6 -27778.1 10416.1 26365.4 -29779.1 -24685.8 -14668.1 -6491.81 -19339.2 31829.8 -21884.6 53851.4 -63651 -22728 16212.1 -35325.3 2859.96 -26648.1 -13993.1 -7005.24 -12724.4 -21618.6 -19889.3 -10318.7 59938.8 -12735.3 23603.8 -22734.8 -13234.5 -8980.1 -43355.1 -11144.2 26177.2 -64040 -55766.8 20514.4 -7052.52 33162.1 -27265.1 -98654.2 -63587.4 -68988.5 39384.7 -47389 -18891.5 -28625.4 74465.9 -1095.69 
8274.38 -18246.4 -26330.6 -54679.5 -15827.4 -50834.4 -1148.73 23213.1 49609.8 48354.8 1485.23 3147.11 -22531.2 97552.9 -10720.7 51217.9 -23636.6 61637.6 -19613.8 46988.2 20583.7 53696 46652.6 -44805.9 3056.15 -64364.9 4751.47 -23493.9 83723.9 -11827.9 8370.93 -19316.3 -27530.3 -14623.6 -10011.2 -43796.3 7942.92 -19946.6 21447.1 -26813.4 59839.8 2423.07 88731.7 46088.9 -17154.9 17277.5 7264.17 9932.79 -46110.8 -38458 54979.4 57088.9 13824.4 31402.2 -44420.4 -38616.8 8414.68 10934.9 74391.5 -36189.9 -29165.2 41934.9 31037.1 -17792.1 -17882.2 18396.7 -4826.58 -475.992 -20938 -61190.4 -10580.5 -2677.53 67059.4 62777.1 89711.7 -9240.63 -35691.2 -4757.16 -62023.3 -29901.4 -36773.8 7595.43 44163.4 -23028.3 29809.3 -55365 69347.8 -12201.6 22429.4 19318.3 4239.04 42170.5 18797.6 52649.8 43185.2 51550.7 -25228.7 -62643.5 29440 42615.8 14099.6 6313.05 -39386.7 28895.2 41929.6 18258.7 -10476.9 5936.13 31053.3 -39348.9 39186.4 -54613.5 -16801.3 63686.6 7178.19 -4367.13 -42806.2 25182.9 -12731.3 14421 -34648.5 -1234.08 -26646.4 -35225.5 61691.8 -27783.2 -45880.3 7498.13 
-41764.6 -14236.2 15412.2 -29765 49070.9 4873.02 -43900.1 -66597 -15550.9 -14760.3 -7553.59 15531.9 26329.1 -30287.7 -39652.8 15041 31805.1 33548.1 11807.3 -48719.9 -53328.9 36812.9 7607.72 476.316 56501.8 -41885.3 14612.7 -84749 48207.1 29447.1 -5054.67 56479.7 -41365.9 41040.4 33163.6 -21199.7 -54661.2 120.786 -23160 10024.2 7370.89 12448.3 6693.14 -23455.3 48293.2 -7221.61 21978.7 11789.5 -33889.7 36743.1 30618.5 -67191.6 1101.79 47536.2 -73449.9 20336.9 -12923.2 33481 29125.1 37472.2 -34191.2 21615.5 -36764.5 -53598.8 78845.5 -44593.4 -16726.4 13194 -35539.1 -47872 13777.7 -34196.2 9128.44 84434 55713.1 85268 53560.5 23563 17698.9 -1329.63 -33740.4 38857.7 2266.54 24611.6 13375.5 28275.6 4920.43 -3796.96 31151.8 8915.2 29149.5 -93535.7 -5310.22 -26343.8 29711.3 -25440.8 -16714.2 49709.3 28080.8 -30480.4 50509.8 -70993.3 -11174.4 31977.8 20635 122819 -32150.8 32080.2 -46814 -11986 51712.4 -39766.4 -14191.1 40229.6 -16750.6 -29580.9 -41059 -33895.5 14917.2 -50620.7 -40815.9 65537.1 -33849.1 19336.7 42554 -9093.76 54478.8 1783.25 
-26624.4 -58513 -31315.7 65179.7 45690.4 82343.6 -16575.1 -35231.4 18285.7 36438 -29847 15780.2 -21624.8 -15226.4 67762.5 16598.4 61117.2 -34826.5 -29646.4 23400.8 -12138.5 -25667.5 -12496.9 6749.47 23276.8 7559.72 44249.8 -30053.2 13660 19849.8 17342.7 36262 19708.5 83774.9 42828.6 8300.95 -46849.6 4920.28 -23346.6 -12395.3 20280.4 79270 -4320.73 -7339.48 54323.4 6669.11 29178.3 -20049.7 60896.3 -6722.25 356.533 5236.35 -55927.1 -25670.9 81211.2 -27336.8 -2138.74 6044.03 -70705.6 -11825.1 -11012.9 38278.7 27047.1 -27657.4 3400.65 11915.5 -16298.8 -39280.6 -32827.6 12556.9 -7973.86 27380.8 -63136.5 -81968 5995.73 28662.6 33137.4 18250.9 4343.28 18830.6 9677.81 59165.2 -67402.4 -13519 -47321.1 -2582.57 -17490 19179.9 52904.7 17862 -9045.57 5896 -20204.1 -10058.8 47040.1 8877.35 9885.92 13874.8 6750.96 -3399.88 8983.44 6286.76 24582.9 54244.9 -37380.3 16114 -12842 -15605.4 21305.3 23722.8 -2227.29 -39050.3 -27276 35814.3 88773.4 2234.67 -28845.2 -20922.9 -10674.7 34271.8 476.45 10668.5 -949.434 17437.2 72012.5 58135.7 31516.3 -18345 
-8194.49 -10771 43485.1 -70074.9 6674.2 -57523.2 -65467.6 29247.3 -22171.3 -7514.04 -4699.5 -41390.9 10134.9 -58149.3 -29203 32672.3 -83174.9 -59030.4 33415.1 31414.1 58721 33369.3 -19121.4 -298.415 75416.7 -21361.8 -2831.68 -7535.32 77096.4 -5548.47 -2768.78 8849.58 -30024.9 49139.6 -43128.8 77440.7 -28814.7 -17503.4 -2439.64 54915.5 63196.6 -20024.6 -23649.4 -41470.1 17083.9 12048.9 35026.9 28109.9 -44304.6 -69681.3 -26849.9 -49129.7 -27467.6 -904.052 36465.9 -33697.7 31675 27111.8 72195.6 89711.1 -3000.6 60692.3 32424.2 66127.6 -11635.4 -26003.5 -40871.4 -2300.14 -27379.5 -4205.54 15431.6 -8700.74 -84011.1 1962.71 5253.45 -96718.2 75389.1 -23640.2 -5187.68 -80182.1 -17342 -21537.9 4773.43 -58114.3 4086.83 -15960.6 4767.92 -94053.2 -341.953 69917.5 4268.94 31739.9 32390.7 -10654 -23003.9 -49777.3 -2634.19 43571.5 81037.2 -13892.2 -52855.8 58513.3 67.1708 -42896.9 -59681.9 -26839.9 2927.62 69217.9 -40205.4 -41727.6 -48671.4 12003.2 86959.9 -45773.7 -37585 16536.5 -23010 9477.44 22809.3 40714.2 -11213.8 -2022.56 -56462.3 -20947.9 -37404.6 -58329.3 -49212.6 25140.5 
-52230.1 16413.1 -69507.3 31097.3 14768.5 -58792.7 3267.36 -11037.7 -9284.57 26971.7 27096.1 71888.1 -19097.8 64327.8 -6895.18 27621.7 66966.9 -15605.1 -13223.3 56910.4 -1123.47 23736.1 -43723.8 -72283.9 2581.34 -76714.9 25700.3 -21062.1 20045 -7703.88 -63979.9 -80032.2 -9430.39 10642.8 16726.7 69582.3 44041.2 12364.4 -22337.2 33631.5 -86755.4 79369.4 16674.5 8708.29 8898.63 30243.8 -36157.9 -42754.8 6058.37 38991.7 517.749 -64061.3 46158.1 42923.9 -25962 -17626.5 49231.5 -28546.5 54454.9 -77614.1 9376.99 43360.6 -12990.6 -15120.2 42239.2 -26376.1 28726.3 12801.9 4763.6 -14149.5 60814.4 36004.6 -3718.63 -68405.5 9700.56 -19517.7 -22776.1 26114.7 7900.55 -1243.39 39470.8 -8526.93 -2782.83 -4810.03 -13790.3 -22340.7 -16335.3 11813.7 15829.7 17236 11965.7 23741.2 -37688.9 -60287.5 58460.5 41933.4 1647.15 -18382.5 44095.4 -10152.3 72698.3 -35326.5 -91259.6 39032.6 -18031.7 -36103.1 62017.7 -106832 32827.5 18263 -90842.2 -18432.2 65229.3 87629 -47802.3 1001.07 -67747.4 47189.8 -73515.8 -73923.7 40078.6 89042.2 30309.1 -222.574 20910.9 -37718.7 24754.9 -11545 
46561.7 -23861.4 -7792.35 -7918.64 23427.5 -18186 -2968.08 -13704 41721.9 17224.4 50214.2 64362.7 51539.1 48474.8 16630.1 11929.8 17521.6 24348.4 18125.2 2063.21 1084.66 -42352.5 43878.8 24546.3 -59923.7 1178.11 45043.9 38699.5 -15925.6 1631.04 -14970.2 34082.7 21880.9 -14094.2 -5573.23 -65334.2 -23339.5 41772.4 38879.6 -27629.4 -40374.7 -28718.9 31340.7 41476.7 -70253.7 -1820.86 -50911.4 5477.18 -2541.7 21740.1 -44607.1 -7566.25 -5939.32 66336.3 83629.4 -6551.39 -20786.2 6342.7 -77179.5 -66471.6 -19692.6 26842.9 113705 48093.4 -74913.4 85679.2 32189.1 27222.6 -23230.5 42329 9900.84 -16182.3 -16172.7 -23427.2 3519.17 1789.66 9972.87 62159.7 -24442.9 15111.2 -19020.5 -20991.6 -16412 39099.9 -59517.8 403.664 -26114.9 -42036.6 74740.6 -17365 4540.37 47894.2 37560.6 5607.69 34287.7 29356.5 -16547.1 -11185.8 -23479.8 3073.06 -80912.5 -36835.6 62917.4 11766.7 -16583.3 9446.5 -38580.2 21132.4 -23629.9 23573.3 14217.6 -102853 -67609.6 21450.7 95379.2 -16438.5 57960.3 -51963.3 12319.4 -39810.9 -10187.7 -54757.6 32291.1 12255.3 -4369.88 81399.2 24119.3 11656.3 
-8554.62 -4463.75 -50935.4 -19016 -24440.8 59747.8 24332.6 71116 -14234.1 55844 -42420.9 -50650.9 36474.6 19997.4 4051.35 26206 13767.9 2727.41 -13803.3 -28051.5 -2107.24 4931.1 83601.7 -15405.2 -26704.6 17596.4 57348.5 16841.3 -47489 -28220.9 -10843.1 -50066.7 8870.02 31009.3 14097.1 -69296.3 -25984.8 56550.3 -49013.5 -4025.6 74809.8 -18552.8 14521.1 10165.2 60661.2 3686.23 -10909.7 23344.6 47318.1 -19469.9 -28353.3 -45484.1 649.418 9819.06 6316.59 26097.9 -11813.1 18177.5 57064 -38734.4 11383.7 -17732.3 50351.3 -40314.6 -14621.1 -64473.1 9880.78 -61164.5 -5295.71 -25925.2 -12831.8 -41440.6 10304.8 49675 41802.2 -34098.9 55160.2 -2138.52 56899.3 37541.7 -6880.02 26046.4 52812.1 23327.5 -42460.1 -22834.3 13468.8 -31438.8 16426.9 -440.475 289.097 -28262.9 -72444.2 -14961.8 60295.9 22848.8 7429.95 -34467.8 15246.1 24268.2 75155.3 -15454.2 33106.1 -4457.05 -21349.4 -64762.4 -28341.3 -70447.7 -5134.75 59173 -61441.9 -33815.8 -86896.3 -375.281 -13127.3 -34181.5 36411.3 -35067.9 6769.24 -2884.69 27967.7 -45911.3 -8592.37 -25250.2 8517.01 25359.7 -33962.6 17310.6 
6759.48 -10973.2 114914 -24838.6 -36365.4 -15429.2 -5901.76 -48732.8 -30439.4 58148.2 5768.55 -28596.4 6934.58 -17802.7 36184.1 -24882.2 -43716.3 -49772.7 57535.3 20526.8 19738.7 -30886.7 29400 13836 4596.91 -48408.7 24553.5 -76885.7 53369.4 -409.862 -15393.9 33117.9 24928.8 7311.08 43006.9 -11782.8 5748.67 12346.5 31917.3 31078.3 -19825 82236.5 -25749.4 6129.2 62006.3 41020.1 -5503.99 -12986 78438.1 2364.34 -8677.29 -47259.4 -34269.1 30120.6 34168.3 33348.7 -24810.1 6633.75 -5447.21 -23495.8 22052.3 37559.8 15178.1 -9301.98 -62636.8 72941.2 -11196.3 -29863.6 -6746.24 50235.4 -7577.47 17491.6 -20997.5 -22747.9 12552 -31360.7 46318.7 44650.5 -31914.9 24345 27314.7 15770.3 -91323.9 -798.516 -32331.2 -1003.96 -12274.4 -28141.8 -12115.6 -3515.3 -35543.4 30757.9 -56984.4 -36139.3 -15198.5 -5758.11 19839.3 19708.6 34018.6 -19428.3 -21309.8 24118.2 -40977.1 29017.7 34562.1 55694.7 43772 -10488.5 50004.2 29529.6 51350.7 13339.2 25884.3 46564.4 90626.2 59842.2 -43750.9 5954.27 -21912.8 -761.715 31775.4 7354.39 611.574 28428.6 -15863.7 -30678.9 14278.9 -23830.6 
13238.5 -13804.3 -42343.4 -1759.03 -15900.3 -25445.9 3598.53 63664.5 -65956.8 25223.7 49052.5 -15092.1 55507.5 -4027.66 45918.4 30551 -35731.2 4149.68 26052 70406 -19652.1 -47326 -9017.49 -39598.9 -77788.8 -6083.64 12648.8 32445.3 -25343 -108.496 -29869.3 -107887 54599.5 50368.5 23388.3 -43680.4 14493.7 -21136.1 -72195.8 -172.535 447.056 -46555.7 -53147 41787.7 1536.31 -31231.7 -13506.3 -49938.1 64425 5846.23 25969.8 -2293.91 -59733.1 -43340.9 -9990.37 -35559.2 31961.5 9434.42 -22546 4739.08 -15432.3 44543.1 -51204.3 34321.8 -24586.2 1208.89 6315.74 7081.89 -43748.9 -36085.7 -11055.7 58207.3 46466.5 -19437.4 34928.3 78238.1 24856.8 28958.5 69611.1 52954.2 29242.2 -14691.2 16046.7 94833.4 -12820.2 -7776.33 -17169.1 54263.6 33702.4 -9616.86 29396.9 94550.3 -23675.4 6841.79 6149 36439.7 9942.65 -12157.5 -30261.1 -35141.1 -2374.84 -72722.9 26244.4 -77234.9 5669.22 19559.9 19195 -20575.1 -66453.9 28929.7 -31460.7 -50390.4 4229.6 44933.1 53662.9 -17695.4 -78877.6 -8033.87 6633.78 63041.7 -13595.8 -8175.54 40909 -46988.1 26130.6 12774.4 28958.6 -13148.8 
49620.3 -2155.54 35046.9 -65026.5 32170.4 74042.3 -70743.3 31273.1 -36726.1 16382.2 -87354.8 -43679.8 -24922.9 11307 -63371.7 2238.35 -58455.2 26672.9 219.768 -31305 5458.86 9233.8 7087.75 -31174.4 5961.42 -26676.2 35602.9 -9820.16 10248.2 28229.1 -13175.2 82753.8 -30421.4 13460.2 -52576.1 -6147.52 5859.81 30614.6 -26051.8 -12911.7 15731.5 -51698.5 -12535 6952.63 11795.3 -10986.5 8058.89 41982.5 15529 -86546.9 11158.6 -43932.5 -2996.68 -12015.5 -2537.28 -30043.2 28451.1 6193.21 -26588.5 5181.75 19568.8 12583.7 -34.0893 22313.1 241.941 2693.89 6111.91 -14530.5 28002.3 -46136.8 -48684.1 -48040.6 11688.2 17275.7 16466.7 12577.3 7499.17 43333.2 65463.9 13170.7 16486.2 4033.07 35150 -19223.3 -353.786 18456.3 35054.4 35794.8 14985 -2979.84 -26085.7 8885.35 -37007.3 -2438.49 12227.3 32590.4 34375.8 -31635.7 2201.37 -27393.6 36993.3 -6231.68 -29360 43967.9 7512.1 -17740.6 28556.4 -14655.3 -38536.9 23648.5 13058.9 4457.54 -2000.59 -76631.3 -99525.1 -52074.7 1474.13 -12798.5 -12253.6 -40618.4 29992.3 -38309.3 -18289 16571.6 25551.2 13114.4 -33271.4 41662.1 
-28470.3 3158.59 -14464.6 -7050 -42990 41388.4 13767.8 59420.4 34410.3 -13678.8 27612 41720.6 2918.83 -38535.4 29823.4 -9303.94 28460.3 11635.5 -32582.7 8801.69 -31632.4 68402.1 -15181.9 -1662.72 33663.9 -39132.8 18093.7 19696.8 -21590.5 -38971.9 13674.2 52989.6 21563.9 -9816.2 -24683.9 -41797.4 7242.07 -2089.7 43029.5 1422.52 -9111.58 38782.8 19359.4 -87317.4 3800.8 17452 -28965.4 -42054.8 51874.1 58800.7 -40315.5 70873.5 10730.5 29058.5 21695.9 22405.4 -25822.1 -23593.2 17888.8 -20639.4 24142 -14957.9 -44344.5 -46290.9 -5923.96 -3972.08 -19303.2 71893.4 17357.4 6482.62 -7993.74 -47072.5 13775.4 79974.1 5708 -10594.9 -41906 42679.9 -16478.6 -3700.11 -3377.93 10607.5 -44680.1 35268.3 346.715 57917.3 -16459.5 26113.7 13309.7 52394.2 28737.4 -4875.78 13277.4 29796.2 -3601.97 -13309.9 -38454 5915.99 -93553.4 -40277.9 -34175.7 -5150.47 -30814.3 -32710.5 59153.5 -6195.46 6378.36 22219.1 -2927.59 29810.4 -4771.39 54575.7 9286.37 -7194.6 14516.1 -29984.6 -51850.2 -26745 -9989.27 -29743.5 -10776.8 26638.1 39970.1 -90875.1 17371.5 -22721.6 11417 -12142.2 
-14980.2 -28275.6 75313.4 56397.3 47221.7 85111.4 -2662.2 90210.7 14845.7 -884.632 22994.4 48373.7 -70359.6 33521.5 18859 8433.76 -81121.5 -42944.6 -28634.4 3111.87 -62087.5 -36981.9 -21596.8 -35849.5 -56443.5 47900.1 15623.7 42599 77438.4 -3195.67 -4112.96 69669.4 -37543.6 29998.6 -66373.8 10611.4 -95644 12016.7 27904.4 11673.4 -71936.4 25693.5 70731.2 -74486.9 30386.2 -888.349 -13286.8 40228.6 77052.3 -44351.6 3376.61 -37761.4 56738.2 6479.78 -48381.2 -35006.6 5401.66 -29345.8 -20409 32189.5 9854.46 -634.562 -6483.72 -3311.61 -88434.5 -42995.7 -11535.6 -20470.7 -1063.79 -77402.9 -20331.7 -13193.6 26241.4 49340.1 17410.3 18043.8 -33566.5 -10188.2 74415.1 -33391.6 7828.78 -24820.5 -56437.7 -10125.7 37598.6 15691.1 35118.9 47792.4 90499 107969 -26725.1 9480.37 5757.73 6149.69 17893.8 135814 -36828 -30644.4 -16260.8 -20713.2 38211.4 -28013.6 -13300.8 7258.68 -14541.2 -49237.8 -33398.8 -37871.9 -13943.5 18033.1 -43804.9 -18492.9 22455 60961 39849.8 8827.14 -58314.7 -6714.1 3159.91 -6722.22 8284.49 20518.8 26051.6 -24211.7 48551 -78881.8 -24752.9 48577.6 
18782.3 50582 -58360.8 75660.2 32852.5 48530.9 -11273 26893 -49081.1 73307.8 18185.7 34167.7 -29192.2 8405.59 -26602.4 51151.5 10098.5 45720.7 -19740.8 71542.4 -2530.11 -58296 -9844.33 53339.6 19567 21125 10323.7 -8450.43 -64584 50668.4 15408.4 -53.6205 -28823 -22356.5 -26957.5 22077.7 -615.303 108017 83527.9 42154.7 -11596.8 -26221.2 -13669 -6168.85 -108311 21031.5 1187.21 -41648 -45658.6 65851.8 -3648.2 55813.9 37147.4 -15441.5 34100.6 -44379.5 15715.5 4984.92 -55488.9 -43503.8 37276.6 42741.8 -27234.7 1700.46 3215.64 -50.3129 -4929.55 -45044.1 -66058.5 -5682.64 -16954.2 64652.1 334.909 -19423.1 -76284.3 34022.7 -22860 19601.6 71971.8 33392.7 50451.7 -30811.6 -21981.2 60577.2 32191.5 26062.4 -14910.4 -57501.4 18569.8 2992.2 64724.4 -20779 11337.1 -53543.6 -102740 10360.1 -58801 11070.4 -27231.6 -76032 -31899.7 -6063.49 26547.6 -61552.7 13260.9 60856.7 -63436.1 -47220.8 29895 14992.3 -24518.9 -2488.21 73195.4 4914.53 27173.7 -9649.33 -5444.47 3973.95 -507.525 -2883.66 -36284.1 57785.7 -51572.4 -36647.1 4226.9 -21511.8 63005.8 -32281.6 
-35323.5 35138.2 64035.1 81343.1 -7185.67 -23515.3 32815.5 -19026.5 8300.14 17702.8 75327.5 56459.9 25383.9 32155.8 24342.5 -58200.3 57149.2 -21707.7 6979.8 -38701.3 -9672.34 -59313.3 50689.8 46310.3 -67787.6 9676.44 29864.7 48657.5 298.991 -36942.6 12336.3 -25096 52015.8 -16876.3 38327.4 436.416 10616.8 16288.4 18257.3 14580 1265.64 -62581.4 59407.7 -14085.1 14212.3 31630.8 -69257.8 1102.07 24461.7 23146.9 -10005 -68120.4 39692.2 44763.9 6560.47 26013.9 -28508 37671 1560.75 986.004 -1323.93 11958.6 27334.8 40004.6 -54196.1 31439.6 -49354.9 17277.2 14292.7 72541.7 -2404.48 26658.9 21321.8 21354.3 40290.6 -29493.4 -5582.62 7276.36 18644.1 35068.8 -32671.8 30242.8 -5175.76 76688.7 -55919 10379.3 29945.7 12594.5 58619.4 30597.2 -37951.4 -54770 -36842.9 -30163.3 -55571.7 -11043.2 34463.4 55679.7 25434.4 23251.3 13903 -12248.6 73165.4 -16297.4 -17925.2 29332.8 -17701.9 41466.5 -2670.38 44301.2 28104.2 -44560.6 -74113.9 -18688.3 -5865.83 40735.8 -7730.54 -18679.6 72007.8 -5579.56 -23326.4 41606.1 22893.3 -65106.9 -33470.9 40615.6 37677.5 15319.2 
-13885.3 -19278.8 39513.4 -57772.5 35234.7 53209.3 4853.07 -52752.6 33980.1 1511.92 21793.6 -36693.3 -16724.3 -46305.7 56384.6 -7909.26 -21647.3 -6574.75 19149.1 -50840.8 -6823.39 44205.9 9987.77 -62960.4 57608.6 3342.99 37847.9 -51077.2 -53512.2 -64512.1 9311.43 44134.8 -10093.4 82336.7 46568.1 -15485.9 9301.77 37667.6 16904.7 93380.1 -98316.7 31836.1 39474.1 2148.54 33902.7 -15032.3 51689.7 -405.486 -31066.5 -57423.5 -62102.1 -81881.8 15123.9 22036.4 -13359.7 10972.8 -4359.83 12060 -14237 33399.8 -18025.6 -116.49 -4588.68 -48266.6 -48982.6 -14878.2 24558.2 -28899.6 -27376.4 55388.6 -18076.1 5541.48 10682.2 39039.1 83317.7 -1650.28 51266.4 -50867.2 -24291.5 -16216.3 -2348.16 -38017.7 -41806.4 -1336.46 14198.3 4976.96 -27254.5 -29473.5 -17281.9 -19083 64381.3 -20978.6 38971 -31813 -17489.9 47276.2 -83988 70729.3 19950.1 19548 -4074.4 19247.4 31754 66917.6 -33897.6 -32254 -51213.8 -55192 -53197.2 -11012.9 -26817.3 43441.8 34416.7 27536 30068.6 -20334.1 -21598.6 -19053.8 226.416 3227.48 -16520.3 -23201.4 51964.8 -69241.3 23706.1 -43141.1 -44605.2 21641.3 
74798.6 8680.33 -22439 -28344.5 6544.79 33657.4 18327.2 -31459.5 -25686.8 -5182.96 -19001.2 3906.09 -5829.24 8723.53 -20243.4 22818.6 21423.4 44434.4 27149 -33814.7 -48519.9 -16965.3 -12589.4 -32829.9 33301.1 3222.32 27289.5 -36875.3 -41602.5 39254.6 11539.3 3225.76 26128.5 42040.7 32189.5 -292.656 797.325 -41276.4 -1862.9 3972.89 -14945.3 22987.8 -64227.6 10356.1 -87446.7 4313.75 30005.2 44591.4 -11750.6 -72545.3 -59989 -78231.8 26630.5 22484.8 88554.7 -17889.8 -15360 -35477.6 -59862.1 -31405.2 12982.6 -67012.4 -4899.39 -27134.8 2258.51 -14162.7 31313.7 -16595.2 60841.4 -26753.2 -37107.9 -25892.8 -26887.6 34404 31157.3 -31014.9 19368.2 -22185.2 17286.5 20568.5 13418.5 -9294.17 32013.9 -16733.5 -24121.4 -62.7603 9844.64 3119.84 75170.3 -65570.7 56218.8 5003.81 14401.4 -34599.5 33355.2 24844.9 2626.92 -57935.3 32579.3 -26951.2 66117.9 31724 37475.5 78141.4 -11417 -13902.2 35744.1 -44644.8 -41027.1 -35398.6 47417.4 -30189 -22249.7 29164.1 -18831.3 -53931 31576.6 -35713.3 -17332.8 51601.8 -14249.4 8550.3 49075.1 -44192.9 14466.9 72961.7 -5816.05 -1217.46 
-41949.1 19806.8 23654.7 -29319.2 -38936.9 -18335.1 -18920.2 53467.1 42970.6 -77484.6 8875.29 28664.3 -30079.9 70179.5 31749.1 -62137.2 59584.6 -68771.2 -98609.7 -57903.4 47878.1 40517.9 -64988 7369.45 -19478.1 -7928.22 10897.1 24225.8 24531.1 -52913.4 -9317.94 -4382.13 -70725.5 -6447.59 -45950.7 35835.4 3966.87 12633.6 -20246 33979.7 -14788.5 -29179.9 13380.2 14473 28536 -30517.8 -58332 -23487.6 -36053.4 -29142.4 -49464.6 42156.4 27321 -43454.3 -58060.9 10366.2 -22167.3 -36707 68010.2 71018.2 -13743.8 20653.6 -26159.1 -38353.8 78782.1 -48918.3 57278.9 -8517.25 -30305.7 -3012.99 5386.14 -22886.8 24176.7 66376.7 -66925.2 -29213.5 -19827.8 -2193.09 41920.8 -37193.5 -56959.1 44924.2 -6074.29 -6333.79 -4263.23 -28142.2 -41716.4 10876.7 -44312.4 6754.13 -1827.15 1900.15 -7939.79 -33816.8 17656.2 18210.2 774.096 883.717 -13814 703.061 -14390.2 -73796 24624 -25727.5 22194.7 13783.7 52683.6 39473 28381.5 15388.4 -23668.4 -14466.4 48677.6 -8539.2 -33539.9 -23146.8 50410.1 -9247.58 -2529.83 6101.49 -3448.68 -8428.4 71486.3 46427 7509.64 -25339.9 19295 4800.61 
-7055.07 -37494.3 -3948.64 49240.6 -35756.9 66962.6 8616.4 -10055.1 57287.5 -6515.85 3918.78 84889.8 13291.9 13342.2 -21667.9 91454.5 15792.2 107913 -21834.8 -12353.4 -45265.1 -31077.7 -67017.7 -25434.9 17984.1 87612.5 47143.1 -5458.39 -35849.8 38103.6 -40332.8 -260.226 22377.6 11640.8 -10550.8 -63174.9 -67331.5 15902.3 15866 -25504.8 -18968.9 5991.57 23700.7 57043 -66964.2 -15666.9 39264.3 -55159 -9934.48 29149.1 -21880.5 6462.93 47957 75909.7 4143.09 -125716 -767.011 -16086.6 -56553 964.044 42538.2 -3937.3 -778.461 -30606.2 -37369.5 -79999.4 95466.7 8248.37 4316.47 -63273.1 -12928.1 -24234.3 -65646.1 -29967.5 -17299.8 6069.77 11250.1 10967.7 3512.91 -42959.4 -12312.4 -84377.6 3800.74 -9018.91 -22682.5 26095.2 -29916.7 24506.4 66561.5 27277.8 27053.2 39553.3 -1435.98 32872.3 37056 5755.75 -33067.4 10745.1 -7814.64 24043.3 20966.4 64487.6 10563.5 36053.7 -6386.18 16466.2 -35680.1 -48877.6 -65432.2 25982 -24909 -30167.7 -34330.6 -22437.6 13372.2 -14046.6 8456.66 13655 6302.63 -93259.1 -10995 -5760.23 -25005.8 -14086.5 22318.4 -2287.67 12512.5 -29072.1 
-105184 29285 56390.5 -48801.4 -17562.5 -16859.7 -10232 -42932.2 12768.7 68114 33504.1 12246.8 -7531.31 7354.29 -9717.88 -31391.7 9420.62 -54903.4 -4651.97 7386.13 30883.5 21057.9 -81432.3 7643.23 62666.1 -14702.7 3006.17 3240.81 9162.66 -8650.9 -38044.2 33694.6 13455.4 -39885.5 -83017.3 -17640.4 5056.76 33489.4 -7129.98 13195 -37138.6 -46912.1 25155.9 -4993.61 -45513.2 -7786.74 19949.3 -8073.35 3750.97 -51064.8 -28240.7 -59062.1 8400.8 9311.81 -15549.2 5057.18 -1232.33 -15842 -10891.6 25292.4 -27.9569 19361.4 12056.9 19450.1 9644.8 16091.4 15020.2 35468.3 27427.9 -26239.3 59954.5 -39343.5 11366.3 9006.99 1242.67 6103.84 50656.3 -4498.42 11272.2 -29756.2 -21618.9 17942.4 -32008.8 -4985.16 -17187.7 9637.13 12669.3 38687.9 -363.699 8339.8 555.911 42807.3 -9675.11 -32324.3 -31302.3 90808.4 56805.8 -22894.2 -24334.6 -2378.28 -19117.1 10324.5 -31760.3 9484.1 -65744 -30104.8 42868.3 23232.6 31948.4 -1631.49 -72410.3 15177.9 33454.8 33875.1 -20669 -13671.6 -59624.5 -28233.3 40715.7 32850.7 -33502.1 -10157.7 67005.9 -68422.6 -2345.3 22931.5 52033.4 44486.9 
23065.3 -18863.1 36486.5 -46688.9 1467.32 17617.8 -35439 -5740.95 -1470.05 -13094.6 -15194.3 -44681.4 -43912 -17568.2 -22399.2 -19242.6 -24862.8 -29459.2 27229.5 -34620.7 42609 15242.1 19185 4716.12 48743.2 -35412.9 576.553 -13356.1 -14394.4 -4624.56 24256.1 61764.3 -9410.21 -31614.5 -14809.6 44847.2 25320.4 -74762 76695.2 16599.7 -27778.7 51618.3 -49033.5 21070.1 51423.6 -40133 -7140.42 38165.5 -11625.1 6865.22 1353.3 34960.6 -45234 15900.8 19130.5 -5297.48 15342.8 10163.7 49248 -6257.75 -74554.8 -67290.1 193.168 2405.76 -2012.52 -40191 -3894.83 27306.9 24681 50235.5 -46318.3 -17427.1 -22937.4 7210.99 -60022.1 -60979.7 9334.76 -3531.26 -28938.7 -44567.8 -3492.98 -42645.2 -22439.5 -48550.3 -69413.3 22546 49589.8 4502.62 -9760.48 -67245.1 -94443 -9969.27 -11278.3 -26238 910.277 -55073.7 -17700.2 38701.8 29265.6 -1831.53 -59406.9 80572.2 17330.9 7809.87 -30999.2 -39078 40157.6 41836 -16964.3 -9925.38 -2969.83 78517.7 19179.4 -79987.3 -23571.2 -30212.5 25536.1 15841.8 -61170.7 -24929.5 -7795.05 11291.7 19977.1 43393.5 -60963.9 2589.96 -36119.5 -17038 
-11394.8 -9269.55 8091.12 -6461.76 -52739.4 -36667.5 30271.8 -15133.3 -45035.2 -10942.3 -5821.16 7898.39 -50148.2 -4273.77 -47111.1 -45229.8 -43127.9 1967.93 -18318.3 -11111.4 5344.76 7734.38 25408.5 20112.7 -7363.68 -12298.6 27106.6 -20617.1 -17049.9 -32757.8 -24096.4 -19749.8 71234.4 -61500.8 -56281.3 33005.1 -4860.56 13511.9 36888.4 42906.4 -21376.7 -102404 15982.1 -16348.2 17973.3 -19858.2 -28571.6 -6007.82 3584.84 -21614.3 71359.4 69664.7 -932.528 9864.55 -28243.5 -2653.19 6764.12 34300.3 63034.3 12203.7 -17265.6 27019.8 11911.4 16662.5 -26692.5 -13790.7 42732.6 22105.1 26132.1 -4083.53 -65272 -4781.74 1494.55 -22630.7 6825.63 -18.3192 23329.1 51010.9 28184.3 -35289.9 8659.36 -65079.5 -11778.8 34737.9 -75554.6 -6648.12 -1885.77 -1613.22 -58451.5 15122.9 -22335.1 15.0274 -10458.3 -10162.9 -17550.2 31368 -45780.8 15464.3 24885.7 -16173.4 23371.3 26431 43916.7 33161.7 54399.6 -1919.35 -74444.9 69264.5 7157.66 61199.6 -57715.4 -24280 48346.4 -20611.9 -3818.26 -57500 1414.96 85324.4 -56063.7 -40624.7 -24855.2 61073.6 -7756.39 14661.7 -39448.2 50736.6 -606.57 -31410.7 
15114.8 -14873.8 -3422.76 8842.49 -8502.54 4907.04 -13951.6 8965.14 14325.5 -27033.7 -41294.1 -58566.7 80341 -35464.2 1425.31 -39289 18180.3 56103.1 -18453.9 -24879.2 -13751.7 28232.8 -23113.6 -22098.3 40151.5 45857.6 -40150.5 15119.8 -9969.78 14388.7 -49765.7 22133.7 16368.4 60713.7 -14975.1 16431.6 28800.4 47122.1 25674.4 7995.63 30791.6 -4417.39 -4060.27 -14700.8 55084.7 -32546.6 66784 -76655.6 -15024.8 9848.43 -24964.2 27295.2 -61139.7 -38169.5 17188.4 -19251.6 -41554 6139.86 -20620.5 78815.4 -31772.3 35880.9 -40004.3 -28339.7 26819.9 -25765.9 -10480.1 -3547.73 -5395.25 24187.6 2075.2 6907.95 -7894.76 -11375.2 -54138.2 39618.6 -3553.41 14347.9 -45303.8 39579.6 -11848.5 9601.68 -53836.1 31493.5 -26794.7 -16243.8 -69238.5 -44938.2 9258.45 -13912.1 -13063.7 929.977 13401.2 19605.2 -61215.2 22311.8 -36785.3 58352.2 19106 22373.4 -53475.4 59841.9 -5483.62 -43635.7 -21812.5 -10225.9 -50416.5 44926.9 -24348.3 -21684.6 -29325 -22508 27320.8 -30116.6 -11346.5 -12086.8 -3054.07 -48187.8 58236.9 22427.9 37751.7 -65026.7 10007.8 -25406.5 12614.7 -4094.28 18061.5 -25946.9 
35993.8 -29790.8 34880.5 25370.5 31130.8 -19475.5 -67194.1 -49880 -57421.6 -8893.82 18730.4 -7512.61 -30475.4 405.316 -3926.01 -18466.2 42360.5 17617.1 60947.3 -76747.9 -24103.9 -5843.71 30421.7 -49982.6 55198.3 -26687.3 -21740 -9454.22 73589.6 5825.61 -225.421 -57814 3542.84 51797 31158.5 -37421.7 47544.2 -14884.9 103430 -36661 12630.8 -13447.2 -324.65 -31028.2 18224.1 -42355 13362.2 25379.3 -49620 680.153 47513.9 -31871.6 -14910.2 30504.1 -14157.4 -4211.07 13788 12321.1 29929.7 -3030.09 9905.78 15385.1 -63163.7 -67057.8 15199.5 78356.8 -30940.3 -5851.3 -63964.5 42019 25598.1 26402.5 24088.6 -8940.57 28186.4 39702.4 -26721.9 70609.3 -1669.54 -2689.84 -11691 -53943.7 14198 105042 69937 -2563.7 66701.3 -37163.3 63172 -12386.9 -9633.34 -19335.4 12276 11552.4 -35094.1 7932.09 -67032 97089 7699 -6428.07 3916.16 -36734.2 36136.2 -66946.2 -22378.7 50367.2 64751.5 59071 -32802.3 -42477.3 -33618.9 -28049.9 -47171 31101 49281.4 63641.2 -62905.5 -67374.6 50939.4 -7909.84 18210.3 87514.7 50182.5 2704.15 50684.6 603.146 -23784.3 -64240.9 
-36539.6 -5285.9 19365.1 97922.8 -8514.18 -32512.2 22515.1 8619.25 -9029.96 428.189 -8899.31 49288.5 -5050.06 -8329.89 7494.03 45176.5 54438.2 -46823.2 -416.963 11117.4 -3459.48 -17580.9 -20416.1 31053 -50101.9 -35288.2 28722.4 31634.9 -6148 -23263.1 14061.4 -19269.6 -64704.8 -11075.2 -15245.8 -34504.2 -18689.7 34198.5 17239.2 37789.8 -61089.7 61134.6 -10937.5 -52886.8 20814.3 -4980.53 -104293 -60930.5 21278.3 71480.4 31556.6 23227.8 31114.5 38.0242 21243.8 55478.3 6109.01 21674.1 14143.8 -117534 -45051.1 -21530.1 94138.8 36160.6 -17773.8 94315.4 -5348.26 88193.1 11428.2 89902.6 38260.4 -35820.5 73949.2 -47833.9 -49602.1 -25498.9 -4356.24 -67680.6 18247.1 -16.9869 -17828 28190.2 13341.7 1.54162 -23595.2 -26016.3 -54232.3 -12400 -13344.4 -82302.8 27924.9 2658.87 1010.05 512.412 -34164.2 10722.1 -12044.1 -35931.4 -56807.9 -48304 76942.1 -15192.7 49362.3 27042.8 12219.2 37757.7 55385.3 -7403.46 20666.8 13917.9 -42929.8 45750.5 17212.9 16944.8 87793.1 -3971.58 46467.2 53440.2 -11543.2 -13578.7 -7920.84 -7451.44 -19122.5 -66234.8 9438.3 14291.1 -17935.7 -19076 
1540.8 35781 16891.3 -556.265 -13865.4 -40046 29820.1 66007.9 -19465.1 -25501.5 -30096.2 -31790.5 -18178.6 83759.8 -5473.45 19906.5 32545.1 -12599.3 549.977 23489.7 27045 -64260 -8078.66 55225.2 -28801.9 25128.4 55914.9 -41653.9 10590.6 30976.6 8196.08 -17631.5 3389.16 43948.7 -49550.2 19535.6 40787.4 -17078.8 -66647.2 -1063.34 -32122.3 -9407.04 19754.5 -11892.7 23296.5 -8506.77 48861.7 23815 42134.1 21387.5 32140 21667.4 -32972.9 64136.5 -37567.9 -25888.7 -18447.4 -49201.1 -11691 -1639.34 1343.22 29612.7 37287.8 21386.4 34293.1 1158.78 -9097.12 16665.1 -3065.97 -34275.8 -55849.4 -11970.6 52544.5 -15842.7 47016.4 -82265.1 49235.2 21993 18765.8 21591.4 35023.3 -15420 49430.1 9471.65 -13879.8 10875.6 8437.42 4261.58 21583.6 -7099.74 35884.8 30682.3 -37591.1 -47615.9 84332.7 -62050.6 -15674.7 22242.9 -16206.1 18605.1 -16728.8 -12674.6 39158.8 109786 39648.5 28907.6 -41229.5 12402.5 -70394.9 33161.6 57041.1 -81619.8 50.9996 3828.13 12246.4 -30303.4 13431 26027.4 -19580.4 66376.2 -26492.5 25993.9 47457.2 32085.7 -31318.4 -13749.9 13745.8 37989.6 
-2594.56 -49709.3 -14324 -29142.1 -115522 19062.3 10027.4 -4350.85 -195.833 57775 54618.8 -11008.7 91.6243 17355.3 -14974.8 20295.7 15379.7 23287.1 -26641.5 17141.2 -36782.7 12267.2 31325.4 14382.6 19830.5 23041.4 26755.2 55817.3 -57501.7 8316.68 -22399.7 -18682 -21183.4 16257.7 -18028.1 -10127.8 -25023.4 -58336.3 35579.7 -2651.44 105147 38056.5 4973.04 -26726.7 -65334.6 -47497 12426.6 80050.1 2129.45 22521.6 3785.61 85278.6 -48181.9 -40641.1 -17524.1 -5993.26 8782.84 -6681.19 8786.77 -71970 -1977.92 -64790.8 33870.2 -28306.6 3654.11 -29906.6 42895.1 -64618.8 -49398.5 -9859.16 -35856.8 -23941.1 -42801.9 31427.8 16932.8 -28943.4 -19056.1 -13902.7 21311.6 -36504.1 35566.5 -25585.4 4726.36 -53887.6 73484.3 80134.5 1917.49 -12688.5 49631.2 -43906.2 23904.7 34978.7 -10885.3 -28759.8 47696.7 1837.22 9169.01 -78712.9 -35944.1 -72604 -4007.16 -5706.53 -36800.8 -7682.47 -26138.3 -67550.7 -71659.3 -29511.6 -83049.4 47078 -61512.7 25512.4 -11909.6 -20659.4 -10765.5 -3555.01 -17620.4 -20405.5 12794.9 -38642.6 -32328.2 44942.1 21571.7 16949.9 20143.7 37423 16652.3 -43067.9 
-47102.7 -63068.6 -55064.4 4665.87 10905.2 27765.5 -40449.3 -61054.8 7262.11 108015 6131.5 -22087.1 -40855.8 -11404.9 17137.1 -29422 20683.2 -17834.5 33274 4775.96 8612.33 -19375.1 19948.2 -24961.6 -24507.3 33051 -46509 49925.6 38434.4 61458.4 -50376.7 39371.9 -20458.3 78451.7 -42464 26164.1 -52752.4 -46188.5 18333.4 -62807.3 100727 -28026.4 33612.2 -28001.1 38029.8 -20097.6 17020.2 64607.1 -15546 -43787.2 25836.8 -19609.5 -25810.6 -2248.19 21146.7 6606.79 36094.4 -32750.8 19154.5 48684.8 -29588 -39685.8 55697.8 -39546.2 -5671.57 -41.4073 54875.5 7281.08 8945.68 -61139.1 34389 5961.55 1353.53 11460.7 -21483.4 92582.9 4912.64 -32812.4 18049.7 -33596.4 -32662.2 22984 -3213.29 -111605 39558.4 8319.68 4726.8 17622.1 51320.6 -23698.1 -19082.2 -33126.7 68464.8 -6110.31 -5219.34 12880.9 -35183.1 29228.7 -15448.5 94475.7 31837 -15810.3 -19459.5 15869 -51795.9 -4716.95 -9973.7 22519.7 -2830.27 -50475.9 -11812.4 1950.35 -14526.6 -26097.1 -30729.1 -25036.5 3753.4 -21978.6 -18873.3 13813.4 -21471.6 9475.37 -5785.87 69617.6 -32110.6 -24201.4 13303.4 48454.4 
-37839.5 9161.02 45058.4 -58014.6 7454.63 37324.4 -20735.5 9411.05 53026.9 8852.22 13830.5 -7874.25 -41863.5 57581.2 2415.08 -21191.1 849.404 43444.3 47379 14094.1 -722.158 678.82 -43136 -72346.4 -16509.9 -77752.4 -40039.5 -10342.8 3190.56 57746 16600.7 -21947.8 -9540.93 52142.3 -56810.3 -53915.2 61430.8 32429.2 42762.7 -70312.4 29842.3 9193.39 46321.6 -16163.6 89121.8 73146.3 462.187 5825.73 41335.1 -19261.6 15113.8 -54018.5 32274.5 -615.752 -13909.3 -21287.9 -26313.9 17605.2 33348.5 -24581.9 35546.5 34913.7 19431.3 5384.79 -5463.08 16793.3 -53928.8 -42397.7 -39354.3 4449.13 -3447.16 43853.5 4915.74 10696 44851.4 70797.5 28033.9 -25764.9 57202.4 20528 -750.982 -56031.5 29417 -10977.5 88116.7 16836.9 85819.3 -21488 49871.4 54229.2 29969 -17435.3 1680.59 -38904.8 31947.3 55502.1 -34633.8 -541.516 -1010.29 -7337.67 -8491.55 -30478.3 -12089.6 20140.6 21440.1 -56240.2 28115.9 -8804.13 -40511.1 33615.3 -16143.9 -72027 -7258.42 13134.6 9549.8 4851.9 -67367.2 -9991.87 37893.5 31954.2 21385.6 -8079.46 14298.4 -32628.1 28965.4 -76967.1 -27840.6 3148.63 
-69121.5 -37759.5 -29717.9 -4908.3 58610.6 32991.3 -8812.89 6924.55 37037 -39291.6 29037 -92871.1 8325.48 13454.3 -40510.7 53363.5 48743.7 18080.9 13727.6 -63108.7 27769.3 43423.7 32642.2 -13040.3 9392.25 -26777.4 -40061.5 9065.91 74414.8 6131.62 72477.7 1603.72 31083.4 17341.3 -24431.2 21265.4 -49697 5943.73 44127.8 -18379.2 24660.3 -13929.4 -22189.1 14241 24629.9 -48203.6 -36456.6 -65500.8 22919.1 -8573.97 61682.3 -12518.2 -22921.7 -29781.9 -24187.4 51041.5 11700.1 8357.58 -10656.4 22510.5 -9349.41 21655.9 1252.33 5743.38 -804.967 14467.6 -19296.5 -1713.54 2730.1 12761.3 16809.7 -39346 -23885.1 -13830.8 -24037 -42566.4 -42227.2 -36924.1 -14142.2 14350.6 -70417.9 62709.6 -22502.7 -71694.3 -2345.29 -15085.6 17358.5 -20659.9 28565.5 46341.9 5511.31 -64411.7 -28380.1 60930 28743.4 -44165.1 -2263.44 20729.4 -24260.2 -8936.13 -51012.6 -18311.1 5445.29 -22955.9 -18920.7 23213.3 3559.53 64207.7 -52847.1 -3397.5 1641.17 15481.2 -92581.3 -14684.1 -14247.8 -15138.8 -18735.7 26974.9 7141.72 -57874.7 16094.3 -46071.5 18742.9 73023.6 -11366.6 -31680.8 -18005.2 47511.8 
-78046.8 263.153 -145126 18274.6 1294.71 -10102.8 14771.9 -37464 8735.09 -10940.3 -33726.9 -84292.4 -36178.9 -601.148 45505.5 30677.6 61436.2 -43499.1 20914.8 2552.11 19491.3 -29855.9 11541.6 17266 33508 -93119 -19361.6 25501.8 54239.7 -11169.6 30535.8 -55946.3 -15417.4 32966.2 39886.6 -30258.9 -22047.9 -2582.36 -44295.1 21741 46315.2 52489.2 26673.5 24394.3 28896.4 50038.8 -34967 -36812.6 63761.4 46664.2 21359.9 80929.2 -44984.4 9297.9 1137.22 73118.8 -53548.8 9800.18 -2312.79 -684.91 40402.6 -51334.5 35286.9 29513.3 -12272.1 5038.73 7458.34 -33221 -25154.5 24849 28862.9 14523.4 57176.4 9336.26 -6132.56 23956.8 4783.84 -6227.67 32634.9 24820.3 -938.257 79551.5 -39573.3 -14108.2 5390.11 -57184.6 330.69 -33972.7 -19584.6 16257.8 71824.3 3499.79 -28156.2 -27468.1 28062.6 -50360.6 -42587.4 -11432 -19960.8 -8051.87 -34007.9 -1579.74 -11251.4 19444.6 34574.8 16894.7 -17749.3 -17700 50388.5 -10042.2 -4550.57 -65478.3 -28081.1 61276.2 -58006.2 52732.3 -22049.4 16308.1 -53744.6 15945.7 -68660.6 -8406.59 -74328.9 4583.57 5172.63 5912.35 8366.64 -8538.34 
-20451 -43188.5 -59369.2 -40339.4 -22864.6 -3522.93 -7158.67 44024.7 -762.484 -15821.4 57764.5 5772.62 -1498.33 -5251.32 8080.63 -19251.2 -26025.8 -17677.2 2517.59 -22231.8 -98419.6 -19171.4 44766.1 -889.768 -12429.1 40544.8 -54544.6 -13429.4 -41220 45456.7 -25730.8 19874.1 -17481.2 13306.4 -40116 -44643 47097.3 -7757.06 26005.9 -112098 14417.2 4862.66 -23267.5 -91348.9 2350.77 54254.3 -12488.5 72410.3 -15345.5 68227.2 24867.7 -17727.6 -16862.1 3938.81 3383.75 -29099.7 35232.5 -14343.3 34273 -48031.3 28556.9 17276 -14519.9 -62813.1 52384.4 -25160.8 -17018 31361.1 -11251.5 -30329.1 18679.7 32412.3 6687.58 2532.47 34204.6 87189.2 -23668 -29237.9 28402.3 -1520.4 28933.2 -6055.99 50976.6 36213.9 82141.8 106844 46677.8 53593.3 1664.23 -18546.6 -10515 -38624.9 37386.6 -22485.3 2595.8 -48846.1 -63806.7 -13258.1 -9363.09 -6108.2 -58524.7 17145.6 -33941.2 -50184.2 -1744.97 -74657 8068.69 -83156.1 -24700.3 -6235.84 -29610.9 41356.5 -21797.5 -50014.5 -17555.1 12812.6 -34602.2 -28366.7 21503.2 32543.6 8856.54 25577.3 2621.47 -19924.3 -11521.6 -76243 15775.4 762.277 
-40313.7 -31871.6 26027.6 11446.7 -17608.4 3759.1 61331.7 -45998.7 105285 -74150.2 23315.2 12480.6 -72075.2 35026.4 27775.7 -62757.5 -33749 -65741.3 -39105.7 -15059.7 -6963.61 -45431.4 -22693.1 21993.1 -109207 6211.7 23047.3 26373.5 11682.1 -44118.9 6588.45 -14130.6 -48955.7 58121.9 -23772.3 81423.1 31843.1 9543.36 -9567.6 -2276.43 -18511.7 24966.1 93979.5 6798.25 -58492.7 5853.77 -85131.7 67466.9 -135197 -4057.84 35451.3 100480 31216.8 -23474.6 -73032.8 28049.4 39971.2 22202.8 48502 -76016.6 -70467.4 -24587.6 -14327.9 -21688 80119.1 20022.3 -37948.2 -11420.9 -16511.8 20365.6 37116.4 3085.56 122442 16473.1 -20019.7 7852.86 -28516.6 -16903 20837.5 -10566.2 36685.9 29134.6 12990.1 -30900.2 50363.2 -33497.2 33623.8 32579.1 53241.4 -28749 -33724.4 -21739.8 -5526.76 -34336.8 57213.7 63346.3 -3818.57 -28776.4 -3886.92 -33206.7 8080.92 -150352 -2719.75 -21110.1 -44154.4 35557 25410 68553.8 40867.7 -54151.8 85019.2 13457.1 -69944.4 62229.7 49861.5 8980.47 19726.5 30139.1 2097.59 69568.6 58205.9 -27250.8 1167.12 -42176.7 -3381.8 -31748.3 -53596 -1620.8 
73423.7 -26565.3 -27222 -56775.2 48433.5 -6914.96 9783.38 8917.9 -13594.8 -48233.3 -59177.5 -30446.7 -5487.43 39677.3 -30260.5 -34649.3 -38914.7 68911.4 -9047.19 -60650 9181.42 -44210.2 -34284.8 -7109.08 37415 56034.5 85044 18286.6 -16128 34829.3 -51651.9 16877.2 11670.3 70002.4 1192.14 -46107 -31329.2 45040.4 44419.3 -7797.95 39517 -18130.5 -21969 21102.7 28548.9 1150.73 34675.4 10753.6 39106.6 -2371.75 -21535.1 -9477.67 -35824.2 -44314.5 10874.4 46342.5 -65147.2 12522.7 -73240.7 22476.8 12446.7 13617.3 27296.8 -51849.2 -25198.1 29925 9415.41 -6255.97 2880.35 -25339.7 -21686.6 -6851.74 32141.3 31459.9 -98574.9 -1963.6 5734.09 14213.9 7462.6 13736.6 -68255.4 48893 -17934.3 34860.9 -49349.9 -3152.78 -9710.17 -18786 75089.2 7652.79 45180.4 31932.3 48033.4 -16301.8 -24638.3 15196.5 -11924.2 -19501.8 -33459.6 43931.2 -35006.5 -7839.24 8464.6 18230.3 -17981.1 44756.6 21989 -14124.7 28194.3 26578.8 -10626.9 -56414.5 21818.5 -219.672 52120.7 -18467.7 18407.3 -65779.6 9323.83 5578 8912.89 -28163.1 -32860.8 7040.73 10045.3 33942.2 -21925.1 34440.7 
-9503.89 -34421.4 80972.5 -14835.5 -1821.94 10864.1 37238.7 2355.07 -32876.4 -51604.1 50078 -27214.2 75366 -6602.38 -22067.2 13824.4 -40206.9 2813.98 -16335.8 -6125.81 -22171 10375.3 15241.9 -33106 -17500.4 -19269.9 22852.8 -1324.2 -15165.6 -60289.1 -16469.6 -26657.9 225.169 6728.02 -32699.2 -5398.38 16224.2 14882.1 -22653.5 22265.7 -15343.1 7224.85 18302.4 -14031.4 10352.7 -2166.64 -1204.93 -32492.9 41730.5 -67985.8 -33492 -4462.45 24278.1 -45596.6 -33175.4 44660.5 -93741.6 -19296.5 -25068.4 -7882.12 44901.8 -22702.8 -875.014 -23240.7 -30629.3 26370.2 -30225.7 32498.7 9347.21 -22474.8 -34416.6 -17180 -10095.9 20429.7 48978.2 -47424.2 47555 -38207.8 42238.7 41152.1 11881.6 -16242 5998.95 32316 -56050.7 29161.5 -9447.59 19254.9 62948.2 27856.1 36951 3751.51 9498.32 -17730.1 8240.48 19099.3 52604.1 -14813.2 -12803.1 -45786.5 24473.6 -20074.2 64873.9 16459.7 7080.25 4388.68 -29835.3 45225.5 -81306.8 28148.9 -56584 -63602.4 29400.4 -545.887 23611.9 -107008 48681 -9721.63 71699.7 63050.5 -25669.5 43973.6 -28065.9 -39549.4 -29676.7 13292.2 22066.7 5972.88 
-55118.1 -49269.3 -12088.3 17968.1 42772.4 -49592.6 24611.5 -10776 47935.3 -2176.57 71228.1 30564.8 -19258.7 23201.9 -25276.7 38407.9 48252.6 434.548 -68336.6 -1726.64 125789 -43631.4 -14665.2 60500.3 34200.2 -21555.2 -22405.3 26601.3 20406.8 -40638.9 -6629.06 18613.9 -23862.3 108398 -48265.9 -33538.1 26809.6 -29429.8 -14407.4 28529 -56716.4 8822.14 45537.8 51396.1 49668.7 -22910.6 1332.53 -68742.1 18729.6 52773 3284.93 -5710.08 -1399.67 60090.2 -122654 32544.8 -20545.6 9481.65 56497.8 -39620.4 -33382.9 19771.8 68553.4 18449.4 -25704.4 -55955.9 4139.78 44365 -3858.23 68007.5 -40241.8 1206.15 35635.8 -29477.8 -49651.2 -55996.3 14836.4 -42151.6 -4772.22 -45621.9 -59061.8 -1093.81 21125.2 25293.3 -97613.7 13870 -73221.9 -27705.2 5336.69 -3600.65 92936.8 68097.2 28942.5 -35974 14782.3 32994.5 -67513.2 43180.1 54760.8 -37675.5 3805.3 -37844.4 27116.9 26850 -2757.58 -35688.6 -56006.9 -27883.7 34661.9 12905.3 -72602.7 13425 14937.6 72284.3 27256.9 80747.6 625.202 -42266 -23919.4 -84771.1 26366.8 12440.9 -3471.65 -38036.6 -1869.2 -44349.2 -11332.1 63129.7 
-3879.27 40902.9 -23415.9 46183.5 1039.53 -13118.4 -6343.94 84548.9 2811.95 -33148.4 21094.9 4348.35 -94896.5 48682.2 -19537.1 43841 26878.6 -331.663 71191.9 36329.8 -26347.3 -2503.63 -7579.93 6937.68 -29947.8 3778.18 -45526 -46477.1 -1749.95 20337.4 15012.2 -58532 21955.6 -66926.5 -49033.8 -87001.1 8694.13 5336.46 19776.7 -6387.59 -100468 -37219 -20882.3 16892.6 36333.6 33822.9 12234.6 -46548.2 32722.2 48308.7 54646.2 9147.31 33657 -14394.3 11577.9 51183.4 54899.6 19239 31827.9 -16389.3 -34671.2 -2462.57 -37962.4 109731 -59376.7 -17968 691.818 -8749.5 29623.6 23710.4 29066.4 23698 16881.5 -69277.6 -27006 -20483.2 39099.1 -46259 3713.5 23372.8 -13896.4 -48333 54232.1 -27523 -9082.11 -46449.6 34937.3 7505.82 -61537.2 -52118 -14261.3 -7955.09 -13098.9 -25023.5 -22486 -74847.1 -14763.6 -26810.1 -15635.2 -33633.7 19339.7 -15613.4 25407.8 -55876.4 43339.8 -57942 26942.2 -46107.7 -1332.1 14014.5 -29599 -7146.04 12723 -34030 -35286.7 -23644.7 19055.6 16892.7 2216.2 -69707.1 -36257.9 -26062.2 -75008.3 -9735.5 -5675.75 10430.8 -12351.4 -6365.99 
-16802.1 -15381 -32330.1 -20961.7 -4206.72 -12218 7489.13 -57689.5 -12131.9 -37905.8 23692.3 -60909.1 26686.3 45137.6 -37470.2 58796.9 20306.4 -14697.2 -29070.4 -68176.2 53803.4 -329.805 16222 14905.4 72510.6 21824 -49785.8 -2736.07 21667.8 66586.3 9382.28 44137.1 -49417.6 -36579.5 47076.2 -16701 51686.6 36586.7 4953.41 57476.8 -27128.8 31208 45398.5 81736.6 -42940 -10784.4 3536.6 -38504.7 -50282.7 -9796.98 -9438.02 17323.6 36831.9 8172.59 -39492.8 17993.3 -33263.7 -42448.6 2381.68 -30051.8 44728.7 -18757.1 2369.01 -55514.9 -5090.66 13194 10254.8 14985.1 29219.3 20792.3 29607.7 -39632.3 912.585 42650.6 15079.1 -59626.3 -57049.5 -31631 8215.1 -35320.2 46289.6 -18832.1 -37887.9 31512.1 -47044.2 52333.2 41919.7 -20362.8 21796.4 46814.6 39571.9 -37486.3 23909.4 -30496.6 40556.5 -40546.8 55774 68594.2 -23881.4 51879.5 -60071 39359.9 36496.2 10535.1 -34090.6 -41195.2 -302.81 80957 -29829.7 3488.41 26982.9 4898.12 -67033.7 -25175.6 2816.77 26418.6 5522.12 -27439.1 -10153.8 29531.6 32198.8 -40940.9 23934.9 -44775.4 -9933.44 9851.33 10262.2 33241.4 
-12580.4 7275.59 28481 -42161.7 26528.8 -17274.6 -19902 8031.25 -37389.3 29042 -19058.9 -33392.6 22526.8 8702.58 6900.38 -11770.1 65.4473 -65686.1 37169.5 32254 20163.4 -16847.9 46870.2 -9674.19 15028.6 -15515.6 -16227.4 -21837.2 18600.6 -51517.6 38513.7 2409.79 17368.8 37527.6 4291.97 81295.3 27507.4 -56123.1 70237.5 -31382.8 53289.2 8367.46 7311.46 -31696 36787.2 34270.8 -6643.19 9393.54 17048.7 -3356.39 -72257.1 -29448.5 -34380.7 -39836.8 -6592.59 9100.82 17151.8 10928.4 -10500.4 28194.7 -51745.9 50551.5 15705.2 18174.1 -5250.91 45625.9 -44916.6 32801.2 -2083.66 15147.6 -19816.2 -4060.43 -44558.1 4832.4 -12740.4 -16578.5 55783 -44163.9 41816.9 -46614.6 -9139.53 40497.6 35912.7 -2323.31 23687.5 19613 66209.8 -36827.2 -15497.6 3445.82 -22164.2 68141.4 29015 56372.2 -54410.1 -51053.1 14530.1 -41074.2 626.915 -335.013 6636.79 40084.3 -29626.4 25679.2 -69355.9 -39380.3 -21904.1 12074.6 -45644.1 -53617.2 -90283.8 -47646.3 33996.4 13938.7 -46691.7 36788.4 -5764.88 -44184.6 10834 -44122.3 9390.04 44201.9 63850.2 47958.2 2233.74 28733.3 -36448.5 84076.7 
18517.1 23402.4 38821.9 17942 -17966.6 13289 -40440 -10924.7 -33432.3 17610.4 25301.5 47165.6 9622.33 -9911.5 24246.7 -45902.3 -25884.9 -25177.7 -23226 46030.1 12705.8 27707.9 -51694.1 -4684.05 -47752.1 -94515.8 -3481.76 21914.5 10481.9 59606 -92037.3 -11495.7 -47823.8 -2525.2 -53568.9 -36867 -40050 79699.6 -12608.5 -31812.8 56606.7 -18523.5 -1851.33 -1125.81 -18103 -10480.1 -17584.1 57830 -4305.69 3110.47 -39146.1 13673.6 442.8 -21273.4 -61357.6 12539.1 -12521.2 -3607.95 16984.4 12590.2 -19074.5 -14888.5 29690.7 7169.08 -37414.1 -10110.1 31799.7 -31904.4 -18282.4 7222.16 1637.32 44072.1 -59182.2 -13023.4 40378.1 53060.8 26896 19421.4 61031.9 38354.2 -39649.3 -50122.7 -29738.1 48871.9 -9529.33 8416.21 -61471.7 15243.7 25966.7 -12916.4 -22723.3 -22387.4 -36322.4 -37098 53112.6 15808.2 40045.6 31142.2 -553.747 -72111.3 -39954.6 6755.69 -26195.4 -9872.63 -48746.1 8309.06 2541.28 8858.51 1675.1 79186.2 -18331.7 -32067.3 -16225.8 11756.4 12727.3 -32614.9 -44377.1 -6976.95 10801.7 3146.45 -79399.5 -37182.2 58977.7 -66364 16400.3 29741.7 -154.692 -29245.5 
-19450.7 31027.7 42803.9 -28575.1 -29913.5 -34587.5 22990.4 42436.9 31551.7 -36518.1 -19301.4 6956.92 -15266.8 -35730.9 -53541.5 -21609 39379 -18174.4 11888.3 4726.56 11856.4 -32751 6454.62 8895.03 -11982.3 965.121 -408.421 7101.15 52700.6 9283.93 -39421.8 -36082.2 17222.4 52503.1 -65593.3 12613.9 8904.32 -62608.7 57353.6 -72810.7 36812.1 -19532 25546.9 -28498.6 11555.8 3023.65 40092.1 23408.5 -12519.1 -29464.7 -41294.1 -17028.3 -50135 2655.61 -67354.3 15663 -30970 -26124.3 40186.8 59863.4 -36261.1 -23814.4 8030.2 3790.62 22677.8 -39529.8 7129.93 -19742.3 11621.6 -45919.6 -5487.77 16311.1 -28327.1 -1160.49 -42988.7 -61059.3 -38825.1 25468.7 -38839 -19574.2 -33457.8 -13658.3 -17373.5 5766.16 -12083.7 33936.3 -30655 -11035.4 29809.2 69431.1 -9928.02 64670.6 -4460.56 -79628.6 -1138.45 -34330.5 -36680.7 -20706.1 -17085.8 -12366.7 -19680.5 -24539.9 -31044.1 -9846.93 -49129.7 -37934.7 20487 30369.6 -10841.6 15913.4 -18835.5 31576.5 53217.9 20492.3 12111.2 -14567.3 -51054.9 -39125.8 48189.1 3891.97 -46908.6 31362.1 96137.5 15540.8 -58066.9 -39464.9 -26594.4 22542.9 
14851.9 85877.8 22182.8 -20026.2 75286.2 -6944.41 -25480.3 23074.5 -14514.4 37630.4 -3059.94 23995.4 62459 8210.48 -23680.6 -17976.8 21149.3 36176.6 18402.8 37931 9357.03 -2198.2 -6253.99 -62949 -9741.71 -25441 -40816.6 -47040.2 9263.29 86867.3 -9930.04 -44072.8 -12863.5 -37802.8 -56795.9 12131.1 7562.15 -29226.4 37423.7 18321.9 11471.8 -47878.5 -3372.98 40642.7 4373.36 -93252.6 133984 38079 -14034 -93052.7 44008.7 -79345.4 -26862.9 13677.3 -18764.4 -84227.3 29748.7 38588.6 -29880.9 67748 768.58 14278.4 -5862.02 26190.7 -3143.86 -25720.2 17671.7 -56230.2 22316.3 -20996.8 -21965.5 -6446.05 -24561.2 5280.93 -38468.3 38385.9 1065.96 8336.72 18457.1 -6871.3 -88241 -40762.4 -1218.48 44787.3 31988.5 -56782.9 -7449.4 -12649.4 22972.9 37182.3 7888.98 -13115.2 -27202.2 -19495.9 -2902.58 15149.6 -31964.1 29778.8 13109.4 13766.6 29433.1 -581.754 -17511.2 184.693 -14438.5 -10819.2 -61618.9 -56079.8 -27396.6 -5812.39 -7563.62 -127565 77938.1 -11936.9 -31107.4 -69938.7 37841.2 11280.3 1879.67 -17487.3 -6512.37 17104.5 46761.9 52251.2 -65263.5 88832.9 29141.4 -55359.3 
-3251.75 8129.57 -7918.78 83794 27634 -61843.5 -55313.3 75436.9 -1018.94 7915.38 23922.4 99112.8 -41914.1 68670.9 -114382 59071.7 62758.5 97352.1 -33440.7 -21470.3 -23807.5 16482.3 -53998 -37255 -45700.7 19449.4 -16726.9 3438.78 91922.2 3911.75 -5012.67 -57397.8 -13171.3 -28573.1 -56877.9 -34885.6 -9063.93 61012.4 8716.31 -24060.4 -12377.2 -14697.2 -2732.8 -4686.32 -9712.66 13760.4 -13421.9 -36049.4 -92107.8 -30224.7 20497.2 43938.1 110008 33097.1 -24539.3 12014.5 -41745.4 -9535.96 -42621.8 -4039 19250.1 3706.55 -28171.1 53783.2 -30134 7974.93 -16847.4 25998.1 47525 -4932.56 -5382.22 -25161.8 20270.9 5682.78 23129.6 -19775.2 -62229.4 -18470.2 -58994.8 85908 -60925.3 -89969.7 35508.3 -47326.9 29070.4 -7105.34 -35193.7 -19692.2 81567.4 12994.7 -37869.9 54709.9 -12959 31421.9 -20894.8 61374.6 27665.9 4872.43 20382 784.314 55698.6 -46975.8 -75820.8 -35784.8 -3084.29 24040.9 -40468.6 29826.4 5868.2 -3792.31 28897.7 -16838.4 -33612.5 63609.1 47181.8 23608.9 3476.09 -3761.69 10375.1 -31659.7 37653.9 22435.2 -10105.5 -83537.3 66062.7 58808.9 4347.71 11685.1 
-26780.7 -81019.3 -56113.7 -49788.5 -14711.6 98810.4 -10631.2 222.893 -1286.64 38070.6 25373.2 -40526.1 -17138.3 -36674.4 14278.5 -12847.7 -44769 22022.4 33754.2 -20815.4 -82278.8 34587.9 -37962 32677 -37160.1 6805.87 92810.3 -8240.31 39920.1 -70.3591 -52541.4 22518.6 -33481.1 30243.6 -33772.9 20259.8 -101421 50140.4 12675.8 -39408.9 66821.5 -10839.9 -43250.8 -40499.1 25217.1 44311.9 -18280 3061.13 36241.6 25353.8 -49717.3 -68457.4 20412.9 12159.9 26443.9 5533.74 24952.6 11011.4 33569.9 64774.7 -12457.8 -5593.66 34321 -14324.7 -27719.6 13425.9 920.122 -2265.88 -2676.9 -101247 -6763.1 2335.52 -40302.5 43150.9 -30800.1 37908.6 42689.1 64276.1 17341 -63333.9 -52750.8 64593.3 13712.1 13689.6 -96198.3 -33100.2 -37495.5 -19589.1 55197.6 -21215 18807.2 33263.7 -24857.6 -21105.5 35672.1 -76930.2 -5814.51 -47976.5 -18543.6 -18417.6 59254.4 -19971 -43818.7 -60190.7 -284.638 43212.6 29420.7 20072.2 68213.4 -50046.1 -63912.4 -545.605 54315.3 -29642.3 -42605.4 -105231 12740.5 -15476.5 32458 -38862.6 -11365.7 18771.3 -36855.4 -24841.9 19341 -28891.1 10072.6 28597.6 
-56383.9 30650 -87921.4 -6162.93 17552.7 -72860.7 -19978.4 -20249.8 5515.38 -80140.5 -18978.5 -19710.8 33962.7 46037.8 -16636.9 60708 19178.5 -36743.3 -6479.93 37978.9 43486.4 51864.3 -53752.5 50900.2 74177.6 77853.3 8026.61 -41665.3 -54412.6 -77713.5 -48475.5 -27568 -41571.6 -8153.32 -1595.34 18732.8 9306 -12066.9 -21334.7 30265 -40030.1 -81195.4 -39677.9 -5226.46 -33807.6 35690.5 40177.4 -20410 -17256.7 -22895.9 32851.1 22526.3 -9981.28 -18826.8 -53292.2 -5032.91 -4197.06 28795.6 19623.2 11859.6 8076.8 54154.7 24934.6 39495.4 15018.2 26317.3 -6364.92 -41985.3 -48099.8 4106.35 68868.2 6431.48 25298.5 -52411.4 37166.5 1718.74 46749 -32254 -22102.8 -4031.49 -9984.54 46023.4 28916.1 -15443.6 -82355.7 -71643.8 -41013.5 -26779 -51388.5 20822.6 45611.3 67503.5 -62171.2 5703.25 -26896.5 12509.9 55709.1 -34812.6 -5981.38 -23860.9 -64387.2 -68755.9 -10342.3 -37387.7 19207.4 -15279.2 67872.1 49960.1 59393.4 1724.47 5909.97 32320.7 19487.9 -2349.7 75179.2 -31753.6 40475.8 12731.2 21508 -3804.53 -39264.5 -20302.8 -18253.8 31718.1 39127.9 7751.94 25064.9 -78927.2 
-39686.1 -72210.6 -56017.8 -63210.2 15260.1 -27930.4 -38921.2 28134.5 22729.4 24720.6 36764.4 19775 25343.9 8576.62 -23798.3 15617.3 -29483.7 57808.7 -20804.7 -20947.1 -61490.8 39521.5 2081.39 -6291.01 14305.7 -70237.5 -28036.8 -23051 49416.2 -33428.1 767.22 43228.5 7148.16 -56620.4 38413.6 39755.8 -66325.2 59687.8 56687.5 -26243.2 27312.6 -21779 -108693 37109.7 -35461.7 -8185.46 -38489.2 -56032.4 51848.8 27786.5 -18167.3 -9939.98 7684.16 18209.8 26829.4 -31066 3078.83 -6374.99 40938.3 17574.9 -17625.7 26392.3 9718.48 14281.6 -26922.4 1555.54 -11626 20877.6 -15877.5 5491.84 18256.6 1316.42 -2998.18 -4798.54 51838 37356.7 -44987.6 -40536.4 -3463.27 -3492.23 -5092.04 22753.1 -39838.6 -31753.5 -13537.2 -3448.75 -1894.58 -50350.9 46749.9 24928.7 -7665.88 37681.2 -3135.98 -7700.22 -17970.8 6046.26 -27017.2 -18303.7 23283.9 -33607.4 -69526.5 -11006.9 -23575.1 -7568.6 15747.7 -35061.1 7673.09 5273.9 -65665.6 4491.76 -22651.7 28592.4 -47665.5 -50885.7 -41047.6 -127342 -437.15 18953.5 -36383.1 -46803 -347.53 52405.1 -71248.7 -17592 47647 -23210.5 35733.5 16407.4 
-50857.6 -47564.2 -17136.3 16246.2 40663.4 36475.7 1628.09 55659.1 -46766.6 11577.7 39747.8 26432.3 -15179.3 29722.9 43458.8 -137.989 -2814.58 18195 35949.5 18656.9 -12503.7 37614 -36342.6 -30138 13468.8 58335.1 -3814.43 -21427 13566.9 -7394.03 -51939.4 15731.5 19835.6 -53360.4 24607.7 -106373 -45538.6 86255.9 -3716.65 -22876.3 -21731 -21791.7 -28199.3 5275.93 8434.72 39240 -43844.8 -80170 64131.8 22532.5 -21682.8 34337.2 1052.85 -13056.3 -2493.96 -6670.56 38987.3 -60391.1 -34744 -7083.08 21620 42628.7 -65928.4 -51800.1 9944.36 -45224.8 50466.9 47655.1 -17565.4 -27832.4 44673.8 -93886.7 65190.2 -36969.9 4335.1 83740.2 39765.3 -59322.4 -3052.92 11764.2 -10821.9 -30597.1 -27526.7 4102.02 29829.7 20659.3 3450.59 -14773.6 6978.51 -11728.6 -13537.3 4788.8 -24230.3 -2994.62 -76149.6 -54079.9 31632 9271.54 47942.8 -6217.25 -16271.7 41909 -20459.8 -64855.9 -8361.31 46214 12722.8 -12998.9 14133.9 36213.9 -27306.8 16102.6 -28036.3 53444.7 -74035.9 -35718.2 -18036.8 34124.4 4202.08 -114156 -23141.3 -10293.4 -54451.5 -76900.8 27255.1 -90779.2 19720.9 9582.64 
-12256.4 -25104.1 -36436.4 27660.4 40626.2 49404.9 -45297.8 41330.8 -7793 41947.2 11733.4 -89200.7 -6124.21 33211.2 70148.4 -58510.3 -1601.83 -1377.82 12857 5802.55 30906.8 63619.8 -43033.9 24145.9 -68109.9 -25561 -12027.7 -3354.53 4317.02 78421.6 8638.34 84379.4 20467.3 48014.3 -38933.8 4877.77 2325.11 30162.1 -33803 -91023.6 90556.5 35548.4 -31694.8 27983.1 20607.9 77689.1 -38521.5 60091.7 45988.2 33069.5 -56007.4 -28633.6 7101.69 56803.6 9721.44 -27061.8 15311.3 -49334.4 38131.6 -6502.68 41533 -32818 -7645.05 -10107.6 57795.6 -54704.3 -7007.33 21567 -14451.3 -23193 -25839.7 51551.9 -36760.1 -20137.4 16236.4 41804.3 18399 22692.7 5233.56 58402.5 -47934.5 99686.8 26838.8 -38916.7 11544.6 -13965.2 26661 -17109 36905.9 -28063.4 -46528.2 31718.2 41431.8 22880.5 -7801.72 -34402.3 23970.7 -2619.7 24209.8 37911 -21435.6 -49686.5 -23152.6 -47314.7 9189.7 -33154.8 29766.6 5581.12 -2649.31 18277 70273.6 -21583.8 -15881.1 7546.48 -53187.5 -38117.6 -89317.4 -1145.61 2196.22 -26949.9 -3850.66 -17701.2 16936.6 -16206.5 63222.9 31565.9 -46367 -34613.6 
33683.7 10027.4 34481.4 24552.1 -1915.34 -21980.8 31682.5 -2870.2 3242.41 -81019.4 46277.9 13199.2 -18124.3 -7961.59 -64848 4166.57 10854.7 -20057.3 -29084.9 -13240.4 -7400.77 -23926 -38293.4 16716.4 -52978.4 -8276.94 26221.1 13809.5 55698.7 -48527.9 66476.9 -26980.8 30301.8 -13387.9 -26157.2 29487 -23109.6 2895.32 -18912.6 12495 -37949.1 -9529.31 -73302.4 14850.3 -38086.5 -12604.1 -167294 -16337.6 -25597.7 4842.84 -24072.9 -4515.95 121276 -31186.7 27946.4 22081.7 -60051.1 62848.2 12847.5 -26746 3527.64 20356.8 27260.2 48086.7 -22917.4 -20312.6 33519.4 93925.1 13693.5 3957.2 33410.1 -44033.1 21372 -13323.7 82116.5 28510.3 -44811.1 -79921.5 18206.1 32202.6 27274 6907.83 -47369.9 -29916.6 7134.76 -27851.8 13754.3 59151.1 -7674.63 29322.8 -63267.8 5155.78 -10851 16029.5 -32769.2 46017.9 8899.94 350.894 12932.8 -21467.8 23623.4 -23318.9 79608.3 22547.1 -62181.2 5377.3 -24035.6 67236.4 -25808.8 -3469.58 -68856.3 -11356.5 -44344.6 -2549.65 15810.5 31247.2 -28678.2 -14236.9 -1570.77 42601.6 20824.6 29176.8 47151 13142 60200.7 74702.1 -35942.7 -8267.01 
1006.54 54463.3 65704 -6317.44 19412 28455.9 -27078.1 33141.4 61675.5 24401.9 -30784.7 37413.6 37088.1 -6613.85 -32075.4 37097.7 -14662.6 -26802 -38488.1 1897.96 -57125 24811.5 44155 19228.7 15331.5 -12307.7 18157.3 19392.4 -38184.8 -1421.06 -63665.9 -41619.2 -30403.4 18980.8 47335.1 -14573.1 -3254.72 -2508.21 64499.6 26190.4 -41513.6 -33111.8 77211.4 -109449 -24309.6 51425.9 8209.13 3726.64 -22758.4 -11787.1 -23765.6 -3915.38 -48058.4 23131.8 -14462.7 -23665.8 -55922.6 18547.7 -25592.3 -6749.68 -20011 -31322.8 -7576.3 -13667.3 25566.6 31147.7 -90276 4070.78 -55843.9 3772.38 44684.2 -8944.46 20454.1 6602.27 -31984.2 -70103.5 10521.7 2720.5 20534 -6468.72 -23487.1 -3428.96 41410.9 -29908.8 13182.9 63528.3 8794.98 10385.1 27560.7 -26949 25629.1 -10674.7 -141.603 -35736 -1234.1 -26600.1 -50814.8 -49106.2 -94384.5 -22656.1 19536.7 -17357.3 -15789.8 62582.5 -43246.1 17634.6 11626.9 -28260.8 -36921.9 60645.1 -13595.9 19881.5 43068.2 -33764.5 -4828.36 -49966.3 56526.3 57592.1 54067.3 24586.3 -4386.41 25743.9 -22541.5 -55417.5 2957.04 -49732.7 -15997.3 51077.3 
-6712.18 8236.67 -109354 4760.36 391.452 35758.4 41742.6 -16037.5 28099.6 -36928.9 12222.5 55959 50675.7 38953.9 2343.8 14019 27875.4 36364.6 -27395.9 59286.3 -937.294 26255.1 82125.5 -44409.4 -22400.5 27103.1 -36195.3 -27394.6 -57834.2 -19734.1 26387.2 -6138.64 -13344.5 1757.57 10241.2 57810 29393.1 -40307.9 -760.249 -21584.4 25512.3 42838.9 -55386.3 41292.1 -19477.6 -19091.4 51138.2 729.149 -10677.8 43635.1 35591.8 37378.6 -22453.4 -17750.8 -35456.4 24272.7 36140.7 4671.59 64080 14945 -25213.8 45641.2 47114.7 -12291.7 -43193.5 -17672.2 -5582.98 -27657.6 -42343.1 9674.45 -1565 -33912.9 -71777.6 34455.6 -45645.1 -7238.72 -45172 -13020.6 -22498.8 -2055.51 18856.6 16752.4 -16864.6 2175.87 13250 -51458.1 18805.2 -28022.8 18951.4 15819.2 37619 18656.3 7157.6 28921.9 38175.6 -49872.1 -17047.3 -7965.96 -38059.1 66515.3 -61547.6 4605.55 -30308.3 22149.4 -26371 17819.3 -6523.29 33099.2 -22696.7 -21123.3 60147.3 24079.2 20220.6 -31333.5 57127.3 -31100.3 42010.1 61328.2 -91058.2 -82216 -58429.2 -16758.8 17911.8 80928.7 -19226.5 -56086.5 -55709.2 -21516.7 
35924.3 -44892.7 14686 -4002.73 -77080.8 -97919.8 -62607.4 -40592.3 24579.9 -59817.3 22759.3 25795.1 -7654.8 -6157.35 -2313.79 -18177.8 -32433.2 -11429.3 -66873 -9977.51 14914.2 -11546.5 -62585.3 -38099 -49131.7 9341 84915.8 39908 6286.42 -41502.6 -20539 -33133.8 -757.274 18634.8 -36483.3 -37759.1 -6062.84 12224.5 -41958.3 -9760.22 -43685.6 2905.74 -9483.53 47924 -61419.2 -20309.2 -5223.93 -15767.6 -61069.4 -25209.2 -27060.2 55268 -31225.2 -14889.5 22410.7 14464.5 50572.5 -129896 -26174.3 4220.33 -1799.81 25709.4 -39271.8 -20285.3 -22796.9 -47517.8 65515.2 -47727.7 22002.2 -816.477 19335.5 79960.2 -4424.64 5577.41 11329.9 11719.6 -13464.5 -3383.02 -10625 -8829.88 53559.1 13098.1 4898.38 -62837.3 70144.8 -961.212 -60450 15281.1 -18285 -25843.8 38875.2 34341.4 -69549.4 -8455.86 -14266.3 78778.7 12383.8 -4133.39 -18952.1 -42646.4 -48856.4 15421.2 -40134.6 -48693.7 10791.8 14466.7 -12502.1 5936.9 15374.4 -39379.3 -10882.1 8953.59 30283 25034.3 58977.3 17827.4 -1707.33 -3957.14 18488.8 -2874.94 -7409.61 31082.6 21564.5 -26483.5 46608 656.934 39826.3 -36342.3 
-13454.9 1457.52 16098.2 42451 -13828.4 -6560.8 -80824.4 -20922.8 39576 -5615.17 66689.5 41384 60453 33190.9 26783.1 42.7134 -2570.37 -9434.67 5669.64 24798.3 -1026.65 -10989.6 27974 57472.6 9613.05 12358.6 17582.1 -6383.83 -22204.4 79708.9 -87260.1 114905 -26033.8 40.529 -62771.4 -505.477 12627.6 -30885.4 22896.5 54857.9 -22999.6 -3613.6 462.249 9595.6 -679.802 6233.41 -12784.8 40177.9 -22285.1 77305 28410 -79190.5 -20274.8 -36756.7 38358.6 39463.6 9525.4 8619.78 49040.3 -35343.3 -33801.4 -24240.4 -28522.7 36007 -9705.01 14275.9 -10034.8 -8284.08 32490.6 -16648.9 47550.8 -44158.4 4257.85 -48886.1 -88722.6 21488 -24745.9 -52245.2 11469.3 32542.8 -17289.8 -39551.6 -59658 -40980.6 -42339.1 10308.8 -31272.4 74664.6 -13474.2 -17869.8 -11008.9 -52324.4 37385.6 20934 4982.25 44406.8 -3329.66 16290.4 36998.8 -23252.3 -15943.1 13872.7 -26220.9 -17409.2 -1553.46 -24264.7 7768.62 35.5913 -26270.9 58572.3 58592.6 -7526.59 12492.5 -7823.72 -20605 -14048.6 7606.32 -15712.5 -39037.6 -40507.8 31591.9 -7059.89 -49120.2 10975.9 -67177.2 -29701.8 -31730.2 7208.98 
15783 52776.1 -48727.1 -13396.6 -11173.6 -12364.9 -798.046 20124.9 62373.9 -74356.5 -16440.8 -54264.5 16716.5 -9185.42 -56046.2 3004.81 39833.2 37620.1 -17785.7 66747.9 -5891.27 -1130.87 36714.8 16171.1 -30950.6 -34052.8 12360.4 -22320.4 10475.7 12359.1 27634.1 -21507 -408.984 -10813.1 17827.5 975.72 71850.6 8363.64 6133.34 -30633 25988.6 40189.7 -73649.9 3600.9 307.693 -4520.04 48429.9 13313.7 -21866.1 19027.4 2769.73 -14830.4 51159.6 14319.3 -26016.2 45470 6683.75 4334.71 38139.1 27159.1 -1485.93 -269.728 17760.1 38495.7 827.632 26679 -28012 -9144.75 32379.3 -16956.6 -50943.6 -9649.3 -15404.6 56087.9 14964.9 -36356.3 -21890.9 76185.2 1768.86 46542.2 15729.3 50115.5 14143.2 -6374.65 -14847.5 -11189.7 -24037.9 130.23 30980 48385.7 -24757.9 -30413 9390.79 -52036.8 -15302.8 -98446.2 -11565.7 37859.9 -29007.1 -10351.8 -31560.5 -43617.5 36716.8 -25657.8 16346.3 53277.1 46160.8 33617.1 -9805.57 -53101.8 26264.7 7533.66 -10515.9 -28416.2 -11278.6 -15161.4 47329.4 20608.6 30751.2 3365.1 -59819.8 -24763.2 -45148.6 80228.2 13987.1 32338 -4895.94 11156.1 
80549.1 -1134.16 -6181.4 37622.4 39789.9 -51624.3 -8440.96 -32596.3 -85396.1 -27774.7 -25589.5 16935.6 -35071.1 -53.91 21937.3 -27657.8 -34451.4 -150.619 10067.2 -14878.2 -1786.19 -72720.4 39977 16001.2 -16901.9 8212.31 82947.2 6347.45 -42423.6 -51896 -45191.9 13979.2 35112.4 27566.5 3544.44 -32332 -25795.9 -27510.6 -18567.8 -23385.2 27958.8 8642.8 46076.6 1556.71 40388.2 54754.5 -58259.4 -13838.2 13057.9 47858.9 -45905.3 -31907.3 -51516 -52410.8 -47179.6 59639.3 -22899.6 -33570.2 -40338.9 -50200.4 -26975.7 15851.2 -2523.94 -7497.84 -127016 5523.33 -33502.4 -69243.7 3536.94 -6082.69 15978.2 29595.9 11395.4 14750.9 7402.34 -26061.7 71992 -18511.4 30467.8 46569.3 -33240.6 -8077.9 -20373.7 15096.3 49415.2 -18539.2 50662.4 17049.8 13332.9 -72713.2 5411.9 -25628.9 22546.4 -19569.6 -99280.4 32935.3 -2730.43 -8460 64804.6 46383.2 -38050.1 49056.2 18545.4 35984.7 -54043.6 4685.29 -432.014 18813.1 -6434.43 7613.61 201.974 -74437.9 -32941.6 -3025.91 56583.5 57017.8 -16206.1 -43483.7 33979.5 24902.1 -62973.2 32457.3 -102468 -23557.1 -33721.9 29462.5 -42847.1 53388.9 
10824.7 -29023.3 -28837.7 34395 -36129.9 -76635.3 -6558.88 -35105.3 -8736.36 2456.76 -16079.6 -28400.1 -52734.8 -11189 -54359 -32860.9 -51804.1 6799.13 -10229.3 -28556.1 -24485.2 -19130.5 -95077 22065.9 5619.58 11446.2 14067.6 9324.34 -39177 -38730.4 -22441.9 326.33 -37251.7 2352.78 -25908.8 28583.9 43319.6 30514.5 19372.3 12083.8 -9185.56 -6184.74 -7041.4 12360 -39445.5 -33627 49872.3 46651.6 -23593.2 24214.6 -43246 7907.76 -5407.84 -23554.4 -3197.23 58121 -5108.8 -15105.5 12572 9315.43 -25820.4 -46887.1 -58844.2 35137.9 28897.4 32428.6 34866.7 6939.25 -31233.8 18383.6 -9013.45 44446.3 -60886.9 -15675.3 14481.8 -4151.11 41282.6 34494.6 33032.2 6530.66 12331 -23583.8 -1893.83 29194 1091.24 27646.4 9742.55 4580.43 -51511.5 -7697.27 -55407.9 -38200.5 -34078.9 -26400.7 -7979.21 1412.23 16910.5 -35881 -8832.25 -25771.5 -25863 45142.8 27146.9 -27524.5 46530.6 -25086.6 -19448 -8104.53 -14873.1 27806.8 -71361 34588.3 -811.296 -3084.88 -29527.4 -8431.27 17486.7 -53791 19787 16070.3 -16564.8 55228.1 -55306.7 -25943.1 -48371.9 65331.6 29216.6 -4189.42 
34491 -22589 30498.6 -50059.5 17097.7 30957 -46260.3 -35985.5 6089.93 61288.8 -24573.8 -25954.5 45288.3 -13344.4 -24484.8 26744.9 16603.1 -14476.1 30192.3 -3956.6 -25871 -56800.7 4701.87 -23035.2 -4191.95 -60864.7 -62178.9 3337.14 1655.23 100197 3300.57 45775.7 -22259.2 4629.8 -9558.29 -27964.3 35976.5 -83503.3 -38265.4 -32807.8 11628.8 -10318.8 -39302 -41386.9 94661.4 43409.4 49226.1 76437.5 62301.1 -18676.3 48929.7 -18955.5 -39994.8 51227.3 59362 20634.2 31599.4 32175.7 -64617.4 48870.1 -4472.29 6229.6 74585.3 31816.4 20835.2 43293 3618.33 25915.6 -25869.5 39137.1 7681.83 -48842.2 -54179.7 37477 2767.73 -12219.2 8316.84 -32358.3 -5023.08 -30152.5 15030.8 -14777.9 18891.5 18775.4 2159.67 39255.2 56102.6 16366.8 -5299.19 60442.6 26211 -19604.2 12685.5 -83516.6 29320.8 -41698.5 27698.4 455.164 -77772 -15266.3 35371.6 97073.8 -9789.14 4901.02 -38182.9 -24234 1036.94 -15577.2 53866.4 47468.6 -15153.6 -21677.8 47476.5 38010.3 -6578.24 47196.7 16876.1 -9964.14 -14895 24103 37698.2 56264.4 -16092.1 17129.8 -19376.4 -29785.8 -12355.9 96612 
54380.1 -93.5432 2632.25 -52921.9 61469.2 -53757.5 -30885.1 71044.5 -51444.8 21000 -47841.4 -24677.4 14573.4 60863.6 -62236.1 -26690.1 11660.5 50614.7 53630.4 5943.68 -6104.56 3821.52 -30353.4 -14263.8 -35899.5 -69411.1 -879.44 226.753 47502.8 22126.8 41296.5 37227.4 1613.19 33018.3 -4803.02 -69.7068 -36961.1 28521.3 -1970.12 -34386.8 -28809.9 71496.9 -9398.12 16969.9 65258.9 27977.1 14709.3 -63093.8 1850.79 14996.5 -3222.01 559.828 -16350.5 17956.8 -29364.4 59682.8 -2387.76 4987.71 47817.4 24816.3 -22262.5 10517.8 42190.2 40217 -65657.1 18527.4 -1739.28 7075.99 91957.1 -5478.31 -16756.9 -34342.5 -36371.9 4405.52 -19919.8 -45900.4 -27828.3 -486.109 -20418.4 -23633.9 -61180.9 38954.1 -10448 18138.8 -27704.7 -56471.1 41156.9 -76857.3 -48428.8 -12814 -72397.1 4076.64 -15108.7 18369.3 3312.35 -21780.9 -4875.05 40070.6 9618.51 24507.3 -8760.13 37640.1 -37197.3 59138.8 -21417.2 52413.3 32866.9 -29007.7 7385.92 -27858.1 18741.9 29286.4 -32739.1 9400.55 16602.2 -33232.4 -47119.2 -39973.2 -68375.6 -40863.8 46429 -50152.3 70163.3 -1503.27 18771.4 -2046.59 -83912.8 29070.5 
-58656.4 -13473.2 -4690.62 7609.48 24203.9 28081.5 -56293 -16936.9 -17317.2 43781.6 11098.3 28884.7 -55487.2 -27148.9 -2288.73 10053 20161.3 -1139.46 -34212.3 36032.9 29200.5 4418.14 -58679.9 -374.075 20989.4 -65153.7 -29441.1 4517.06 30448.2 33129.9 -24478.2 30536.3 -47310.2 5631.37 305.51 31801.8 -61548.1 16734.2 32360.7 -4210.79 -5150.1 15724.3 -37317.1 32003.3 9479.74 27677.9 -10728.5 24092.2 -45481.3 9851.84 -52807.4 -52807.3 21110.1 46712.4 -5915.23 4889.59 39927 -22680.4 11943.6 -53542.1 55792.4 -35098.8 -21598.8 -30326.4 -6720.48 3933.26 -32458.6 14806.3 7660.84 -33891.8 17921.2 22192.1 11884.2 -43304 53141.6 74793 -2994.45 -24062.8 36131.7 13117.6 -24549.2 37085 62020.2 -23482.1 10799.1 -29715.9 8581.29 41785.9 11645.3 -71997 -38668.7 7410 -33107.9 10013.1 1093.27 37283.1 62856.5 24885.4 -780.585 -1094.84 33349.8 -52997.1 -12116.5 -20590.3 6869.63 58702.1 27203.6 45353 5290.5 -89694.7 6377.62 60007.7 -34355.8 -46951 -43060.6 -53663.3 -45308.9 -20455.4 24551.8 -32864.4 3049.23 48737.5 -3874.93 -13557.3 47369.5 33517.3 34484.2 -14475.7 
-57069.4 10472.1 13464.2 -17958.4 27325 2675.23 -4412.81 -61719.7 32884.1 44702.3 -15112.9 -22177.5 1261.53 -13981.4 57210.3 -81548.1 3606.33 -56613.8 33567.4 10386.3 13666.5 -23690.8 -41873.3 76387.6 22088.3 -20094.3 18320.7 -39695.3 7524.54 27213.9 -34566.7 -984.525 -55857.2 8432.54 15675.6 91102.2 -10875.7 -35209.8 12984.7 -58363.4 367.694 1564.8 -4937.1 17205.8 2300.28 13127.1 -18185.3 65494.1 10734.8 7940.85 11487.1 -14662.8 -43654.5 2584.84 -61124.8 -45969.9 -27276.7 -97544.9 -10336.5 -40759.4 58338.2 -39887 24118.7 26539.3 30223.3 -56197.4 -56578.7 -771.668 -2488.89 -55495.2 -17195.1 93332.1 42157.8 -8896.2 -45402.8 38178.7 64540.9 -309.528 22887.6 -52961.2 37431.4 -5191.21 -2773.39 -14829.3 9485.38 -28186 -19814.5 16139.2 -9626.71 115.323 42782.7 33397.6 -8209.67 -35381.5 511.955 42565.7 16358.7 -2290.91 -71382 -18989 -41057.5 26435.5 -5849.41 19674 -16438 -932.723 -7674.43 78635.9 12415.4 12449.5 49867.9 -52459.8 6928.45 3256.91 -17087.5 -18272.6 -51417 -15738.4 12402 50857.3 7091.08 53115.1 -18301.6 16444.2 -9917.02 -25610.7 48193.9 28643.5 
-19857.1 -3774.13 -50536 30298.1 -33094.4 46246.6 -19622.4 5852.86 -24168.8 -58721.5 -32899 -48327.4 20663.3 4612.64 -48462.1 32597.7 -14423.8 14178.6 22179 57374.7 -26281.2 26694.7 37658 27371 -12938.9 -19868.6 25863.5 -20561.6 -15164.6 -9238.51 -35020.6 21584.3 76007.7 11915.8 26643.4 -55746.3 -35303.3 70373.8 -28244.9 12035.1 -6338.28 30204.7 -18257.7 -5731.99 27073.4 84280.4 -16757 -80731.3 26245.1 25588.3 -25244 -5470.4 -36077.6 39450.4 23502.9 80000.4 -47430.2 -44748.9 21540.4 -10016.2 39549.4 10596.3 5621.88 23024.2 -78568 8494.51 13653.2 -64153 -20875.7 -18862.2 18622.8 -48121.6 -12983.5 -29019.5 84072.7 17285.5 -1868.03 3905.84 23357.6 45002.2 -42910.5 1155.97 -51486.1 100535 3286.14 -35129.9 35238.9 46784.1 -25385.9 -8973.33 -8357.78 -71714.7 -78687.1 -19489.6 53919.7 -86353 35082.8 2669.54 17370.5 35728.5 -31232.2 55171.9 37560.6 -876.922 -55847.5 121192 -21277.8 -30956.2 -14625.9 54377.1 57263.6 -97607.1 -56954.2 21226.1 13289.6 24123.4 -33581.2 -24573.4 -66972.9 -53264.5 -19473.3 33002.4 -38317.5 19905.8 4480.48 -7847.39 -1573.97 65187.2 
-1182.72 51847.1 -37923.3 -57479.5 26174.9 -32824.9 19363.2 47154.6 -38805 41185.6 -5345.09 41762.5 45232.1 -57465.4 -21843 -26472 -38721.9 -48939.2 -20276.9 -40320.1 -96881.7 -30943.2 -2411.1 -46279.2 45369.3 15048.8 16652.8 -34694.3 55699.3 -52147.4 -10879.1 53143 -18955.8 15197.2 26715.6 24980.1 -54807.3 566.501 -15781.6 20748.8 -26326.6 36185.8 -29809.6 -47863.8 22108.3 -9706.42 1601.37 -40228 40965.9 -18439.6 -52061.5 -54096.9 30151.1 -47550.1 61024 72283.4 14887.1 52603.8 -2886.71 14308 -18927.7 33548.6 -49397.2 -38329.9 -13851.2 54679.8 -46191.3 32938.5 17029.5 -73298.2 100622 -40054.3 -2327.71 83933.8 -3933.49 44446.3 62926.9 23250.7 61599.8 6682.37 26302.8 12663.5 -45504.7 -14833.4 23009.3 5586.97 3659.1 37405.2 78888 10551.5 -25048.2 71228.4 4265.75 -3781.65 -53183.4 -55958.7 6602.25 -19865.5 -11550.3 20126.9 5466.72 -37006.8 -49945.5 -24668.9 31588.8 -34844.9 17970 -19744.3 32302.5 -11308.7 -10169.9 74856.7 2398.42 -54684.7 -22751.6 1618.88 50808.8 -23321.8 -32259.3 9769.37 16669.7 -78373.5 -55952.7 17758.5 -19417.7 -20151.1 7423.48 46235 
15107.4 13128.2 -37151.4 -2421.61 19866.4 -23666 -46547.3 -9877.23 -7169.58 -15483 6499.78 26874.6 -11042.6 -9467.12 -69222.7 -8987.25 -18865.8 11819.4 -38588 -13444.4 44239.7 -12851.8 34065.3 40398.2 10311 -32719.6 8299.34 14610 -30894.7 13982.3 27745.1 100237 31579.2 45046.4 10738 1754.5 21382.1 45813.2 -8240.87 -2044.09 -31758.3 57977.9 45142.4 -59730.2 -27006.9 53227.2 4602.65 37366.8 -66506.4 22067.8 -27244.1 -17049.4 44927 -5371.04 52603.3 23278.9 -72065.8 -10549.3 -73772.4 -4679.97 -18818.7 15884.6 31898.1 -15983.2 33853.2 9351.26 3589.66 -52577.4 3473.12 7062.97 -16443.4 -46690.4 2362.08 46509.5 88099.9 1035.33 -21469.2 -1453.25 -13524.8 9029.92 -9940.64 14547.2 14229.2 -30566.6 37980.8 71535.2 -10055.4 -9593.86 -33201.7 12422.2 100127 -56908.4 74026 40358.9 -3455.34 -17123.2 -44070.4 -13254.1 -9819.75 74153 -4738.43 27954.9 -16700.8 2733.06 33944.1 -38886 -42286.1 -69683.2 -18235.2 -11741 26517.3 -10830.2 336.979 -22188.5 45828.8 5160.89 17079.9 -12251.8 -39851.7 -22162.1 35010.4 -2768.15 -34722.5 23006.7 2.06801 262.84 21872.9 16859.5 
-36554.3 -25195.3 63838.7 -12442 -40984.6 -40014.8 11058.1 45865.3 3623.24 8563.66 66572.6 13093.3 -15772.7 -24856 -30447.9 -70018.1 22290.1 -61430.1 68597 -8724.81 -23999.3 9481.71 -699.76 39132.8 -13892.8 -3776.45 -54053.1 49829.5 1253.3 28498.4 62908.6 -52171.1 41828.5 10183.4 -62142.6 -93149.7 6289.74 -6063.85 -17421.9 -31043.4 67828.2 21616.5 12084.1 2757.34 -1111.43 -25595.5 -13113.4 -67991.9 28313 12529.2 -42896.7 -68282.6 -29065.9 -7753.43 10257.1 68462.4 23952.4 -61953.5 30706.9 56525.8 27526 -44750.3 -48101.3 41540.9 -40957.8 37761.3 -39884.4 2525.29 68015.6 1262.26 3263.13 44641.8 -20926.4 -1123.06 -58154.9 -20171.3 -34259 33667.8 40528.2 117651 -24652 41101.4 -16158.3 116069 -290.759 2976.93 398.82 51099.5 -78854.2 -36803.6 -14441.2 7685.22 12015.4 16854 -15076.3 5727.88 -46152.9 3683.36 34631.6 -72006.1 -3520.81 -26699.8 3658.82 1652.62 10458 -21949.1 -130.91 -30470.9 77202 25100 -16370.2 -26663.4 6673.93 26254.7 731.47 76922.9 22561.7 -17037.5 1097.37 50511.7 -77862.8 -6564.94 87777.5 -78252.1 -74506.8 13706.2 37077.8 44094.6 
-41304.7 -8516.48 -25121.5 -11563.5 19436.1 35378.6 16174.2 45972.3 -21323.3 -2379.8 -43639.7 9671.9 -23982 -23882 -23544.4 16502.3 -12829.7 58410.8 44618.2 -32964.3 881.279 -29971.1 -11845.5 531.276 27238.7 -39926.9 -22978.9 9778.55 11200 14040.6 3532.22 -37463.7 -28492.9 4475.06 42967.3 19656.8 -5767.4 -46255.6 26889.4 15628.7 -7981.79 45068.1 -371.607 -44663.4 -8079.86 -63935.3 28557.8 8543.16 -10691.5 -2749.39 -8486.02 -46934.9 -50229.9 2679.86 16058.1 7216.16 8461.46 -8876.99 25943.8 -18650.8 70296.6 -15808.1 -51476.3 37782.1 -7764.89 16221.6 -16214.1 867.45 971.135 -12825.7 -73723.1 24652.6 -23908.9 -26609.2 -8824.16 -29525.4 26741.1 17613.2 46136.6 -38030.9 31511.5 -31709.4 4556.6 -845.531 27853.2 26619.5 58566.9 35002 5950.7 -34921 -25205.3 20742.7 -17391.3 -2754.58 27067.3 -38714.1 -30347.5 17361.4 20710.4 -67460.9 70.4176 -20876.5 17718.7 33722.9 -38626.6 -55970.3 3471.59 -54496.5 -43802.2 59974.3 -12048 22553.2 3954.74 -11153.8 -40625.3 6659.9 -38574.2 5470.16 14952.2 10090.9 61500.9 24131.4 -59800.8 -16314.9 -29838.6 -1430.25 18577.4 -28639 
44380.1 -30376.2 7190.6 -28474.2 40946.7 2396.77 15663.4 15639.1 -39426.2 -4996.6 70062.3 -14316.6 41487.9 -15049.7 -46095 -53234.9 -11693.2 -1708.42 -8843.28 -22086.4 -24875.7 19441.7 -54663.4 11379.4 50545.6 30687 -35034.6 2761.44 -54730.4 37975.1 61040.3 -2941.47 88206 -4293.39 -25307.8 17537.2 14122.8 5446.53 53171.3 30633.7 11176.8 13093.9 36500.6 -28834.7 -52975.7 -10933.6 -67284.3 -29997.1 -29880.2 5771.51 24927.6 -21263.3 -29470.6 -39723.8 -1058.25 -22015.9 3779.25 -17420.4 31787 -30604.8 71231.7 -33647.7 7345.46 -7055.64 -26916.5 14107.8 -51994.6 17645.7 -49318.6 49315.6 -11450.2 39865.5 30811.7 1847.33 26071.2 32728 -36204.9 -52377.9 38746.8 24431.6 -17362.6 -29978.7 24058 80823.4 76014.4 -14417.1 75226.1 29851.3 -11856 -31321 50737.9 -14603.1 31925.1 7944.43 -59774.2 55059.7 -29321.9 -13741 -53890.8 -44102.3 -60285.7 13181.2 -17321.3 -25329.2 -7625.08 -46194.3 10866.9 -10948.9 -20810.8 -20667 -18526 -14068.5 38532.7 -42311.5 45128.4 -21913.9 34072.8 3442.58 54855.8 41797.4 6961.04 21189 17746.6 -31817.8 -20384.3 -22191.5 39733.9 -43322.6 
-9604.62 -12001.8 -2850.8 23867.1 -39691.8 83287.4 9561.26 -2553.54 39552.3 44816.7 -20330.4 -15470.2 2954.89 29602.3 98262.1 -32146.3 12390.5 4575.56 36833.5 54684.6 42732.3 -48873.5 1042.08 -11367.2 -40977.6 -65061.8 -35735.3 60290.3 -20266.1 16066.3 15465.3 4220.17 -49671.5 26527.4 8310.26 -53275.6 3337.1 -27631.3 -38449 -15461.9 -9369.53 23894.3 34777.1 24450.7 51601.1 19641.9 27804.8 -1443.64 42061.7 30749.4 28109.4 41140.9 -25998.4 48007.6 4617.2 -6851.56 71972.9 32260.4 -33507.5 -18976 30738.4 6561.7 44470.2 69302.9 -73268.5 50383.8 8756.72 -30389.7 -43960.6 43117 24359 41478.3 -10122.4 4551.91 14224.2 -16738.2 -19455.6 -24727.6 -73993.8 10552.6 -27643.2 40674.4 17834.6 47228.5 -1849.52 -29026.6 63615.8 25850.8 -51549.2 49680.6 -13702.3 12508.7 -55684.1 29758.9 1976.63 -11354.8 20337.3 -7018.21 -51039.4 15198.7 -56279.8 16001.4 -14662.1 -51089.1 -426.642 13684.7 30564.3 -2805.9 73719.5 23263.1 8288.14 20203.4 -50663.5 56762.4 -13015.8 83372.4 -26250.3 -18505.6 75962.2 -6510.78 15024.6 -80553 -45401 -47493.8 44718.9 -85569.2 -49422.8 -9323.09 
-1884.86 -18123.1 -68678.3 63278.2 -33820.2 18870.1 52369.4 -22318.4 14083.2 -35327.4 20306 6091.88 40860.2 91299.2 -28935.7 -58846.1 -28504.6 -16363.7 3024.08 -60197.2 -67606.1 3431.51 -42818.8 27944.7 6777.69 24167.1 16665 -17154.5 -44344.3 -73975.6 -63520.3 -24945.2 17350 17402.1 -15341.4 -45804.4 38275.6 99683.1 -12961.5 21399.1 -8606.1 27852 19757.7 18251.7 -49779.7 31386.2 -54114 -84182.2 12540.2 4033.68 -65329.2 2980.16 35745.4 -2633.56 -8600.52 33536.9 -24977.9 -56568.5 44026.4 28861.5 42631.5 -36899.7 -21103.5 35160.6 -42570.7 -9527.2 12940.8 -29102.4 -42123.4 20486.9 47854.3 85200.4 34884.1 -13658.2 21087.5 35837.9 50649.3 -64385 21222.4 33948 -4304.8 55107.8 38016.2 3756.94 -6578.76 -30692.3 -13631 -23917.9 -23073.6 -86083.9 -36626.3 -14416.2 -59866.3 -78824.1 -97643.8 -40228.4 32520.2 10732 23756.9 5235.66 20754.1 -13424.9 59182.2 -10161.1 42302.2 -74007.6 68665.3 11110.6 35826.7 14059.7 -2917.26 27844.1 -32304.3 -23360.2 -84261.4 -71726 63427.6 -62948.6 28779 -11902.3 3716.95 -12331 -46638.3 -79290.5 5729.71 -42942.9 -15406.9 6384.92 
-35160.8 72406.4 14279.9 -33749.7 -457.251 -87686.1 7638.55 -16307 -23022.2 -24455.6 8295.16 -62584.4 11926.9 -25576.4 -47749.2 44335.9 -16584.7 -5377.96 4965.11 -131705 -49690.6 -4229.29 -10750.3 -25244.4 15718.7 23525.6 -13625.3 -48251.9 85826.2 -34878.4 -83756.7 -33716.9 -33448.7 -82608.1 20894.8 29783.8 -9478.4 31282.1 20676.8 25365.9 -69574.5 -53119.3 21935.2 -8170.17 68292.7 -29941.4 -66437.1 -3936.89 -55195.2 -10157.5 49797.6 -62007.3 4541.55 -33045.8 -17755.5 18362.1 -42729.6 128245 21130.1 29040.9 -14197.1 107.883 27768.6 30127.5 41732.6 24081.3 -66751.3 63562.8 -19266.8 33690.2 4571.13 11254.6 47440.1 20201.6 -13289.7 -8514.21 -5251.54 29390.2 45407.1 13405.7 -1655.79 16540.4 51523.2 23309.8 -47295.1 41707.2 -8326.19 -10991.5 84326.9 27758.9 -10853.3 7505.89 -33381.7 -39479.5 -7222.97 -37746.5 57832.1 41496.1 33018.7 5476.28 52478.9 -131453 -30550.9 -45136.6 46172.5 24729.5 72551.6 4433.37 6619.11 1172.34 -41763.2 16281.3 -34869.3 -17329.5 11767.8 -22970.7 39588.4 -29574.5 21473.4 32634.4 -30552.3 -35261.8 -34344 -17370.8 -7623.49 27623.2 35015.5 -3821.32 
28316.6 -3352.51 -6694.99 -29199.5 -52128.8 33355.5 -25321.1 -30153.9 6700.43 25602.4 12531.6 2495.89 -8384.15 109630 29407.5 23090.3 1698.15 2207.51 -19820.7 81675.7 73319 29559.9 11923.1 -4757.09 -2230.25 8587.67 17094.6 -5879.05 7300.07 14093.1 2230.15 -73548.3 4958.14 16645 -4573.51 -15066.9 1417.98 17942 -33872.7 58261.5 -2278.54 13303.8 -27.1662 28239.9 22270.6 31139.3 48078 -42330.2 16370.9 31144.2 -39157.3 29381.2 428.597 36330.4 -42518.6 -52846.9 30163.4 -21623.2 -38580 56947 3250.41 49598.3 28693.2 37134.4 -24368 -18368.9 5776.44 -60192.8 -21470.2 -1718.3 21372.7 -1326.29 -51649.6 -5843.11 28842 -32795.6 31772.4 30051.2 -23783 -32222.2 62996.8 -34991.5 -637.811 32121.6 -19758.4 -52389.3 -28026.3 -64823.1 -52971 18741 5395.55 29697.4 -66591.8 -31172.5 76527.7 10490.5 28585.9 46310.4 52144.1 9313.7 -28657.9 -13827.4 -5902.77 21335.7 21796.2 -3051.76 -37656.4 -10192.6 -12110.5 -29576.3 32229.1 -32863.9 -16962.3 63269.3 -13780.3 61408.4 -42806.8 30197.6 33848.4 -9803.56 9459.85 -6225.79 25819.3 10511.5 60475.6 -23225.4 -48111.7 13297.3 
-21841.4 92478.4 4568.51 -31058.8 59569.7 35993.8 -19244.7 -10432.9 10870 48703.9 -17314.9 -3088.65 -31729.8 406.762 -3066.41 -8148.21 -22292.9 -82895 14788 -26228 9127.91 -56771.4 28536.3 -5986.52 -5697.34 -55119.1 38091.1 41849.7 2918.05 23212.3 7465.99 19694.2 -32680.4 85005.4 -49421.7 -39001.8 54208.5 -48803.9 25412.4 57076.4 1683.62 42711.6 29354.2 10451.7 91931.9 27404.4 7823.4 24309 61268.2 -79056.9 -36640.7 -25925 31318.2 -74929.2 -18332.5 17674.1 68420.8 25912.1 -1538.68 11713.5 -33630.3 37785.4 -33543.9 -29111.1 13893.4 65782.7 -41585.9 19991.5 -28393.2 -27442.6 94181.8 -44205.7 28475.7 -41367.8 8059.83 -10720.2 8787.53 -11896.7 53053.2 8556.12 -66760.2 -8506.52 -24107.8 11380.5 -10693.2 -18796.8 35433 72833.4 45126.2 -29530.1 -2872.9 1751.24 -31796.3 -49203.9 -13984.7 -3222.12 56921.8 18570.1 64921.3 12827.1 42975 -1193.3 23939 -925.985 -40993.8 -72297.1 65867.9 22583.8 9856.34 -15009.3 -51060.7 -7462.76 -11743.3 10183.3 -57176.3 32520.7 41180.1 52976.9 29874 42841.2 -5808.47 -41230.4 -20076.6 3249.36 -33325.1 3396.58 -101798 14697.9 
72071.9 -49426.9 -19748.5 86136.7 11135.9 41332.3 -13133.8 -54385.7 -42280.4 -70054.8 -61914.7 -6181.14 -17600.5 4175.09 -2293.01 -32196.1 25634.5 -1902.62 6529.72 -16935.5 7131.29 -18842.1 -25242.3 5201.93 -71739.4 -80931.3 8429.08 6906.36 -43469.6 23902.3 54617.8 18871.9 21396.1 44189.9 2181.26 -28000.3 13877.9 13282.9 -52615.1 16832.1 88953.8 58475.6 19232.2 7405.8 11272 28208 -85547.1 -38360.6 378.655 -19780.6 59695.8 -1918.97 -5961.65 -59063.3 4629.77 101553 -55617.3 6332.74 70443.1 -8026.15 1465.63 -78233.6 39505.5 17872.3 -59012.6 35065.7 58994.3 -98086.5 -36533 36020 17978.1 -17691.2 39661.5 3374.47 -44217.2 56595.1 -950.961 4098.85 15802.8 111122 -50840.8 75839.9 -17969.5 20886.3 11919.7 -81343.9 8901.7 5059.69 -31122.3 -80949.6 -7286.11 -25200.6 -10528 13016.9 127.812 7503.59 -54677.9 -33456.2 -9155.66 -5993.52 26484.7 1872.97 18430 27590.3 25441.4 46411.3 2715.63 71829.1 23224.2 -33305.8 8120.5 -77821.7 -23089.1 -18860 40053.7 50389.3 40994.8 -3348.65 -17031 -3132.34 -51799 -21977.8 16151.7 1732.85 17945.8 26917.2 -77631 11448.8 
8320 33691.2 -19933.6 -8974.31 5867.38 -12239.7 -12870.7 -23949.4 -31182.8 -1930.9 38338.6 -99070 -29455.1 22230.4 -15644.2 19350.1 122741 28474 12002.6 -40414.5 -9775.74 13493.3 -270.987 -48315 19491.8 1698.22 -39258.3 16069.9 35056.5 28264.4 25475.9 5771.12 -303.663 -17997.2 808.84 -34747.9 38729.2 54101.9 -16246.9 -35539.3 -31473.6 -11394.8 13287.7 -2899.39 -11968.7 6111.49 -41911.5 -42463.8 -16285.6 -22469.1 76263 68161.7 10823.9 -8327.61 -24450.9 23924.5 -64385 75662.5 -65312 -57355.5 68425.1 467.29 15006 -12849.7 -38083.3 76745.3 51550.1 -21856.7 -15175.5 51886.1 35420.9 -1625.24 32121.2 18617.4 15967.2 31003.6 -37160.5 15329 18119.5 41614.8 3188.42 -8481.75 -69967.2 -12574.7 -11101.7 3610.45 2592.97 -18784.9 -57026.6 -9120.01 -15968.2 -48775.8 -21355.7 -68606.2 28829.3 37354.6 -28088.9 -24785 -63011.3 24170.4 -5404.02 6244.4 -12271.3 32298.2 11564.9 30008.5 -61030.1 -65039.7 13761.1 -8950.91 -39226.8 -8272.01 -11177.2 -67026.8 35433.6 20469.9 -23769.2 -27876 11128.5 55441 14513.2 -78449.6 40403.5 42720 11161.8 47733.5 82323 -5318.04 
-27564.4 -28666.8 4489.33 -37661.3 -43470 -5552.05 22133.6 -37504.7 29499.1 -8928.44 6192.43 14156.2 -25513.8 29051.1 -77636.8 -69018.2 33612.8 -9264.82 -44671.4 18713.7 23561.4 -47252.6 47097.2 -81004.5 51527 -71275.2 36389.4 5870.49 40012.3 -27463.3 -20448.6 -46095.1 58176.3 22592.3 45143.9 -79884.2 50141.1 21614 -33996.2 -57503.4 100070 87077 38343.7 56852.4 47680.3 32850 34554.4 35338 72956.1 -36052.5 -21354.8 8777.9 47212.5 -1411.21 -75442 64207.1 6341.4 9388.56 -24465.1 -52577.2 81058.3 16396.6 -60912.1 -86236.1 42975.4 4378.03 -30080.9 -53864.7 11178.6 -21945.7 -32869.6 -6540.27 -63492.3 40337.3 4027.9 57974.8 -22918.1 6149.64 59808.5 32511.2 89508.5 15728.7 58745.8 6740.86 34553.7 5022.16 32930.4 26234.8 -8412.23 23211 24312.4 10566.1 8249.75 -63196.8 -38073.7 97771.7 35499.5 -11489.4 45110.2 29994.5 57624.2 -5646.93 -16958.6 54358.9 5844.23 22462.6 -63026.7 27139 9076.55 47615.4 25802.9 -41095 20230.2 -2092.1 -49858.7 47252.9 20272.8 56234.9 -2409.24 -48296.4 -63728.6 16641.2 -14466.3 83675.4 -5695.49 10066.5 7406.18 -28465.2 
-18592.3 -21077.7 45965.6 43255.3 -11273.6 -40722.6 -492.761 -4411.38 -67059 49188.3 42545 -10097.8 50516.3 -16391.6 18034.9 -46199.8 -9112.62 -86010 24139.2 -3349.41 -70468.8 -3351.84 -25878.1 -37576 -37674.2 33189.1 51658.7 -13749.1 -591.747 -80523.3 -22550.8 1053.8 -5987.67 6818.95 -13061.2 52108.8 32780.2 36935.2 -35896.6 -37037.9 -39099.2 -15375.4 -42809 -36906.4 33543.1 4330.78 -68404.6 32262.6 -44449.1 -61972.9 -22524 -28428.2 23411.9 -10006.1 61644.6 -30553.7 -2335 23557.3 44843.6 27165.1 -52664.7 44422.5 23093.5 41989.5 6209.72 -67240.9 2497.28 75739.1 -2421.19 64029.3 17180.5 1497.33 -23513.2 -42681.2 27125.1 3009.7 73108.4 45463.1 -7791.36 34896.4 49199.2 28064.1 24552.6 1286.76 -14593.8 -22406.5 -5.08322 -30212 23816.3 -13066.7 -91334.2 -30907.3 -26355.3 -15783.7 1233.69 -1681.46 68245.1 -32904.5 90411.4 15250.4 59050.1 27765.2 -36171.5 -22380.7 -37524.6 5357.27 50590.2 -25960.8 13959.6 -410.637 -125536 3899.59 6706.21 -15157.9 3981.39 -47202.6 -45384.8 -13814 504.91 33959.3 -39.3568 46245.9 70292 -13462.9 -46242.1 66898.5 -17923.7 -23829.2 
-8844.2 -46212.7 53304.7 -5464.38 -11676.4 -50672.5 7024.03 -28825.9 -5414.47 -4582.15 53863.3 -24403.9 -24795.3 -72363.7 2693.6 17119.5 -9972.69 37421.7 45432.6 9315.37 27120.8 32892.8 5505.47 -756.332 -28432 63120.9 -18278.3 -22930.7 34055.2 39389.7 26581.7 12697 31475.6 49893.5 -17853.4 -47244.4 25641 -29477.3 65044.3 -133845 15754.2 -3148.93 -9776.59 10289.3 -101558 -24186.2 -29382.5 34652.7 -111082 76534.7 -11149.6 44602.5 -6328.79 18639.2 16550.6 -20482.5 40827.6 -37624.7 24698 -46444.3 -59495.5 7114.37 25555.4 -26653.6 -4107.42 -18704.8 51165.1 29807.8 49364.1 -2915.36 -56164.1 -29280.8 66297.5 -34639 -34024 -16495.2 -5137.38 -36880.6 -60858.8 14969.8 -32390.6 -34806.8 14215.6 -14963.1 27605 28498.8 -58773.5 -35795.3 49689.9 -34918.9 68237.2 -10426.2 53151.3 69482.6 -48550.4 -59109.1 -51824.4 -35780.5 -25696.7 -64001.4 13807 83237.9 -15498.8 -64984.7 -55625.8 31245.5 3967 -45916.8 -34078.8 -39265.7 -9659.94 17163.1 -36606.6 46457 88887.9 24403.2 3531.18 27488.2 18809.1 17096.5 -21544.7 15145.3 22073.2 -56942.5 15542.1 26725.1 -14874.7 -60204.1 
-26551.1 -3814.32 -16154.4 3748.62 31835.3 -4759.6 12433.5 56987.2 -16977.9 1141.7 14233.1 -13757.7 -29128.3 -45729.2 -32462.7 -41497.2 16269.8 -34894.1 24810.4 -43343.8 -11187.9 -28473.3 31624.3 -18493 -26502.9 363.072 -32508.6 -32401.9 78586.6 76688.1 21789.3 19445.2 66760.4 -29044.9 32339 -75493.4 7351.3 15686.6 -31175 -30262.2 14043.8 -56422 3472.57 86431.4 5356.03 -72636.5 24357.3 23976.7 41095.6 24016.3 29672.6 -10527.6 -35422.7 -95036 79486.5 50296.5 40418.5 5944.85 23852.8 35175.6 -4249.5 18503.6 -6558.55 -34117.4 81866.6 -7085.03 52820.3 13292.7 -34903.2 -8063.08 -33127.6 -76745.3 42268.3 -14853.2 6327.31 -3970.93 17290.3 37456.5 57457.2 74480.9 -21141.6 -4640.67 386.519 69973.4 -39745.7 -15338.8 -11659.3 24183.6 98696.2 -15566.7 -18471.2 12717.2 56593.8 25654.5 -11528.9 5413.05 20094.5 14295.2 53008.8 9226.33 -6819.16 -14646.5 5230.46 -80543 1833.61 23469.6 29683.6 34082 48982.2 12005.4 41237.8 -43715.7 -53174.8 25679.9 -3198.92 -22219.9 12112.4 33091.1 28130 -23156.3 -49394.6 -96622.1 -16920.6 -27148.3 -40327.2 59760.7 7929.72 -99936.9 
33840.8 11869.8 26447.5 -5267.69 33833 -4966.21 32877.8 -45883.2 -27288.1 31061.4 -34731.4 -7378.32 4602.81 -31037.6 38930.1 -66025.5 -73918.3 10717.1 -73651.9 -20251.7 21682 719.266 5341.68 7214.13 -12343.3 -1976.91 19373.3 -18352.3 -47634.5 -15271.5 -6111.31 40241.7 51158.4 24234.6 4245.92 39868.3 -38991.3 36779.6 -30483.7 6072.87 53403.2 49950.6 60303.6 14368.6 32274.9 -5152.59 -13705.4 -47960.6 -25528.5 -12090.7 -3186.13 -9606.06 -39628.5 -48155.2 -35117.1 -30902.9 -58381.9 -18035.3 -28061.7 16009.7 18992.1 -23187.6 9871.28 -18463 -12111.6 -17099.6 -55439 -52312.6 2082.78 21550.1 -38968.3 57203.6 18041.9 66747.3 43058.2 -62185.6 40036.3 -12126 27038.3 46538.2 -17476.7 56595.7 38343.2 -27717.6 48081.4 -3575.41 11711.9 9359.82 9420.47 -24980.9 14042.7 -25955.6 47363.4 -37218.4 -42642.3 72970.2 55971.3 25492 35914.2 54862.7 9541.02 -23506 20636.6 61352.5 -7734.63 -24895.7 4392.45 1810.01 6676.07 -30523.5 33344.3 2813.38 46773 -32197.3 25807.9 -65575.5 7728.82 -46363.7 -17793.1 52961.2 -33242.3 -25314.1 29135.3 23299.5 -622.542 -19934.4 1583.92 14328.7 
32656.8 51103.6 -20740.1 32952.4 -5644.82 -84026.3 -33348.7 -52689.8 -45418.7 -41392.5 -1722.27 -15230.4 88874.3 -9937.84 -27771.5 -3255.47 45472.7 -41040.8 -71698.6 73373.1 -5602.38 -43823.2 -4266.69 18055.8 56199.8 -8734.29 -20308.3 -14666.5 -13027.1 25194.8 -78869.3 237.727 -256.596 -41306.3 22443.3 6466.18 -5036.45 61833.3 21697.6 14605.4 -45289.6 24056.4 9426.65 -41803.9 -4534.74 -13694.9 -10802.5 -18482.1 -46222.6 71391.2 63175 -4270.39 -13078.1 3250.63 44410.6 9969.76 12891.4 308.797 -9802.06 -37742.9 18540.7 17944.7 -13280.4 9723.85 5036.45 -13192.4 -5903.46 29356.9 -32210.4 15998.1 9019.11 -2158.94 22712.7 -75040.3 -53652.8 49412.1 -81300.9 26953.2 16410.6 114848 11385.2 -11751.8 -1228.39 -37845.6 10909.8 10589.9 -28675 45061.5 -36575.6 11653.6 -59916.6 -1146.69 53825.9 8605.76 -90875 11112.7 -22966.2 -5408.12 -13541.8 -8974.34 -11337.3 -15988.8 -73898.3 -42449.4 -6972.82 16536.6 -37505.8 -10353 -21658.5 22112 -21402.6 -7387.94 31966.4 7766.12 24889.6 -791.372 58897.9 38097.6 -24243 -59174.5 -20730 17742.1 -49562.4 47954.5 4147.72 70055.6 104698 -69506.9 
-1638.06 -22221.3 -17264.8 9250.07 -28284.3 55707.3 19122.2 -21117.3 -42439.9 -16688.5 -40038.3 27783.7 -28630.8 -17681.4 -37338.8 -57458.1 -14680.3 -37857 -8660.64 27351.4 6086.27 23370.5 14510.2 63984.8 -44434.6 -14380.6 22522.9 14720.3 -10395.4 -57996.6 -70433.5 1295.47 2071.77 18058.9 -23776.6 499.811 -68716.9 5642.59 -18965.4 -13871.2 24794.5 -21077 76736.4 -40858 -2887.99 -20858.3 31147.5 -2457.53 -27635.4 -59373.9 -20543.7 -6819.11 11689.1 -20259.8 -21794.8 17415.6 31487.2 -36347.1 -23169.6 46867.7 52196.4 49330.7 19487 -11895.2 -64017.7 -47771.8 31451.6 -35583.3 76664.9 21854 -76503.4 -34801 -10252.3 35937.8 11459.2 -14753.5 -34948.7 43377.4 -6390.83 -31069.1 -6454.37 25898.1 -5852.78 -9054.14 9842.3 -50860.1 -26212.9 5398.05 -4486.97 -28407.9 -19496 53682.7 -8609.77 8046.73 18548.7 26897.6 17455.5 -47561.7 -18358.2 22161.4 17229.2 -16139.3 -76984.6 -24677.5 -62890.3 -2322.84 -43907.4 56897.7 -2059.4 24505.8 15568.1 -36684.7 1505.72 -7906.53 -26816 67837.3 -10769.3 21132.5 -3418.83 -20112.5 11140.2 -41379.2 31501.9 -6931.18 -45375 37996.8 -7163.65 -35721.6 
-1278.47 42959.5 -12508.8 33381 13675.6 -35688.9 30926.7 33701.8 -12509.6 10306.6 -23214.5 47932.6 -15754.4 -29679.8 -5969.86 5203.05 25065.1 -32629.3 6722.19 54192.4 24348.8 -12759 -1299.25 9732.16 -26298.3 11524.8 571.07 32964.5 8994.34 -36908.8 94077.1 1204.85 10675.3 37866.5 13684 36313.1 -36815.5 -18870.7 -132733 32620.7 -53453.7 23863.4 36030 62958.3 24272 29562.7 -23.7395 -22882.7 -12905.9 18963.7 -37811.9 13145.4 37030.8 27071 -24789.4 54015.8 19382.1 -33852.5 36046.5 -29376.5 -13755.7 -34151 12667.5 33023 -3088.51 -49620.9 11734.6 -6528.47 11903.5 -27783.6 3769.85 -15391.4 4816.64 16173.5 39725.6 -49382.3 -12729.3 -27027.4 3662.37 17618.9 6813.42 -19371.5 53679.3 -7947.21 -11.5223 -60383.9 -59335.3 13229.7 -30412.7 3261.59 12775.4 16040.2 595.154 3311.27 60173.5 8260.27 25425.1 6053.49 35168 49847.6 39238.9 -14789.8 16250.5 63539.9 13881.7 27455.7 -83069.5 -41465.7 30764.6 -68354 46807.5 -24062.3 16748.2 22119.6 -34708.1 -21300.5 10889 53017 -46462.8 -38790.3 -25815 39140.2 18071.5 -14640.1 -53854.8 4784.36 12014.7 34872.5 
9177.44 -5756.78 -75760.6 29823.9 65516.7 100361 99065 -66208.1 55945 -20589.3 26279.7 -21170 -27248.1 -2240.88 25771.3 -32414.9 -18343.4 -36930.7 20463.3 -24593.9 -37061.4 -8033.37 32168.2 -33279 -15438.5 4375.69 -8024.87 9439.51 2793.86 38536.8 23806.4 13454.6 -10948.4 88905.6 11550.9 67527.1 10474.3 -2537.23 7549.12 10978 -60618.9 12369.3 76150.5 -63547.1 -34123.4 -56275 17545.3 -29130.5 -28190.2 21925 25251.8 -38293.7 90268.5 47923 15538.4 -20936.6 21877.1 33656.2 -7459.71 -22167.7 -41414.7 -15760.8 -32187.7 -56765.4 -10612.4 32660.3 -2279.99 13873.1 -13699.6 19846.3 18874.7 27919.5 54222.8 124229 -7788.74 -43291.8 24956.3 10546.1 17150.2 -7244.2 -6638.66 62565.4 11837.2 -97861.6 17245.6 64117.5 36526.4 13221.5 69989.1 -31604.3 -29602.6 -70557.3 39344 -74648 101200 -39915.4 -25018.5 -27143.6 18957.3 9387.59 34664.4 -63597.8 -4251.24 49769.2 -36212.6 -10399 24071.6 -58857.5 3935.11 -23979.9 14717 -11539.2 249.724 -11070.9 -66540.3 -1500.71 18260.6 30591.7 -49378 -10516.8 71336.7 -63871 -25550 3292.93 16967.4 -37544.3 12162.6 85436.2 
28439.1 4443.21 6247.86 -13633 -35085.5 31355.9 49355.8 -31231.5 -49358.2 -37920.8 76289.3 18895.9 39926.2 -40515.9 -24284.8 -55924 -25073 -42421.9 38356.5 -31957.6 16010.6 18421.7 38341.6 24009.9 -2610.23 -25837.9 -59785.6 5860.55 -18476.3 7926.77 68957.2 45912.6 15025.4 70767.6 -32012.4 -40369.1 53440.5 -44721.9 -12073.2 14769 -3382.18 17391.5 3794.28 26165.2 2904.05 -75142.9 55071.7 56539 -50661.5 -50146 23013.4 -19494.3 -331.748 -23070.1 13335.7 -16097.1 -15768.5 54128.3 19425.7 -6853.41 -66026.8 7740.89 35046.5 -8585.45 -961.131 -42916.3 17776.1 12727.2 -5872.86 63211.2 -41592.1 12989.2 -48042 20278.3 40748.3 -15194.5 45588.6 -23922.7 36333.5 -47885.3 -14661.9 -21172.2 -38650.9 21035.8 -45936.5 41682.1 109152 -1408.28 38407.3 -51646.8 -36439.2 -14812.3 43435.9 86781 25253.9 2895.95 28269.2 40340.7 2981.98 29163.7 -5219.95 1906.72 149756 -4857.91 -26514.6 33805.5 76104.9 64979.5 -53785.9 13052.5 40615.9 11815.4 -35560.1 -26382.4 49693.8 51843.8 -3813.51 -50794.2 -14854.9 -14067.7 -833.925 -108286 70713.8 59811 -2835.97 1763.53 -85736 -52579.4 
-16078.3 34045.2 -42132.8 34451.9 -24103 -9339.48 2894.03 38664.8 19767.5 10761.4 79753.8 51125.6 -74438.8 20554.9 23457.1 48268.8 -9514.88 -34749.8 35091.7 8751.78 -22470.3 24668 15230.7 70988.6 -34981.6 21420.7 -71155.9 -7071.27 -18180.2 66684 25030 -19038.6 45661.1 -46048 -4074.72 2732.52 20115.1 -70818.9 20110.6 -29935.4 -13735.5 -46285.2 3503.15 -115266 -49121.9 42772.5 14256.3 29016.9 23108.9 61250.3 43243.2 39768.1 82350.5 15483.4 33372.6 -33064.2 -18569.9 13102.2 -63820 51844.2 22521.3 7789.01 -76712.8 -31374.3 28822.4 51396.6 50245 51446.8 -13237.3 -91078.4 34592.3 23939.8 -40956.6 -1278.33 42789.5 18425.1 -75375.9 -41099.9 -45040.7 -39988.3 -47143.4 -47842.9 -1984.01 -9781.3 -36226.7 14022.6 9232.69 47074 -36450.8 54361.9 -14884.3 -8904.04 41361.9 -24041.9 -52538.9 -48404.5 12294 3205 -7224.11 18608.4 -15498.9 61829.2 991.978 2867.26 26276.9 -74622.2 -32907.5 -20982.6 65.803 33648.7 -19801 40046.1 68453.4 -7167.29 -2689.92 54200.2 -40730.2 38473.5 -52297.4 47139.4 -33370.5 59169.6 9623.34 25757.3 -33137 1936.93 -18380 47036.3 
-22294.1 -40545.2 20337.5 18401.8 -20035.8 48557.9 31268.2 52764.3 5584.82 51127.3 -40990.3 49953.6 4570.41 -19008.2 69325.9 9412.72 -8123.9 49696.7 -5013.92 39244.6 20499.9 -4903.37 -10302 -5616.41 7358.56 9229.55 -28876.7 26183.3 -36197.2 -1840.32 14207 -12790.7 -47633.9 19474.5 -35187.6 -3220.32 -23979.8 -17881.1 -18475.5 2173.37 27726.7 27603.7 -7121.13 14610.6 -18078.1 14185.9 86144.9 -40354.7 25918.4 -17896.4 -83954.1 -17604.8 -31859 63482.3 43755.8 3221.27 -59951.9 -294.755 -29396.2 6576.55 -3824.78 -25238.7 -40618.6 6236.44 -59896.6 11192 -32856.4 -69185.2 49411.9 -19892.2 4057.74 8796.91 -75812.4 -5496.7 -27762.6 -13334.4 51687.5 2330.54 -66791 18328.6 -28757.8 1206.5 -4918.23 25796.4 -42296.5 -21812.1 -38074.6 -26328.4 -14003.6 -194.144 -35779.5 9050.34 -93171.4 14056.7 63030.8 8172.08 37570.7 -44100.6 33784.3 2306.72 29630.2 55981.3 -14393 13028.4 10781.9 -8473.62 -12610.4 -55567.7 29047.7 -5713.03 5731.31 14229.9 43327.9 -24847 -4174.47 -9538.1 32973.8 -34336.3 7566.44 11674.5 39601.1 -21084.6 9551.54 10884.5 -21464.8 6314.56 8182.48 -21015.3 
5097.53 -30045.9 -34041.3 -27973.5 -2840.81 -23598.1 -43340.7 35650.5 -73830.1 -8868.63 25523 20263.5 -12351.7 -16820.3 -33597.2 -14241 -36336.9 -16547.1 35844.4 21672.3 -28280.3 32526.8 55466.5 34013.5 25009 -44182.1 15970 -72087.4 -4755.65 43008.9 -100.854 -6917.35 -2756.02 3282.88 33271.2 -34846.1 23701.5 11244.6 5442.8 -5149.12 -86984.8 -32157.7 31982.8 -69218.1 -42227.5 33289.6 -60273.1 109.014 -38469.1 16903.8 -1241.02 2013.79 -28312.9 -463.879 -7919.34 20015.1 -59580.9 -30575.9 23002.3 -77361.3 47221.8 6334.45 -14668.7 -17657 -41692.2 -3862.66 -43252.4 20258.2 35313.7 -15247.5 -38372.2 -28429.3 53504.2 -6631.09 67771.3 18464 50322.2 -38802.7 21669.3 -70170.6 14778.9 -69515.1 -9844.05 23164.7 61259.5 5720.87 28913.3 47537.2 -39133.3 -23102.6 152.049 -112378 29401.3 -68415.1 -1422.01 -31448.3 -35666.5 14756 -12608.6 6167.01 -17442.4 39010.1 15130.1 34454.8 -6897.24 19019.8 -23881.9 3530.51 -65460.5 -34705.4 58687.4 -31354.8 -29146.4 -68724.8 -2286.07 -28831.1 -38231.6 30052.5 -14956.8 12362.5 7376.38 -2148.15 -62164.3 -40309 11581.2 5286.44 42704.2 10990.5 
-29754.1 -39230.7 -3313.07 11458.7 13164 2430.85 -19705.7 10654.4 -100.997 -23772.6 13756.7 -61570.4 -16272.7 6765.3 -34452.8 -12784.1 51768.8 -403.302 29442.2 -22283.7 -27024.7 50539.5 4659.89 21456.5 -11789.2 22383.4 11296.1 9340.07 -49366.2 -4849.8 20110 20651.2 -10411.5 36116.1 -25508 13404.5 3436.96 -28380.5 5610.02 -36577.9 -10479.5 -47991.8 8539.3 5392.67 -36072.7 44721.6 4502.17 28127 3945.19 1855.74 -6721.86 -26839.7 -14155.3 75191.2 -40115.8 15013.9 9468.5 -48075.8 -7603.68 13580.5 59965.5 3269.16 26139 -4547.33 -49989.5 -16479.7 -32359.5 -36057.3 -16256.6 25335 -32591.6 47508.9 19087.2 5232.39 60834.4 -3140.21 -49546 19055.6 8905.67 40520.9 23884.2 52918.8 2470.01 22196 26504.7 -29919.2 15863.2 9604.66 -36962.1 -41242.5 47072.1 -7619.89 -23076 -22979.6 -42081.7 30678.6 -71091.8 -25520.5 -49880.7 -24330.4 -54131.9 27747.2 22858.6 26428.1 -19503 -8028.55 -29489.7 50889.7 -33483 7005.69 -6291.81 -38935.8 -42247.9 9481.97 56183.7 22183.1 -26053.4 33819.8 39867.8 -7220.62 -8825.41 16622.8 18500.3 -33433.1 54076.9 15619.8 14785.3 15575.2 
-16907.5 12298.4 -27516.2 4989.17 -31864.5 43169.6 -4724.14 78133.5 -11541.8 118387 -36229.9 12970.8 -51725.1 17680.1 25815.9 -4564.02 1335.2 38858.6 7080.99 30250.3 25823.5 -4945.56 -31326.8 -16157.4 -65426.9 -20190.5 -60707.5 1512.8 749.705 -29919.8 17469.3 -1698.64 23118.8 -28375.8 -18671.9 40837.6 -45864 -25157.8 -41310 -21186.4 64917.4 -7863.86 -59854.6 17046.6 17964.3 40863.1 -11893.8 -17384.1 17679.9 568.368 -40430.2 49962.7 20484 -30286.9 31492 7598.15 32464.2 -17169 -31198.3 40371.1 -20591.8 -3509.75 -33907 14192.5 30496.1 -10358.8 7466.61 -705.747 -566.581 17212.5 -21613.8 -49815 21609.6 18837.2 41885.3 75706.3 25628.7 21371.6 54711.6 8961.94 -6823.05 25777.4 27957.9 -73743 21767.3 -10136.1 -3310.78 -24122.9 -19479 -34678.5 -46509.4 67479.1 -22193.5 49748.1 -19178.5 28851.6 29922.5 -97002.7 25915.4 -1086.98 75177.9 -60833.3 -59121.6 -52654.6 90044.8 -39538.2 -32830.1 -47027.8 37462.6 -23304.4 25705.3 14562.4 -5453.46 20023.5 -70334.8 -15724 -6591.48 20906.7 23303.9 -22226.9 52309.2 -20384.3 -29022.8 -21109.9 12589.6 26832 13462.7 -1606.45 
46923.7 24583.8 -51169.3 18779.8 -25056.5 -11197.3 18949.1 -26831.1 -38976.7 6205.25 -96048 -15191.3 16149.2 -9717.15 -7103.43 -85094.7 26943.2 -17124.2 31886.7 95120.8 38935.2 -39257.4 18945.2 -46492.8 4139.24 -60355.5 -22566.6 -33472.1 -30351 44649.5 -72633.8 37058.3 47319.3 35114.3 47661.3 -5213.8 50497 25609.2 -17590.7 -34772.9 20706.6 13819.2 -5889.19 32223.6 -15215.4 14111.1 46747 -326.8 33692 4836.89 28278.7 39606.5 -82336.2 16068.4 26095.1 60441.1 -16065.6 -85569.7 57239.9 -6169 -31224.1 -19052 29782 22973.4 -42214.5 16968.8 9089.79 -28608.1 32024.1 43258.9 -52042.8 -63310.9 191.927 24437.7 14294.8 23957.1 39834.2 17651.8 -27291.6 -28468.3 52640.1 18578.2 -73694.6 -25641.3 -11829.3 -13854.4 16515.8 -38199.6 -32761.5 -8067.01 -40653.1 -35076.4 21562.3 -9620.28 36890.6 -13323.2 8336.76 -14028.1 -45663.1 36976.9 -66129.6 48014.4 22003.7 4166.23 -71976.4 72003.1 13590.4 79988.4 20344.8 24159.8 97983.6 -55750.7 -17987.7 24655.9 9566.82 5897.73 -48183.4 -17448.5 -39329.7 14643.2 1660.53 14661.5 -30093.9 39121.7 254.954 53168.5 6700.53 -12277.4 
