128 128
17.8263 -36.8550 10.0839 95.0201 -28.5127 6.6531 -98.0298 -42.8254 67.4191 -22.1199 72.4941 -44.2561 -63.2812 -5.5056 55.2629 55.8808 -49.1210 -14.0340 -63.1708 -26.9770 -69.9734 44.9256 52.2903 -2.4391 75.8587 -79.1695 14.3247 8.3188 -40.0711 -70.7904 -92.8580 9.2392 52.4591 -43.9795 74.3351 32.3337 -9.0700 -41.1693 -79.8712 -8.5331 84.0710 70.0793 26.5700 90.7113 -46.1885 31.4516 -21.2948 -17.7281 85.5907 -92.2810 23.3956 -49.5171 -62.9043 69.2156 -0.2594 -64.9779 39.3017 -46.6145 77.5673 -75.6902 -49.4864 -25.3852 81.7955 24.7900 99.0477 -57.3954 -97.4893 -35.0076 -38.7379 17.4489 -73.8517 -44.2363 -49.6022 -7.7800 9.5726 -21.5889 -16.1895 -46.0485 -33.8731 -1.7898 60.7945 -86.3923 -84.3087 97.0927 25.8277 -22.9033 90.8757 -77.2862 75.0847 -51.1411 -3.8838 -47.0156 19.4416 36.9256 -8.2117 -37.2205 -96.3965 -70.9661 45.2263 7.1714 92.3889 -52.8809 -5.5494 29.1368 23.6080 -7.7235 43.2395 -18.9483 -59.0865 -54.3578 -59.7423 10.4098 29.7528 -87.4428 59.5174 40.5939 7.2875 -8.7259 -49.2734 -47.2405 80.5586 60.7016 73.6994 77.3550 42.6573 31.8411 88.6102 -28.4277
-35.9055 14.4592 -30.8034 -92.9078 -93.9684 -65.2661 10.6561 12.6414 78.0708 -3.9244 89.1903 18.7347 97.4509 -70.6736 -90.2723 -88.2602 -50.6943 2.9683 19.7982 31.3310 -12.1463 -52.1943 27.7222 33.2728 -44.4348 28.6727 75.9693 28.2188 13.4908 -9.1015 -14.0950 -9.7654 -4.2651 -6.4524 -86.7206 -72.5417 -7.5644 -76.2167 29.9833 68.7495 39.9036 91.3617 -57.4345 -99.4473 62.9820 66.4445 40.3164 -75.8554 -10.8647 2.3885 49.4200 56.1678 18.6775 -12.5304 27.8921 -8.1268 -24.9405 -85.8027 38.6290 -62.2463 72.7988 -29.7297 -6.5415 -25.2139 82.3626 90.5009 -65.0142 -29.6458 -60.5198 -56.0541 73.9289 -95.4313 34.7481 89.7263 -51.4053 -81.8970 -84.4978 58.0277 -70.5841 -9.9371 21.4537 -61.3525 -40.0195 15.8832 52.9707 63.3078 92.1432 -75.2517 -28.7134 -76.8330 -34.3047 74.8755 -24.0864 -77.2071 -75.9638 -56.2111 33.2756 -63.9205 -29.0994 28.9759 20.7370 -17.5116 99.3629 8.9665 96.6214 -71.1579 -33.5541 33.2370 -69.1692 73.2223 -92.7874 -75.2130 -38.2856 28.7402 38.6247 2.0469 -8.5012 33.6225 -80.9655 -93.2819 -84.0970 -14.8854 82.1013 79.7687 -43.2439 93.0870 -60.5505 96.9347
8.6705 -79.1358 -57.8557 70.5119 -18.0662 -11.8940 -51.5556 -82.1955 -93.3177 -76.7581 81.7355 77.2508 97.5700 19.9631 15.7162 67.4239 25.6658 41.9003 50.5304 47.4955 -65.3442 -1.9082 -90.2353 -65.4916 7.4632 88.2672 4.0465 10.8866 -85.0008 -15.5019 -31.5136 -61.0563 57.4556 0.5523 -34.1353 -34.1778 -87.7190 -78.7874 -34.8284 -77.2443 -52.1490 20.6993 20.3084 31.9626 -56.6856 -65.7549 -9.0564 42.5833 -50.5263 93.4668 56.1367 -9.6749 -43.7063 -0.8393 56.5778 -95.6429 -19.0709 -70.9528 6.9344 -54.1900 24.7819 -64.9197 -57.4273 -15.9447 -79.2004 12.0881 5.5891 -5.0472 59.1080 -23.8068 -24.3276 52.3990 -61.6147 48.6540 -94.2576 79.3825 -51.4440 -23.9307 -60.3921 8.4161 64.4802 53.0325 -52.5934 19.2169 67.3413 -12.5815 -15.1208 -12.4057 -82.5640 51.6261 -10.1101 -98.1137 15.9317 -93.7659 61.3408 -90.1905 53.6338 48.7628 -45.1315 94.8550 -28.9855 -11.8163 -67.4452 89.7596 80.3495 -40.9586 39.4396 -74.5704 16.9648 -95.9161 63.7180 -36.8286 -60.3836 -58.1781 57.6406 -31.7601 53.2908 -12.1166 -22.9942 5.9773 -62.8880 55.9038 83.7576 51.2366 89.1399 16.2590 31.6977 55.1771
56.5147 29.6476 95.1015 -26.1239 -32.5320 51.6365 -17.3171 4.8867 69.3387 52.3058 5.6066 -98.7688 77.5171 -82.5247 -32.7219 -97.3851 -97.7943 22.3168 91.4566 -87.4987 -22.9494 0.4374 -28.2367 -12.9677 -95.6031 -27.7079 -6.5225 56.5399 22.4802 -43.4130 41.5971 -75.3125 -67.5041 -59.0343 4.9813 85.8138 -79.9816 28.0589 -42.9821 9.6170 -11.9530 74.2550 31.9356 -3.1321 80.3451 66.5234 -96.8064 -54.1335 98.8299 8.9221 36.8640 9.0825 78.5189 -25.1506 -49.5839 30.2290 -7.8506 36.7375 -46.1192 25.7470 47.7199 15.4060 -3.2812 -77.2034 76.3937 -15.4992 8.1691 17.2638 11.4058 48.1475 -53.4572 55.7831 -0.1148 30.0220 -91.4535 6.4607 -27.4272 63.2943 -5.8633 73.7299 97.6893 73.2160 97.8826 -72.9098 30.4030 -21.2542 -27.8091 89.5819 89.4495 18.0549 86.2837 -98.9635 -24.1912 95.5225 11.3283 21.1754 -2.8277 31.0805 -29.6168 5.6818 -56.3954 -53.0013 -93.9407 -91.8178 -50.0465 17.1486 -86.2741 -24.9624 -52.3279 3.6600 -83.2936 -10.1136 -14.2112 59.9942 87.0372 -44.5895 71.9729 77.8021 32.5445 53.2318 -34.6149 62.3440 38.7454 -85.0102 57.5958 55.0153 -2.9538 45.3585
48.5645 67.4863 79.5018 -44.7458 -24.8886 78.8993 -79.1972 -45.5384 -61.4478 -18.3962 50.5281 92.2333 -1.4680 -97.8703 20.0078 68.9252 -62.5373 -36.5148 16.7014 -26.8136 -69.1000 -59.8157 -47.4865 41.1290 -6.0285 21.1550 -34.3745 -89.4793 70.9054 53.2368 -26.5448 -46.9816 -46.5375 -92.5642 67.3476 33.4078 -97.9928 -66.2384 -41.3745 -37.3488 5.8346 1.4630 -94.0248 -94.9698 -18.6692 -68.0966 97.4763 8.5742 -50.3971 -39.5064 -42.2454 49.3245 -54.8562 98.5429 -39.4920 27.7287 -86.3162 28.4847 -33.4339 99.9093 -66.4755 -33.5088 -58.8082 34.1602 6.8755 -79.2836 8.7581 -54.9093 -95.2407 -44.2071 49.5604 -98.9553 78.2600 -39.4109 62.1233 17.4658 72.8893 -71.3270 12.8834 -80.3750 -9.8606 -9.1086 48.4105 24.8438 -39.3452 -75.7934 3.2952 97.6273 85.7465 44.8181 48.4796 -4.6096 20.6680 91.1227 -81.2881 -68.5980 95.5663 9.2027 93.0906 85.2552 -16.6527 -32.2655 -97.7456 -78.8973 44.2551 -36.5314 83.0691 44.0797 60.9254 -90.2367 -28.3631 -37.6657 -57.7359 32.2397 25.3212 -94.9686 -94.2095 47.4633 0.5264 -9.9079 -54.4632 -86.1859 82.0399 -47.7638 20.3711 77.7442 54.8022 41.8712
61.1049 -37.5003 -27.5610 -65.1267 -50.0778 -66.3399 -68.4121 31.5646 29.7100 -62.8016 -33.9070 -62.5934 0.1304 -30.6563 -70.2059 -6.3877 58.3582 41.7527 -16.9555 64.2776 -73.5646 -80.9116 -94.2028 66.6665 4.5867 73.7584 56.3398 -8.9306 7.0989 83.4831 -53.7422 -32.0404 -28.8747 -33.2350 -40.1971 -70.9117 -28.0843 -9.0938 -32.0803 3.5885 -86.4690 -49.9164 -85.2520 7.3879 -71.6764 -68.1572 24.7219 65.5454 -7.4553 48.7929 46.2415 47.6062 -88.5789 24.1905 83.8651 -33.9628 17.3529 77.8231 86.1605 50.8235 -68.7548 -18.8069 -38.8008 3.8151 -39.9938 -21.2262 -4.8542 -87.0812 -5.1528 42.4660 20.3728 1.2041 31.7021 4.6857 4.6988 81.5018 -5.1784 -74.4068 -34.4674 -56.0323 -32.2446 85.7553 78.6512 31.1907 58.2554 -7.6986 -64.7979 30.7289 59.7494 45.0107 -62.2231 88.5091 -99.5962 23.1010 -97.2525 -39.9060 -62.5040 -27.5521 -71.9276 -37.8598 68.8814 65.8605 -14.3075 -75.1540 86.7623 -4.4738 4.7237 -11.0041 80.6592 52.2453 18.6743 -11.0970 52.0066 36.0076 3.2619 22.2356 44.6627 -50.5144 -34.9001 87.7591 4.2883 6.9019 47.8272 -41.7269 -35.9783 -17.3283 94.0345 81.1908
2.6375 -84.1183 -75.6876 64.1360 -63.1083 7.9687 -73.3891 45.6394 45.3267 -46.6695 -54.6940 82.2741 30.4737 13.8514 -44.8819 -78.2814 -63.8621 23.8735 26.2464 -41.4035 77.7112 -53.4387 80.5353 96.4796 -9.1640 -17.3780 92.0878 -67.6224 -18.8635 -51.0052 76.3266 -80.7963 -86.8440 -85.7030 -45.6734 97.5658 -90.0542 92.0461 17.4484 -98.4889 -6.1792 83.5742 29.8901 83.8509 42.6595 8.5595 5.9085 13.5015 72.0482 99.3106 80.9784 23.6774 -28.4185 88.1124 -89.8042 -75.3148 -7.3724 -77.4771 43.1885 3.0811 -8.0843 -30.8861 87.5787 70.1129 4.0632 35.9433 33.2607 -65.6684 68.8604 5.3602 89.7258 49.8512 -99.8208 45.4674 11.2391 -41.7986 -26.3540 48.4132 94.7004 63.5566 -61.5536 85.4445 -74.3742 60.8816 58.0909 -27.0040 -40.8944 -45.9196 -29.2302 92.2919 -29.2448 -41.6347 -64.1852 -9.9740 -27.0492 -39.7531 42.1753 14.8198 45.9225 69.4543 -81.6837 31.1667 -13.2795 -31.1433 -34.4903 -1.0823 90.5684 -25.9052 -16.9640 10.3173 79.6958 -40.9492 -54.4481 -41.6876 18.5481 -94.8419 -59.5448 -67.6259 30.3076 -90.2987 -3.9774 62.5689 -42.9776 55.0286 -0.8537 -85.5371 -50.6766 -3.5985
-14.6995 -4.5259 -85.3050 -67.6078 -48.5240 58.3486 94.4296 -36.0689 -77.7596 85.6399 -91.8522 -48.9723 -52.5766 -49.0084 -26.6155 -50.1042 -16.2663 -93.7155 -54.3955 -13.8565 36.7816 -85.6136 -46.8106 92.0499 -28.3227 90.4665 -68.2203 -18.8177 88.0253 63.6812 65.8134 17.4039 51.2571 94.6032 -6.3883 -26.6569 7.0078 28.3750 -5.4723 -88.1020 -20.2686 74.5716 -77.6910 -84.3516 87.1604 37.1101 13.7567 56.3201 88.6752 -25.0322 47.5141 -50.8548 -90.0412 -92.1661 80.6007 82.8333 -19.1767 82.9392 66.5503 76.9151 -38.2355 15.4416 97.6205 17.7110 -30.2011 -70.0278 55.1712 -41.2203 67.5531 35.8602 52.2899 47.2916 -9.4257 -5.3057 -29.4598 39.4249 -92.3403 -89.3650 58.3668 69.8306 -68.6853 82.3918 30.6629 24.0314 -1.0656 -38.6679 66.3611 -45.2140 -3.6452 -57.0852 72.8281 -64.3165 -8.2866 19.2978 -82.8883 -85.6356 79.6697 47.7405 -86.8833 72.8387 70.4028 -71.9913 93.0623 75.7353 31.0762 -71.8995 36.9390 -99.2072 27.7711 -76.4165 -38.5570 51.1793 -5.3907 19.8383 33.7988 -49.7205 -93.4406 -85.3495 72.7023 -71.3053 -34.1565 72.1688 16.6472 68.6211 -8.2121 -81.0224 85.3090 -90.6877
82.4707 21.7732 -9.8305 32.9083 75.2425 -55.9825 57.9876 31.1783 -83.8046 3.5210 24.9652 94.2223 -60.2440 95.3455 -85.5193 17.9074 -83.4118 94.0441 -41.0911 61.2824 12.6862 55.5933 38.5577 -10.0761 -64.9791 57.5780 -74.4600 39.8486 10.9006 56.4064 14.0632 -33.1237 82.8008 -98.1947 57.0100 92.9709 21.2060 1.9619 1.8295 -7.7072 -66.1345 -67.6473 27.9749 97.6104 -6.5376 -57.8733 -72.8141 -7.0237 87.0423 -82.8744 7.8481 42.8349 -91.9688 92.6758 51.7401 68.4491 79.0338 34.2228 13.9287 -95.6879 -2.0645 -30.8413 -46.5666 -36.6471 80.3430 52.8378 -6.6777 -65.9600 54.0137 -58.6094 80.7832 -12.2968 -15.1592 -10.2315 -3.8688 -37.0858 -44.4741 -17.5244 -16.6342 4.9978 56.9696 40.2801 -16.3102 63.0005 -5.5954 -50.8457 73.9725 68.7737 39.6573 67.4867 35.1343 -49.8598 -53.7651 50.7162 41.3662 -34.5267 -7.6948 -24.0913 -27.9290 96.0225 17.4477 -41.0754 -68.6995 -90.1483 99.2450 97.1068 -38.9586 -91.1170 -95.4877 58.9781 24.4981 91.3723 98.6981 -99.2049 33.8756 75.0276 -0.2061 -77.1658 86.6664 4.8513 67.3478 -15.0366 58.3730 79.1906 -9.5380 76.8324 1.1983 -29.3525
36.7995 -56.1325 3.1510 32.5149 24.2210 -65.8774 66.8020 -91.7859 -9.6066 47.5278 -54.8058 76.3787 35.6989 71.4264 60.2472 -56.7043 17.8585 33.1522 -85.4683 -92.5175 -30.1357 -39.4020 -92.7259 63.5829 68.6216 -94.5915 14.4244 92.7240 3.9498 70.5189 48.5608 27.9754 -44.1027 9.0343 2.3389 4.4601 -59.7649 -21.0238 69.1742 -98.7700 -2.8437 35.3394 38.2867 -52.9018 -41.6211 -40.0590 77.8469 -4.2686 -44.4130 -28.8474 -14.2695 -15.0739 7.4934 -84.3406 -51.1310 5.8058 77.1058 -24.9146 -18.6819 -35.0309 71.7789 18.1731 -5.5604 9.8654 -87.1338 53.5684 -0.7141 50.6444 -4.0081 25.8951 -84.6005 -75.9331 -41.2542 42.5013 94.9960 12.1790 10.7410 -86.6532 -61.5267 -34.9899 77.5050 66.0581 -63.4541 -48.7393 12.1249 91.1815 24.2206 -87.2014 -19.4088 -25.3954 -15.2413 5.5975 98.4619 -51.8046 -42.0551 37.0743 -0.0243 -3.0932 -53.8075 -41.3295 -76.9398 -62.9123 75.2453 -1.2346 -48.8232 12.7448 -72.9161 -66.3865 63.9452 62.5204 84.4102 -13.4810 -39.9167 65.3697 53.5743 -16.5074 -78.3523 17.3075 73.8597 -3.6556 48.3798 25.9691 -89.6824 36.5912 88.1044 -63.6189 64.5408 -71.4808
-53.7599 -61.2601 -22.8773 -18.6438 64.3588 8.2548 -71.8681 7.7202 50.5030 -20.7404 20.9406 85.9962 55.4912 5.5327 -61.8732 -16.0182 93.1094 81.9862 51.5578 -9.5003 17.5614 -4.4795 -97.2132 -88.2504 -98.5526 31.7439 41.8705 57.2297 70.5868 -32.7562 -0.8877 -26.8346 5.0035 -32.0456 28.9337 -91.3080 -3.9415 83.0941 -21.6334 61.5812 27.0801 -29.0623 53.2435 -17.3575 96.5277 -29.2689 -12.5001 -98.6366 97.9670 72.9567 66.9400 -96.1523 -24.6245 -3.0716 72.1296 42.8391 -21.1293 -91.3963 40.3355 -2.3313 78.0823 -47.9300 -4.0026 84.9726 39.2332 68.0877 59.2187 30.9073 85.2622 65.1698 70.1019 -68.7130 -37.3905 -19.8396 1.0604 -57.5211 26.0631 -92.6528 -10.0169 -52.4256 -4.6898 40.6174 68.0257 -96.3445 43.4004 -14.9269 -91.9241 81.0463 13.7227 55.8378 -33.0884 32.6709 57.1437 -50.5972 35.5403 -31.7246 19.2057 25.7206 -39.9963 74.2597 -55.9841 51.1206 -98.8450 -56.2977 25.3725 35.9495 15.5223 -83.7894 20.1509 -80.4627 72.2961 14.7646 -12.6920 86.9705 -73.2990 -13.9724 -0.1605 28.8478 21.9740 -58.5744 -74.9701 -31.9238 57.7323 11.0216 -2.8694 77.8994 60.4482 40.0305
-75.4757 -44.4265 -12.5431 -93.0255 99.9453 12.8078 8.0800 -17.7293 62.4722 38.0099 -97.7448 6.2949 -26.0694 -20.8129 -46.2988 45.2089 72.1245 -64.3746 -57.5765 -88.7777 61.9470 68.2642 46.5515 -48.0580 49.4326 70.3682 -64.5163 -57.0881 -89.9289 -54.7162 -66.0642 81.2825 -30.3619 38.9073 93.8478 -52.6318 -46.1553 -19.9152 80.6475 9.5721 92.8101 -54.1118 -15.5782 -19.8540 -50.8861 99.0476 -93.7995 -33.5635 -46.0882 -73.6258 88.4818 13.3419 14.4673 12.0022 -35.5229 95.9119 77.2771 56.0498 -61.2296 45.5637 97.7013 -90.0949 -77.9676 -23.2057 7.1636 -93.4983 51.6107 17.2147 -14.0209 -16.5681 -54.6138 -61.2640 -0.9287 -63.1592 -92.8361 10.0907 64.6876 -97.5411 -79.2584 -92.6860 47.5280 88.7862 58.4497 -13.2622 -14.7396 -66.1158 -94.2256 -4.1183 93.4388 -82.5730 -15.4595 -98.0349 48.2442 6.0435 52.4761 -75.5610 22.3549 26.3370 -91.7406 -29.7930 -16.7416 -14.8693 28.7616 -97.9857 55.0945 -61.8057 -84.5797 38.4677 -31.7434 -36.5793 -0.7554 -43.6464 62.3844 -4.5366 -76.5284 98.9097 -23.5141 -23.2987 -65.5003 43.7062 -90.7626 -1.0359 66.6538 -34.7247 32.4599 74.8364 29.6103 22.7898
-76.2315 98.6704 -53.7117 68.9878 80.1624 7.3051 55.9891 -65.6405 62.9441 41.0954 51.4429 88.2584 78.5120 65.2768 -58.8900 5.3584 -16.1163 33.7255 -25.7772 93.9906 19.7899 15.6205 -29.8212 26.4808 39.4707 -0.0296 -67.5725 44.7054 8.8651 9.4539 43.7808 -12.9884 44.3069 63.6913 21.0540 53.2202 65.4540 -5.8968 32.8278 -63.4101 -19.2505 20.1964 57.9988 -69.0213 -55.3471 -59.2472 21.6153 14.1348 0.2326 -6.9235 -49.6228 4.1067 18.1735 28.2208 -67.2588 -23.5693 -35.3092 94.8976 45.7664 -10.2702 -70.3431 30.2071 4.8836 49.5874 79.7446 5.0642 60.9114 -20.3581 -13.0237 55.2642 18.3195 -62.1231 -47.1036 4.9439 0.2132 -79.5026 -91.5819 72.7676 95.4291 -83.2881 17.6778 -46.6186 -61.6133 -73.8627 -83.5017 16.0017 -86.1392 42.9871 53.2722 98.8920 -65.2675 -28.1889 -26.9943 -58.1482 -35.7271 46.9991 42.5770 -19.4470 -32.6298 0.7702 -50.1343 45.7522 -70.7676 56.0211 -6.0862 24.3730 28.4703 86.5539 77.3872 -95.6436 -15.6904 -62.8974 -89.8311 -35.1420 14.0483 68.2476 56.6518 -49.9603 -70.7420 80.7386 57.4165 -91.9076 -50.9087 99.6913 26.5309 -60.1813 -94.0003 -85.4569
-24.1584 27.4435 46.0981 87.4081 -8.3903 -83.7804 93.2881 29.2649 -43.5595 -97.8039 33.4709 -46.7298 0.4181 53.4786 -3.6806 -83.0257 -52.7017 -76.4708 -71.6131 -28.7470 -44.3932 53.0386 63.0034 29.3576 71.4979 -6.2416 33.1766 -90.5062 53.6146 -75.9734 -67.0793 4.2084 59.3886 -49.2182 75.4619 77.4145 -41.5733 -12.0914 20.5641 41.7091 2.9343 -11.4215 -72.1148 -65.6371 -7.8311 -77.0083 72.0750 -8.3144 -20.0171 -78.3611 -47.1849 53.4611 77.1303 48.3539 68.9239 61.4128 -34.4963 -91.2722 70.3911 -48.0780 23.1688 -64.1152 -88.7205 46.4190 45.6830 -68.5160 -15.7952 95.4576 16.0330 -63.7720 24.4728 51.8367 10.6359 80.4152 -51.4392 87.3217 4.3039 62.4813 12.3218 68.0079 65.7111 9.5972 24.1062 20.5982 -66.5141 97.5262 51.2855 -21.6222 -37.2533 -87.1434 3.7027 75.7316 -33.3032 -5.1498 -95.7373 -37.3960 -54.5670 -92.5640 84.5384 -20.8575 4.4512 17.2614 -52.8316 -88.4316 47.7868 51.3705 71.2978 -78.5582 80.3006 -63.5274 49.6197 84.5607 67.9402 -58.6212 62.9334 -46.0535 -26.9744 3.8722 -39.7108 36.4680 -70.3941 -89.4273 31.9660 46.4950 10.2238 -15.1323 81.7590 -53.9331
-1.0348 26.0665 -81.7067 -52.2705 42.1216 75.2138 -55.5314 -78.8531 19.3308 24.4550 85.9660 -79.4529 39.9448 -22.3994 86.3513 76.5502 -2.8701 12.9416 61.2767 -90.0182 -7.7503 97.2922 -91.8212 -23.5599 45.5924 42.5229 36.3120 53.5357 -19.1989 -16.7507 19.0974 -78.0859 48.2339 -92.1594 12.5571 24.6107 51.6600 -89.0606 -56.2467 64.7081 -35.1404 -52.8462 87.6799 37.4345 -29.7422 -98.1457 -15.1490 57.5589 -51.4346 -28.3309 -62.6239 -16.2753 -24.1903 -40.4556 21.7913 -87.6568 -77.3698 -58.1987 -66.8266 -38.5330 11.8957 6.8733 60.0058 74.5243 84.7992 60.2906 46.5071 14.2249 0.1243 80.7235 -35.1882 -5.6588 82.5693 77.9261 57.9300 -57.3457 73.9690 84.7074 -73.3983 -10.4535 21.0804 27.7386 36.2859 53.7059 5.5431 -29.2147 17.7078 -86.5565 40.2532 -33.1679 -16.3426 15.7701 11.3271 51.7379 60.3010 -75.2715 50.6560 -60.2245 -16.1352 -2.3967 -29.7249 95.5420 -61.3059 91.8673 97.2932 -55.0135 -16.5492 66.2623 -42.0559 88.2165 79.1724 69.1840 48.5250 90.6538 -56.6306 4.3603 -70.5936 69.9116 34.7211 -57.7748 30.6611 -14.4960 52.4579 -19.9513 -56.2627 55.8574 -26.2780 64.2499
77.2567 -40.4137 78.4133 -38.5430 -21.2334 23.1730 -90.9851 63.8594 -53.7939 47.5035 -25.2981 1.9911 16.3196 -98.2026 72.1246 60.1942 -47.2155 -28.1590 29.0663 42.3649 38.9400 -78.4654 -48.4119 -50.5132 27.0330 0.9202 23.4453 62.8010 87.1561 86.9376 9.3897 20.4714 -35.5729 11.9739 1.5538 45.2283 -77.4574 -6.7552 -42.0224 -93.5248 12.1761 33.3379 75.2046 -11.6331 78.4514 -52.5875 89.6863 -58.6049 -83.8671 88.1573 -86.3492 10.6273 -82.7170 -36.1078 -49.1258 -4.1493 -5.9176 23.7065 -10.5063 30.3786 52.6338 37.6432 12.9852 -5.5733 -65.3425 68.0568 74.6072 46.5631 13.3827 10.8895 -86.3330 -86.0534 -30.1441 -97.5020 -55.7974 32.2616 91.5019 60.6123 38.3047 59.0375 -2.6778 57.5444 -91.6123 -8.6538 -28.3879 -41.3158 -42.2365 17.5575 -68.3025 -47.4882 55.3486 29.4334 19.6758 77.3183 80.9272 10.0054 -56.9911 -15.4330 12.2551 -44.2347 61.4136 9.2548 2.6090 27.9184 40.6281 86.3624 -39.9649 19.5663 62.7035 -52.6356 68.9299 70.0159 -12.9640 84.9599 -68.5415 -46.9144 2.0030 -87.1097 16.3238 -43.3195 1.2961 84.4551 -99.1400 75.6342 46.8070 -9.2699 64.6106 -36.5010
-88.5908 87.7712 -32.8330 -59.8203 98.7677 -68.2634 9.5100 -16.0515 86.6409 -83.8615 -98.6049 94.7060 12.0308 20.8798 17.8938 71.7191 -25.1211 -92.5683 -52.7530 -89.0579 25.0836 69.7529 -35.6481 -29.6852 34.6933 21.8637 68.9437 -9.5136 20.7076 71.9682 10.1608 67.2310 31.0949 62.4008 0.0960 42.2700 -10.7602 28.5974 -64.3972 -65.2915 -79.1663 -40.5638 41.2524 -50.1579 -34.4184 98.1613 50.6917 43.7133 9.9814 -25.1214 57.2565 -78.8701 -13.0603 -11.4514 -61.7027 -12.5382 -1.8123 4.3357 -51.9515 89.6501 -86.3085 -56.1533 91.6228 -30.0723 89.8732 -37.0288 -77.9462 -63.6205 -63.6300 78.0647 33.2915 79.9629 14.9199 -14.9062 21.3149 85.2367 54.0222 -33.8684 -33.0310 4.3754 56.5578 -7.7542 -0.7538 -63.1353 0.1893 -30.5635 56.6447 -71.6457 87.5956 -25.5105 -72.6002 27.3096 71.3864 99.3300 96.0015 -44.4738 9.8581 -27.3546 80.5950 86.4625 -99.4784 77.4681 -8.5515 -55.9454 48.3993 -25.4560 -54.1806 73.4337 -41.9461 -96.6944 23.5882 -55.0019 -72.4076 97.7041 91.7725 -33.3693 80.3011 67.2437 15.7440 -92.2415 88.0778 -4.4942 15.0224 -3.4433 36.6917 -14.5964 -22.1250 82.1266
20.0804 64.8959 20.0422 41.0887 78.3584 -55.0503 -61.5781 60.9402 66.6118 -49.6394 -35.3100 44.5890 34.7855 -54.6855 -84.9247 2.8287 73.9198 -83.0775 -42.7352 59.7518 -31.6117 74.4109 -97.3838 36.1897 -89.9457 -40.8014 -91.7576 -97.9107 -87.8421 -80.9769 70.4936 67.6295 54.8818 -50.5457 -98.4916 77.0787 -87.9313 16.1116 -97.7047 15.7415 -29.5603 37.4691 -57.3037 95.5831 -68.4677 -78.1638 30.2829 -75.8795 23.0206 82.2157 54.4577 51.5370 0.2872 42.9165 -8.0529 -80.3527 -44.1394 -20.0498 80.0545 -52.1697 -39.0245 98.5870 4.2145 5.9466 -81.6862 7.1024 -40.4594 21.6707 -40.2813 92.6654 22.9737 89.7678 -66.2929 -19.4877 23.3501 58.3633 23.1255 -39.9622 -9.1394 -45.3426 -2.9351 5.9838 89.6790 12.0672 -64.9931 -86.2994 90.0074 27.8732 49.0445 78.0964 -34.1455 4.4446 -74.5113 -15.8686 -29.5620 -75.6704 -26.6904 92.2808 -13.5093 -61.1313 65.5892 3.1277 4.5562 -34.7702 79.9995 21.7757 64.1299 -79.6023 42.9561 51.3007 64.4808 83.2661 96.2128 -2.2003 -29.1124 65.6916 -90.6179 58.8196 81.1959 -76.0292 -5.9152 -9.9342 5.6390 44.0797 43.4765 -63.0695 -14.6324 36.6761
13.6148 -48.0057 75.7906 10.1081 83.0969 -87.1257 6.1698 -69.3623 -36.2058 91.5631 25.6740 -96.6231 -84.4639 24.3601 39.5147 97.0013 85.5723 95.8265 -25.8040 -26.0526 -40.3272 -24.0588 -1.0063 18.1189 86.3188 34.6698 -35.3006 12.1734 -98.8070 98.6428 -32.3453 15.9759 -6.3252 77.4589 -59.8023 -33.8325 0.0343 31.6971 -58.6854 -5.6521 -38.8683 82.6889 -95.5415 -3.9851 63.8161 -46.2315 -85.5586 39.7167 -10.7856 80.4889 -56.0037 -53.5978 47.7202 -79.5597 -28.5889 -49.8211 12.9374 -27.4430 -50.9589 -13.7485 -4.3173 30.8457 -82.0488 36.0045 38.6399 17.7430 -51.6146 -87.3188 -46.4268 -84.5394 71.3690 82.2095 64.3645 81.8221 44.0393 54.9957 -0.0276 77.0029 13.2971 45.0833 -47.7966 60.1897 50.6464 -78.1858 47.7027 -72.4144 69.0005 -96.1309 -53.4134 -25.3332 -66.8723 13.5090 -70.9073 4.5274 -48.8349 58.7412 -44.8651 28.0638 13.1877 12.9064 41.2954 72.8838 -66.2295 89.3072 -24.6251 -82.6525 23.7955 -54.3114 -98.6062 -11.6359 -35.2820 48.6137 39.6760 26.0790 88.9938 27.8954 71.3053 -33.4731 -92.9074 66.9270 -20.5992 98.4992 -27.7528 -24.0463 -79.9822 9.4659 51.3337 4.1404
97.3364 3.1716 65.6883 -59.1420 -12.0709 -15.8254 82.5249 -64.7231 60.6233 -45.1129 92.5806 99.5747 75.4582 83.3516 20.9941 40.3181 -46.8573 97.5445 94.4164 17.3983 -64.6524 24.7853 -3.7087 50.7617 12.1228 -64.2745 -34.5512 -56.0703 91.2782 85.2423 -73.0111 54.0114 76.7841 83.5317 6.8998 -78.2391 15.3493 14.7678 -79.3289 5.0797 68.6882 -11.8699 -56.9238 79.2966 -46.4438 -82.4482 20.7739 14.7078 -55.5903 -90.7784 -46.6882 29.4951 -41.9573 51.2144 96.7005 -47.3380 -95.3290 73.2644 76.9043 33.4999 0.8121 -18.3577 51.1027 -53.7541 -23.5445 -80.9689 -90.0183 22.5449 63.2589 -66.1290 66.1392 85.3290 -10.8949 7.0254 -97.5945 41.5104 -43.3059 -8.5276 -79.8976 35.4918 -27.1065 -15.7774 -10.8727 -78.1089 -16.3177 83.9961 -73.6132 28.0576 -55.9056 -18.5364 13.2358 27.5120 73.9607 14.9646 78.1861 -85.8844 23.9098 34.9492 -80.0284 -85.9449 -94.0283 -2.5246 -92.2851 32.9213 -80.0995 0.2433 -39.1828 -13.7498 -66.6608 -35.7822 -24.5528 -92.7726 98.8633 28.4484 -97.0191 38.8733 74.2285 14.1859 44.9483 34.2746 73.4930 32.9701 -36.1698 8.8830 -2.7966 51.0624 -45.6043 49.5781
35.1889 38.9988 62.9081 5.8565 51.7721 -26.4453 8.0073 -50.1845 -9.5396 71.0875 -23.1840 51.0735 -83.8248 67.6602 -52.4018 32.0261 -78.2938 -2.9803 -31.4347 13.7337 18.4382 53.8233 71.5311 34.4706 50.2172 99.9599 32.8043 -48.1529 9.4834 97.2272 70.3079 39.4768 -78.9538 47.8941 -6.1751 90.6085 -92.8522 82.7195 96.5507 41.3137 1.2003 59.9791 30.5419 43.6910 -16.5002 -33.5729 -63.9482 -16.6677 -9.3001 -61.0069 77.1473 77.0391 19.2490 -37.3436 34.5069 -19.7738 96.8727 15.6794 -67.6128 -81.5250 -25.5295 63.6867 -23.8830 -98.4317 54.5213 -42.4497 29.2490 43.7470 -82.2756 47.0450 -67.5962 17.7768 -69.1859 89.3705 67.4060 -50.5645 -6.1979 75.5679 -87.0862 -69.9380 -30.9727 45.6078 61.6109 -62.3713 7.0892 -76.8776 -22.0322 77.1487 53.2179 16.3542 -83.6634 73.7857 -60.2803 -39.2788 -37.2255 26.7391 -46.6186 60.1299 36.4957 39.6545 87.5205 18.4365 -8.8651 62.7986 -41.2086 91.5585 91.8392 25.5681 37.2522 63.4955 45.3122 41.5781 -12.0401 23.0957 -38.5138 71.2302 -24.7303 -80.3915 -33.7306 -24.5438 -77.0919 -98.3561 90.8547 53.4827 51.4748 79.5129 90.0635 94.9403
-89.4599 -81.2582 -63.0250 60.2760 64.4374 42.4914 -48.9052 87.5633 71.4831 81.5289 -98.9692 97.8242 -77.8625 -33.1004 -87.1344 -36.2555 -44.4412 -28.2401 26.7974 24.0246 -97.5318 92.3852 -44.4511 35.5557 71.1644 -13.5956 -53.4767 -65.3238 -61.6866 47.2126 21.4762 13.3048 -75.4850 55.9912 70.9542 -93.5631 -78.3123 87.4990 7.8551 -81.8922 -53.4181 65.5148 -67.4728 23.0232 -14.1563 -74.2034 18.8084 27.3173 -30.1545 -6.0576 -85.8956 -83.3548 -72.4431 20.6778 -31.8213 -38.3119 -77.2749 -44.7063 -77.4940 -10.5162 34.6862 -82.8142 -54.7637 45.5453 22.3690 -55.7827 40.7430 5.3795 -68.4962 1.7934 -38.6082 83.2158 98.0581 40.2510 -25.4213 37.2760 -2.8966 19.8252 5.0581 -85.2836 84.9938 51.9835 77.2535 -92.6404 84.2187 83.6910 73.5831 47.1647 65.4322 34.4710 -57.7084 -83.2768 -64.6490 93.2583 -80.7554 33.8629 -39.3046 -20.4473 -86.1966 84.3322 44.2176 47.7171 -25.4593 84.1840 -0.4242 -21.1498 90.3712 -77.9274 -67.3591 -86.8919 -30.9037 81.7714 -39.6039 -55.0350 56.0387 -37.1005 -6.0009 84.5955 96.1346 28.4883 76.3866 44.6655 87.0597 -76.1689 50.1724 59.9256 -78.2977 -27.1419
63.1866 -35.5198 82.7757 -88.2815 -78.7685 -68.1927 18.8230 26.7569 59.3058 47.0508 -41.1212 38.8013 -68.9496 94.9498 73.5863 -50.5383 40.1275 -93.8494 34.2438 58.1370 -86.6728 -87.8808 80.6250 -82.0719 -54.9933 -6.6980 -66.8443 23.3881 -93.5123 -65.9064 85.7056 -64.6512 -70.3585 -96.4755 -14.4871 -67.9140 -92.1235 -80.5743 11.6344 56.7041 48.5433 -3.2860 -3.6660 45.9366 -35.3929 11.2098 73.8480 42.3123 -24.0518 -13.1977 53.4992 -39.1855 -10.9084 -33.1890 45.0356 -3.2019 -69.5764 7.7876 18.2618 -54.7809 57.8732 -12.7711 -63.4921 4.3402 -57.1085 49.5882 70.0620 4.0328 0.4214 -40.1963 -86.6575 61.0552 91.7998 -52.7815 -99.0021 -59.5504 -82.8993 44.9055 31.7512 -63.5583 -66.7793 46.4331 53.1572 47.6024 -14.1034 20.2082 20.1648 52.1840 -7.4126 95.3571 -83.1138 -41.1074 -88.6316 -57.4121 52.3446 -35.7507 -87.8694 10.4415 -96.8215 -19.0124 -44.6556 73.9313 49.2408 55.1810 -88.2787 66.0345 27.2739 65.2283 -82.8512 62.1915 -76.1455 -53.6254 30.1830 -12.8920 -38.8379 -68.9090 15.2780 89.6586 -96.0474 -97.5332 -29.9358 -86.8746 -36.6686 79.2108 -89.2858 -35.9059 85.1322 90.5966
-11.5850 73.1390 48.1155 0.5578 21.5284 -18.7128 96.3817 74.8555 59.4217 -69.6351 59.4447 -99.5796 -0.2151 15.5126 63.3283 68.9274 -29.5856 -85.2738 2.8294 -3.6828 -12.7879 88.9548 78.0000 -89.5892 61.6403 16.1271 -87.1371 86.4895 -26.9811 17.0811 -83.9293 22.8501 -61.9711 -53.9223 -61.3956 -1.3050 45.2679 -82.8906 -83.9835 -85.3219 77.4878 -84.2785 -83.2683 70.0102 32.5428 28.7285 -17.5681 10.4449 -77.5988 -18.2634 -18.0562 -55.8514 7.8901 -55.6952 74.2902 26.0442 67.4602 -59.7536 -20.9856 -33.7051 4.2859 -93.3758 -21.9094 -18.9117 -31.9757 50.9477 50.1447 -19.3444 -92.6147 78.5254 -54.5390 -15.6763 -47.5191 79.9304 16.2998 -12.8840 87.4835 -46.8351 65.4999 38.2669 -3.1061 -2.5667 -80.4444 78.5632 21.7175 5.4187 60.6913 -40.6834 5.9220 43.1524 -50.8066 90.0489 -14.1836 -16.9793 54.6966 87.1069 -86.1521 -17.4867 -78.9107 -30.3800 68.6633 -45.8618 64.5773 64.0681 25.2754 23.3958 57.4931 -51.4520 -51.6105 45.8606 40.1538 65.6652 31.3697 -7.2094 -69.1335 -27.9603 -78.2268 -55.6605 93.8147 -34.5222 61.0665 14.9660 71.7632 70.9386 -8.2137 -38.2960 -5.1066 10.1789
-47.6263 15.1126 95.0878 83.9413 24.8037 51.0362 12.1968 -52.6505 1.6447 96.6287 -61.4440 -18.9071 49.2681 -96.3782 -34.8048 4.8856 38.0792 -61.9621 41.0631 -41.2816 12.4746 -43.5532 -41.5159 64.7694 24.0498 -12.3599 -67.5958 36.6372 -20.9911 -91.5428 -82.9323 67.5763 -19.7562 -26.1125 -0.3687 16.8376 6.9226 75.5862 97.3256 73.8174 93.7349 13.6184 43.1820 39.4795 -21.0062 -77.5516 59.1057 -47.4056 -85.8071 18.8920 60.2594 -70.2596 -13.1281 -44.4082 45.4954 -62.7627 60.3189 -85.9539 -53.1119 45.0853 25.4223 -63.4375 36.0152 -72.5822 22.9534 -60.5644 38.0470 -43.5045 -70.4218 6.5092 71.6172 75.6095 -6.0798 20.9386 -55.8247 -89.1591 -71.8303 -40.7910 -28.9988 41.6542 -46.8922 -38.0715 -13.6857 -73.0452 -34.0853 69.0742 -48.8319 -56.3473 -50.1220 -75.1377 -1.6393 -69.3951 -91.5420 24.3972 -53.7294 -48.6711 85.4500 -84.7464 -38.2841 -96.0853 21.0857 90.0041 -55.2814 -82.6353 -79.7125 -27.1934 39.7645 -98.8851 45.5493 38.0999 91.3044 -62.2384 8.5722 -82.1153 40.7506 -70.9418 70.3431 71.6287 -53.7328 -37.2637 -77.2301 -56.8270 78.5338 71.9956 -2.1782 16.1458 15.5163 -78.3235
-18.1012 -72.9918 12.6239 -1.2161 -90.8232 -59.0547 44.2795 -72.3371 95.7397 3.9580 50.1345 -52.0937 -75.5280 9.9204 -47.2782 30.3515 -52.4205 -3.2556 -89.4224 42.3700 -65.1936 90.0574 80.3910 -72.9473 -92.7941 -29.1796 61.9629 83.5810 -34.8274 24.2312 65.8635 93.2626 33.4135 -80.9027 -24.9303 91.7657 80.0454 92.9471 80.5044 19.3478 -49.3921 18.0279 -92.1529 37.2869 -9.3708 81.3271 39.3150 -12.3959 12.2639 -41.0353 30.7002 39.9313 -35.3941 -87.6962 19.6834 -23.4166 -16.4055 56.0202 -48.1001 3.8134 -67.4316 16.5182 -79.8784 2.8475 92.6069 73.1203 -70.1421 87.0466 94.8173 38.6716 -11.0816 46.8361 -37.1913 -96.7587 44.4932 -8.0840 95.0899 -93.4752 31.9081 54.7025 23.2087 -34.9639 -95.9285 8.0781 -99.0890 89.4520 -70.3726 83.0718 -17.8840 41.6878 18.7659 84.9423 -10.2412 0.1702 -2.4418 33.4651 60.2251 17.5123 -68.4519 -27.0466 80.0744 34.2376 62.6722 44.8916 46.0347 24.3490 82.4917 53.6979 -70.2766 54.2385 -15.5897 -16.9358 33.5752 -20.9608 12.5486 13.3703 7.1198 -77.5418 -9.3453 3.0490 32.5759 -71.9721 -65.6823 -85.2607 -36.5158 88.8908 -99.0600 61.0231
-43.3024 88.1002 -78.5651 -28.3975 24.1322 -34.6004 -97.9964 -24.5048 -33.8962 53.2829 -59.0846 -92.7215 51.5306 85.8902 23.8215 13.3621 -14.7911 -36.6228 45.1534 97.5248 56.0713 -89.1158 -2.7873 26.8498 20.1136 -46.0947 -52.0130 66.6590 -53.3463 -93.7893 6.0440 3.5381 1.3952 -28.3588 -12.1138 49.0071 -3.0995 27.4937 -41.2221 -62.0351 17.5234 -46.3972 -17.5528 55.0507 -67.9647 81.5144 -11.5095 88.3831 -5.5175 92.4313 54.1569 -6.7962 -21.2002 -90.4660 -52.0140 85.1340 -69.7265 -59.4888 -48.9616 -38.7248 -8.6631 -51.8318 -76.2923 54.0569 -66.4470 -26.1269 -99.9357 91.3160 30.8197 52.5837 -84.5813 -8.0668 -10.4442 -24.4281 97.9692 37.5932 -89.2527 -99.8811 89.0624 -96.7030 92.3675 19.4428 -98.7807 19.1731 -48.8457 -97.5111 30.6783 -40.5570 35.3088 57.5638 36.0222 6.3152 -82.3969 -32.0279 33.0914 64.0925 -51.6417 -6.5827 71.7656 -9.4934 -26.7035 99.3633 61.7441 89.7963 -44.4493 -14.4992 -49.0748 -41.2740 1.0445 -14.0018 33.0842 23.1351 45.3889 65.3433 93.7802 17.7510 86.4339 45.8084 66.6999 -9.6173 64.3322 65.9295 97.7590 -55.1274 -11.2984 44.5089 -0.6653 -30.2507
-90.5856 65.8144 67.7164 -50.7789 73.0367 -88.7189 64.9152 44.5075 -72.2386 42.7640 44.5408 57.4905 71.9712 60.7313 -63.0736 8.3390 -67.1086 32.8913 -24.5212 -16.0569 61.8788 28.0741 67.4684 -18.4978 92.4693 -91.1901 -96.9949 -31.2101 13.3397 -14.6838 -38.7443 -45.6531 51.4432 47.0886 62.1702 -92.2725 96.4599 -88.8091 54.2437 70.7348 -74.7148 -42.0776 -79.6662 4.2432 -7.5499 -38.6693 -2.8653 21.7787 -9.2976 -25.4939 34.3282 -68.2084 31.2659 -37.6636 -76.3074 -42.3806 97.9471 54.8325 80.2356 -6.7986 36.8987 -9.9279 -84.8050 16.4669 -38.4906 -8.5839 -6.2190 52.4345 58.3557 -85.7795 12.7748 -2.2594 56.2593 -97.4027 1.5058 -46.0104 -77.9715 16.0374 24.0461 20.1922 -24.0200 -50.1488 48.0760 -59.0527 48.3362 -41.1900 -96.5861 58.2878 90.6385 -59.7160 80.1262 53.5224 18.2097 -18.7147 75.0463 16.9692 -17.0710 24.4526 -42.3596 -88.7140 21.2333 -29.2944 13.7253 -54.4435 -15.3226 77.4230 20.6475 74.1531 -66.0675 -57.7105 -35.3998 -22.0441 -92.7178 12.0128 54.6691 -80.0006 80.5032 97.4169 -76.0028 -74.1010 -81.5364 -57.8567 -4.5506 -67.4374 -0.8755 -36.4419 -57.5310 -36.3892
70.9103 97.3084 -48.0584 -19.1773 41.0817 49.5924 -54.8298 40.7768 -86.5633 15.0696 83.1859 69.0281 -29.3684 68.1401 73.4746 25.3040 47.8748 -51.0302 54.4510 31.2629 -36.7965 -39.8137 42.7178 5.7906 -2.4471 -58.4461 29.0278 -45.9406 91.5159 9.5450 -83.8980 -15.8401 90.4723 83.0237 68.2914 -25.5067 -90.0655 -79.9515 96.3157 94.8527 54.5828 -87.0104 -31.7288 -4.3267 94.9409 -16.3185 -19.2071 12.7558 24.9874 -19.8500 45.2932 -25.1868 -42.0975 -87.5895 72.8323 81.9635 46.2893 69.8210 -17.2409 16.1713 4.4481 -13.3997 35.4904 -48.2586 -1.0302 47.9233 87.8845 71.7800 70.7365 -66.2451 5.1358 18.3953 -25.2304 -75.4194 -72.6310 92.5254 78.0932 -18.1761 -30.4916 40.9029 -90.4195 2.0011 79.1165 15.5339 28.4397 -61.5237 32.2648 -95.0882 24.3380 -93.0160 -63.8852 -27.9487 16.2093 -70.6773 -36.3594 -63.5439 -93.7454 95.8854 -62.4190 11.6315 -61.2825 6.0097 37.1371 57.4019 54.5165 -60.5702 -85.4253 64.3290 6.6777 -66.4494 -9.8477 72.5576 -20.8813 -61.3172 49.7940 -30.9870 98.4944 -47.3083 -67.0871 -79.6242 32.8395 -35.5235 36.7355 -81.5294 30.6314 78.2160 -55.1331 -11.9106
33.4315 74.9766 -79.3876 49.2310 -96.1963 16.2467 31.9618 -36.2999 -22.3901 -31.2379 19.2366 -47.9316 58.8346 -60.5680 -27.7775 61.5783 46.2181 -76.2676 89.3300 -11.4729 -72.8557 -25.3711 -12.4774 71.5698 9.4744 -18.8777 62.6378 89.1583 9.0788 -39.7458 44.8047 -63.1258 91.1591 -20.7192 52.3739 -77.1273 26.8998 -19.7820 -68.3750 -0.4046 -34.6164 -6.4950 -2.9189 1.4765 60.5387 36.7630 -7.1043 89.6551 78.3847 -32.4148 23.4300 -55.3536 64.8085 -8.5037 -29.7638 72.5921 90.2893 -11.3222 81.9907 5.2354 89.2559 -6.5948 26.9416 -87.2670 -30.3386 39.5071 -37.4873 -94.4676 -2.8999 99.9215 -22.2123 -1.8895 -22.1797 55.9910 -33.9650 -32.5318 18.9671 -19.1146 0.7413 -16.2555 81.7238 -43.3503 -85.7019 -2.2615 27.9706 42.4253 -82.7073 15.2435 44.3156 -26.3255 7.0159 40.7841 62.7344 -78.2691 37.5179 -35.0842 84.7942 39.3772 62.5770 90.7081 -74.3531 -34.3480 9.3066 99.2619 -27.4402 95.0222 99.9484 57.7692 2.8740 7.4807 45.9780 -10.3214 12.0770 30.4436 -76.8332 -3.4905 8.9629 84.1720 -7.5839 28.6060 1.9091 -83.3872 -72.6840 -99.9900 -80.5494 -95.3117 -96.3757 -65.1081
2.4015 29.5493 -2.8946 -52.8149 44.8989 77.5905 -95.5091 -78.1660 -68.2370 3.3803 29.8201 53.8829 -15.2650 -39.2904 -67.2784 87.1020 -33.8556 3.5970 5.6838 8.0328 -86.8851 -25.2498 -57.8165 -3.1525 13.4296 -85.8168 28.1551 -74.9933 -61.4698 79.2063 20.8674 -51.6331 -79.1166 23.4065 63.3984 -84.8811 2.7419 62.4141 -54.2352 -4.0394 -16.7277 92.9537 -41.5305 1.5430 11.2803 -6.3183 9.9339 84.1622 -24.2881 -5.5193 89.8866 -86.2261 -89.9323 -32.9355 33.6286 16.7457 6.3647 80.2833 -78.7949 61.1163 92.7893 -71.9056 75.3144 -50.8399 -46.6587 -65.0243 96.0398 -36.2532 -66.2860 94.5806 55.9617 93.6477 43.5848 -82.0423 -67.9451 -70.1582 -92.1871 44.8421 -11.2234 -56.6692 -49.6724 60.4928 12.8295 -10.5602 8.9328 43.5765 3.9683 23.8595 -19.0777 50.2060 43.6942 28.7595 -94.5058 28.5317 -74.1212 2.6457 -44.2046 -28.5855 62.2782 88.8462 6.3364 -1.6907 44.7383 -65.7495 3.5010 20.9866 17.0088 -83.6174 95.0170 44.9087 -68.6849 32.6602 -78.8555 -32.2160 25.0200 -3.4168 23.1931 -3.5793 -3.2591 -28.9930 -4.9488 43.4548 95.9898 50.4635 -37.0983 96.1724 -14.3411 79.3485
55.0359 54.8576 99.6488 17.3074 -49.3451 8.0400 50.7029 55.6029 12.1622 78.0009 -45.9502 42.8859 -27.0784 -9.9804 69.5186 -57.2106 61.0470 -86.9517 -5.3455 -53.7540 47.7050 67.4309 -56.6170 -22.7598 21.5046 -52.6665 52.3031 -85.4161 -24.0698 -54.2842 60.9322 71.9532 84.7023 -45.1275 1.1284 2.1800 31.6441 -92.6423 -48.0448 -60.2105 71.3415 86.0443 -76.1028 13.3989 16.6939 17.3088 -84.2813 -12.2828 -16.1234 -31.1071 56.8728 -22.5618 71.4901 75.6853 81.6724 55.7374 74.1256 58.0381 1.7518 -70.4024 32.4582 -31.7775 35.1746 17.7289 -87.2754 2.2895 50.3876 -43.3435 -15.7416 66.4269 -99.4619 -17.9710 -86.9783 59.6473 79.3601 -90.8113 -57.2483 21.7440 -85.9014 -11.3408 48.5618 68.2124 -14.2419 89.0046 -19.2172 27.2995 16.6124 22.9074 19.3507 50.9103 -75.4833 -87.0523 -36.9506 -73.7283 75.2269 -74.3903 -59.4415 76.4583 -48.5524 60.7011 -36.4771 -81.8728 -62.3979 -79.1478 -14.0614 -38.7851 -90.5007 13.9046 65.8443 -68.5415 -49.3180 33.7498 -80.3723 -44.1446 -49.0461 -60.9006 82.1590 -36.0273 28.7406 78.1958 -82.7131 88.3088 82.5084 -57.4660 -86.0159 -77.8283 -49.1857 -60.7112
-62.6837 -41.3992 -76.3046 -86.0885 23.7667 -49.5648 72.0381 -12.1558 -72.8844 23.7118 64.5726 -0.5115 66.6108 -98.6853 -75.6442 7.6927 66.8468 54.8228 15.7373 72.6776 30.4498 47.3587 -85.2146 -98.5956 -86.3328 -99.4339 47.3281 77.3797 -88.4967 29.7934 82.0055 -57.8215 -69.5490 10.5629 69.7204 59.9948 -37.2228 -84.2098 -2.1472 77.4621 -39.2664 -4.2958 42.4187 -44.9553 77.5778 69.0775 -49.1684 56.3830 -85.0213 -95.9356 5.6614 -67.5840 -0.6508 82.8924 -67.6069 84.3254 -39.5818 -28.5801 15.0278 -91.9673 -19.5219 -70.6838 -91.9168 7.6376 10.4944 -70.5604 46.5974 -10.2885 -43.2214 93.6622 -7.4271 -77.9992 -67.9460 10.8946 -37.4744 -99.0258 -93.4273 -29.7482 8.2228 -75.1907 24.0823 99.5087 -94.2543 79.4318 -33.1580 -58.5913 29.6895 20.9875 -14.5858 90.7304 87.0129 -85.2291 -80.9902 -69.2283 -5.1028 -26.1870 -31.3098 83.5949 -72.7842 27.1575 77.6368 -10.2782 -90.9947 74.0651 74.5116 -5.5548 16.9539 -6.1386 -23.6663 29.5537 67.4270 -24.7772 -32.5808 -75.7160 -61.6360 70.4935 8.6695 99.8767 35.3020 -67.0587 -95.4897 47.8991 12.1420 -8.7005 -99.7051 -24.5331 -61.6451 -75.7854
53.1284 54.8036 -46.7192 -59.0994 -78.6860 -38.0001 21.5431 -68.8446 -60.9194 85.0774 33.5544 -98.7339 -79.9384 10.8164 76.3526 -19.4992 20.2607 61.6309 76.2914 68.4999 32.7244 25.1464 -94.6155 -95.4294 62.1973 -49.4306 52.0807 34.8579 4.4414 75.3006 -84.7191 -36.4441 -57.3967 -38.4021 -24.9393 14.9749 -87.7968 -4.0008 93.1136 77.0062 89.7893 -12.0106 35.4086 -35.3185 -68.8636 -14.9869 -25.3789 -64.3932 -53.4140 1.1607 79.0905 -95.4456 -62.3373 43.1241 -39.4820 -69.5970 -31.2174 62.6941 50.9612 -50.2996 92.9421 46.3378 22.5306 -42.8235 -64.9589 -48.3749 -22.5241 -29.6816 38.2324 36.7081 -40.4586 44.4162 46.4027 -27.2334 -12.5047 40.6753 -12.5781 -96.3177 -92.4619 -4.4283 16.2578 47.4220 -38.2027 -21.5122 94.6519 -25.4890 -40.3724 82.6467 -95.2268 14.6945 99.6169 -65.0711 -79.8712 -82.2436 36.8508 -52.8049 -78.8184 23.1543 -24.4991 -92.2869 66.1832 40.7870 14.2649 -46.2713 -37.3599 31.4566 -96.8115 -45.5579 -23.2705 74.6339 -63.9283 -58.7254 -77.9409 69.7300 96.8176 52.7935 22.0541 -5.0377 86.2748 50.6234 56.0848 51.1171 74.1935 93.4269 53.3448 -72.1559 -7.9756 39.4338
89.7515 1.4267 37.4751 -84.4245 44.1540 91.3770 28.1804 18.4115 -59.3748 5.7481 -28.9828 71.5613 34.5739 -90.2209 -96.3502 -60.4941 83.8805 -29.8819 -58.7096 1.9348 -14.4585 76.4139 -33.0130 0.2854 -36.8358 -1.4644 65.6225 -17.7778 50.8196 -61.7937 94.5206 -87.7753 -56.1889 61.1106 11.2832 -88.2553 -84.2775 -87.8445 77.4312 10.5964 -99.1679 63.7911 -20.6527 56.4234 60.9480 50.4725 -29.2519 94.4663 -33.2895 46.6047 -22.1981 -48.0811 -17.6494 2.0510 -81.1228 43.6055 18.8209 25.0370 49.0030 -70.0874 -44.6463 -45.0448 -23.7711 -15.7968 86.5840 57.7836 -77.4196 28.4821 -87.1033 -82.2616 -81.6263 -51.3635 -19.3376 94.4352 -67.4100 81.2005 -53.7982 89.4669 -69.4708 32.4767 -49.4010 78.5185 -11.6293 -38.1481 69.5235 -95.4317 -88.6674 -82.5112 35.3895 16.3457 -24.2598 -49.4911 65.5879 42.6116 44.0126 92.6250 -43.4898 10.1068 -91.4554 37.2566 26.4582 52.6561 -83.8489 10.0720 82.6971 -71.8803 -3.0454 11.0060 2.6091 -12.1033 81.0588 -67.2692 -47.6074 -84.2323 -94.0782 -11.2017 -38.0211 -19.1202 -41.1618 0.7076 79.4228 -67.5470 -11.9358 76.7323 -37.7883 -99.3174 15.6122 40.7421
88.2176 43.3647 -18.1598 13.9141 72.0256 59.8593 -19.5377 23.7128 -8.3284 57.8523 -82.6126 45.4554 -86.3640 -89.9486 -49.6178 -71.3202 -9.9328 -60.8488 -39.3594 -24.9236 80.8186 88.4814 -63.1311 -16.6481 38.8770 -55.5831 48.4372 93.4449 -73.5967 4.7528 -58.1367 -71.7607 -61.0211 -0.5495 -9.7900 19.5176 -90.2985 71.6916 -59.4026 85.3380 -13.9184 -42.9956 -58.7798 20.3946 -65.8208 53.5706 -88.7123 92.3665 57.4923 -50.4348 73.1041 -71.5195 -61.0616 88.5103 -24.1745 -93.7003 92.0012 -54.7402 -81.6904 -82.5285 -9.7747 -75.4200 93.0512 64.9963 65.4276 55.2594 -87.0008 46.6389 8.8857 40.5733 -83.1570 37.3958 9.3759 -16.6900 99.9302 0.5220 61.5013 -90.6496 -20.3957 67.3524 -87.4336 65.8793 16.5205 -93.8229 11.7828 -49.9565 25.9998 97.5430 81.8532 87.3180 -21.1642 -94.4582 -5.5249 79.2799 -36.4101 17.0379 32.8731 -67.9247 -36.0227 -54.2011 -28.2238 18.6501 -92.4920 -28.2705 -41.0252 -33.0651 53.7748 -16.8970 85.5099 -96.2514 46.2038 -39.7419 -78.1987 -91.8678 62.2114 -80.6750 -8.5940 75.4628 34.9687 -45.7986 -84.9871 -2.4322 -59.9148 -5.8141 -32.9742 98.5703 -20.3460 -1.2847
-11.2243 -38.7437 69.1347 29.6741 10.4997 -50.2857 -90.7466 -6.4605 -90.5651 8.4277 -74.0741 -40.2462 0.7630 -71.1249 -85.8144 9.2444 95.3266 3.7901 -62.2534 -36.6547 -99.1466 83.0435 70.9890 45.3380 87.0149 44.2771 34.1981 5.8898 -49.7837 -17.9038 -0.2461 9.3584 -15.8104 0.5472 -44.0061 62.4662 70.0417 -41.8171 2.3926 17.6080 -55.2262 -17.1982 -80.0985 92.3879 52.7848 -0.4421 58.4749 -87.7919 -37.0930 16.7677 -59.5327 -75.3795 -88.4773 -34.6090 17.1353 -20.2075 -74.4400 74.7816 94.4836 90.4701 52.8594 48.8694 39.3184 26.3702 30.3064 -24.9489 23.1731 -23.1498 -38.6164 -36.3600 -74.1141 39.7367 43.2941 -16.1191 -58.6031 -57.0164 86.9747 97.4692 -48.2562 -75.1304 -55.2529 96.0491 -12.4389 60.6483 27.4789 21.9384 90.7353 33.5071 -75.6017 -67.7087 37.4649 -11.8054 73.9749 -99.8094 -77.7548 -81.2112 33.5364 98.5488 18.8547 79.3808 -77.1527 -22.7216 -60.2751 -91.0636 -64.7084 -36.7023 -84.2904 -77.7192 -45.3250 71.6762 71.4691 -54.8872 2.1608 -32.4476 -79.7802 -0.6184 -63.4622 -70.2053 9.1746 -46.6313 -73.5846 71.7554 -60.0970 -19.5264 77.1867 44.8815 -55.6159 -78.8154
-28.0952 3.2975 47.9388 -84.9971 26.6848 58.1057 -55.6046 98.2684 -34.5746 -8.1676 99.7372 2.9994 70.6146 43.1428 -48.5394 41.9514 -32.0733 -58.7469 -25.0625 -96.5515 70.4772 -71.7810 -79.5178 -86.4506 -3.7995 -7.2676 -25.3416 32.0736 -64.3411 -51.2727 83.3353 -11.2532 90.8678 -35.3809 71.4721 -51.4891 17.8007 49.7552 76.8436 -71.6319 69.0122 -19.5252 -50.1954 -93.8026 46.2614 53.6932 92.7740 67.9743 -29.4523 -88.8415 -93.8163 13.9514 -4.1392 -12.2458 68.4972 -11.9468 88.2062 82.1879 69.9988 34.8709 46.0025 -90.0789 62.6602 -32.7194 -28.9113 8.3863 -90.5189 -64.0828 -95.8526 12.5542 77.8418 -14.6183 -4.7249 30.6634 -99.2123 -22.0432 18.1527 -3.2290 64.4825 60.9962 76.7188 29.1315 -94.9854 12.8194 -52.3658 -63.2471 -90.0672 58.3236 80.5162 -28.5729 23.4833 2.5437 92.6853 -65.8644 -31.1619 39.7813 -5.4269 97.1205 64.1934 95.0062 -23.9865 -94.4427 11.4113 -6.6253 52.1561 -32.2913 -48.4168 -22.4496 78.7134 31.8591 -59.2624 60.1884 67.8472 -64.8598 -93.6162 -30.9422 -42.7427 79.7582 -55.3765 14.2004 -68.8321 -65.6776 39.5461 96.1111 79.4903 -32.2938 68.9830 81.0619
72.6415 -27.3541 -28.6425 79.0472 -43.4637 40.1419 26.8052 -63.9330 -62.4943 -76.9361 -97.7046 -71.3364 -91.5967 26.5828 19.6245 -7.0193 8.6421 -46.6032 -72.2856 -0.0098 -85.7176 89.9206 80.4032 2.7942 52.3779 -41.6703 45.3018 -52.2884 70.5260 -82.4953 96.6825 -75.6567 -83.4101 -84.2327 91.3566 35.5904 72.6202 -93.3117 45.6854 -28.6580 13.3380 -50.3388 51.2941 -9.3035 38.7277 -9.2007 -25.2207 66.3851 -50.6791 -42.6860 -74.9666 -64.0669 -90.2219 62.0400 -44.3884 41.2760 -7.2771 -37.7682 -63.3805 -83.4036 6.4999 90.9494 3.4176 59.9512 51.6810 -41.2262 -7.2111 22.2559 30.3566 80.9134 -54.3433 -63.1026 81.8953 56.4033 -50.2756 64.1527 61.9675 95.0976 24.3011 12.7845 37.7312 79.5794 -37.7357 52.1878 -62.2021 -24.1542 -70.3668 25.8781 97.1708 -50.7988 66.1149 -9.8696 -21.6753 71.2677 81.3683 -37.4858 -22.8379 -40.9369 -81.0882 94.5360 -85.0365 -25.9414 80.8152 -48.1435 -80.4413 18.5574 -67.3167 -25.3583 -73.2551 26.2773 72.8337 -52.8528 15.9981 85.3235 -35.0047 47.9463 -8.2486 -69.9018 54.5058 27.0506 -26.6131 34.6200 68.7370 62.5087 74.5168 8.2024 -59.3745 27.7394
76.7689 -6.5254 -70.5437 20.5522 -79.3024 30.6996 -53.8340 9.6665 51.5810 -57.0369 -98.9288 48.0103 -42.7307 66.4059 -62.1640 1.1319 17.0640 61.0005 -26.4964 68.9829 -37.9724 34.8118 41.2600 -93.0823 -30.7302 93.7679 6.6476 68.1091 74.6716 -54.4078 -30.5944 89.8277 -30.4634 1.4852 24.4409 -15.5147 -74.7057 -69.0582 -33.0294 -63.8755 79.4399 -2.8038 14.6804 54.3028 -7.2316 -56.3801 72.3071 88.8868 -19.8188 -79.0079 -31.3596 -32.9364 48.9148 72.5255 79.1944 42.9663 -8.7782 -5.5485 18.1141 -87.2142 -24.3056 -34.4335 92.3818 38.6777 60.2602 75.1913 22.2610 -72.2064 -35.4481 71.7733 33.4897 77.1254 -43.9688 -5.3456 67.7071 1.1152 -33.2034 97.1822 -50.9440 -18.0146 88.6550 68.9964 -98.2193 54.5068 -6.6304 61.3385 41.2976 -59.5603 -78.5254 -98.1584 -26.8776 55.0173 73.2176 10.1316 85.9181 72.5606 -20.4868 -65.8959 -25.3648 -37.3687 -35.1009 -45.3965 -42.0083 -23.0872 -44.5510 -31.2889 -97.0702 30.9571 -7.3306 -34.8112 -59.4377 -44.4937 56.2951 -27.1364 53.2434 -86.1415 95.8415 -50.3944 -45.6648 78.9614 -26.8148 29.5209 -43.0838 -86.6103 0.9755 -29.0090 -80.1416 -14.4848
-67.2638 19.5536 19.0955 -17.6132 -59.6907 79.5880 -64.8511 37.7683 33.5781 15.2186 62.3236 55.6677 -85.6204 64.9108 84.0473 49.8748 -51.8024 15.3985 -16.4054 56.8722 -14.3974 -26.3311 16.7909 23.3257 -4.4856 -59.8784 68.6270 -95.6105 16.4588 -72.3622 86.8020 34.4441 65.0289 -31.5579 1.1621 82.4464 76.1294 -22.4881 -39.2717 -73.4037 61.5914 97.4560 53.2469 -74.1377 77.7716 20.0961 -7.8597 -54.9174 44.0240 -57.4877 46.3601 -42.9867 -82.0803 15.6523 -3.3190 -47.3312 9.3743 74.1390 -88.1498 97.2123 -99.4694 -94.9454 71.3298 -49.1973 28.2307 -33.7100 98.2096 -28.8572 64.0135 -85.3900 33.2745 -50.4691 -61.3952 -42.3148 -43.0826 -18.8473 -53.6749 9.5485 90.6205 91.2217 -77.9038 38.7783 -34.1144 16.6561 98.4352 94.5429 80.5995 82.7326 90.5446 -94.1354 -59.8624 -76.1929 -58.3759 25.4209 -84.0351 34.4845 -54.3088 -12.2744 77.1770 -52.9180 85.2630 38.0211 -80.9362 51.3812 -96.9940 -93.8816 -17.5636 -11.2078 53.2401 13.8021 86.1568 80.1186 -34.3030 -88.5122 22.4284 40.0007 54.0571 14.1762 -15.6314 92.4446 -67.1590 -89.8781 40.5594 11.6240 -11.2210 36.3391 -14.2021 -19.1822
-50.6840 -80.9349 -86.7363 17.6434 49.6494 84.1131 99.6585 95.0516 -56.1840 70.1816 52.5616 63.3268 -53.4253 13.2651 63.1272 56.1736 -56.4600 -63.9200 51.5641 -95.0866 33.2858 -90.7187 62.5816 -34.3826 -41.7768 -86.7619 -39.4725 -88.4861 -0.4354 -14.0116 -85.7700 86.1075 -94.2906 -98.8203 -36.1849 -64.8403 8.4441 91.0616 -0.8829 -69.6741 58.5769 -10.1599 10.8212 -90.4865 -84.4401 -26.4540 77.3012 -86.9839 95.1999 48.5599 29.1506 36.7262 -17.2860 -97.4694 6.2981 -54.8494 -47.1237 -54.2064 -29.6434 -39.6424 -19.1244 -8.7682 -74.3922 -16.6742 -87.3381 -3.2903 -78.5109 90.2900 -84.1206 -51.3812 -96.1138 28.2935 -92.6613 79.1915 33.0593 -82.2537 40.0121 -80.6883 -86.0054 96.8469 8.5723 15.7609 -8.4420 -12.4206 -65.5416 -41.0067 -34.6916 90.4628 -27.3718 -74.5813 75.6576 14.6172 96.1605 15.4759 -55.4683 -4.6506 62.3920 68.5369 -36.5300 -0.7191 -6.8193 -17.4254 8.7848 83.6741 79.3742 16.9439 -59.6431 62.7789 -84.1781 -6.5387 -24.4846 -44.8765 -58.5963 -18.0416 -81.6335 -40.6152 -32.5570 -93.3707 -32.5944 -70.7530 77.9452 29.9153 -15.7413 74.8098 39.0982 48.6659 -25.8011 66.3580
-55.7458 -37.7219 -30.7876 12.9486 -56.1022 -32.2485 -46.1288 -36.3081 98.8918 -68.5649 89.4435 95.3176 95.9394 -6.6764 -34.5553 26.4194 -28.6591 -49.9148 58.2194 71.9703 -99.7113 22.0737 13.6417 -63.5215 -39.2551 -83.5517 91.8345 -42.1585 -88.5570 40.3572 -32.6628 -49.8642 98.3557 -58.9150 -23.8862 -43.3565 -29.7206 -46.8514 71.0424 -88.2367 -29.3413 -22.0365 89.8531 -2.8150 54.1451 -10.5220 69.0043 15.4158 72.0478 -54.6393 50.2567 61.5388 -89.1877 -23.1159 -92.8948 -9.9678 79.9223 -40.2672 46.7559 -44.9927 58.1504 3.1253 35.8001 44.5558 63.2372 33.8732 12.5936 41.2957 -80.8154 -89.1086 61.4692 58.4872 98.8057 57.4585 10.0262 23.3275 85.0241 36.2666 -92.6406 65.9097 46.7101 -69.9508 76.3584 80.4182 50.7148 -46.0651 -62.6243 2.3227 95.3841 -79.6011 26.4903 9.9329 96.1072 13.5643 9.0219 -35.7160 16.0283 -95.9771 -57.4323 4.2288 95.3670 76.4093 -88.4536 77.2769 94.0982 49.2212 -60.7397 -6.1354 -84.6609 -38.6103 15.8185 -58.5652 63.6643 14.6571 -54.5692 -28.4026 -9.0719 -6.9798 -96.8917 58.6127 60.7567 -15.1999 -80.8821 -78.5777 -50.7210 28.7520 -18.9694 -19.3286
-99.1854 -93.2030 -54.1675 -63.9090 -73.6577 62.2442 -22.8921 65.8085 -47.6334 34.8664 -33.8749 10.9957 74.7506 56.5607 -59.4143 -5.5958 68.0446 -60.6315 -16.4947 33.0797 64.9383 48.6301 -31.3713 66.3480 -17.9188 -57.8445 73.4169 -4.7407 -99.2266 -14.8343 -57.3441 29.3853 22.7411 35.4659 -4.4302 89.8162 60.5620 65.0309 -31.8143 16.3437 72.0323 10.3113 3.3147 38.9210 30.1090 59.3305 -51.6199 -44.2576 36.7028 -48.9637 43.5596 58.0429 43.7893 57.2042 -59.0532 77.1412 25.7495 -26.1196 -44.0101 25.6939 50.8423 47.5754 57.5488 -88.1383 -73.9601 8.1107 -57.7629 -81.7572 -4.6934 58.7644 55.7480 79.8810 -42.2826 -27.2886 80.1552 -53.5455 62.3436 -88.1362 -51.2302 81.3705 -58.5631 -28.0740 54.1765 34.1807 -7.0336 15.5779 57.7378 5.8491 -0.1329 -52.3421 -20.3016 79.0557 -60.4900 -87.1057 -85.2278 -28.2269 -97.6423 79.7178 -61.9834 -64.5783 38.7291 -17.3260 -67.4017 75.0071 -18.8293 18.1208 -68.0041 14.5650 -63.4846 45.0768 -34.2561 -91.1584 -58.2942 -76.2675 -4.5789 -1.1223 18.2104 48.0192 -98.2285 85.6703 -29.4368 56.5705 41.7570 -85.2048 -47.3557 -21.2046 -97.4825 49.9274
-21.4390 -99.9393 35.3288 -83.0275 -3.2616 -66.6614 19.0587 75.5351 67.3545 89.2401 45.1425 -73.0034 -58.3222 65.1633 -93.2995 -93.5736 58.5464 -22.6532 13.2191 -1.3528 47.5511 -38.3641 -53.6425 -88.8220 -74.7185 -11.2145 -38.6554 -95.8084 25.1604 19.8166 23.4435 27.7385 75.8132 -55.2977 86.1492 -63.9681 -65.8526 -21.5413 -22.6517 6.5153 -83.7902 -53.9759 -86.9819 52.4364 30.9505 76.2246 35.7638 79.6164 -47.8298 -77.8082 68.2673 -78.3063 -7.2329 99.9847 -14.2536 -29.9847 -87.6519 -87.0717 54.0674 -99.1762 39.3289 -58.1198 -19.4488 20.1759 -11.7599 41.1790 -63.7743 5.2406 38.8864 -57.3735 -50.9437 -81.6070 5.2034 -33.8336 -71.0506 -11.4088 35.1698 51.4306 -56.6552 -12.0196 38.0825 37.9676 -99.8929 -34.0066 -63.9711 60.8544 -3.3662 27.1609 -60.8777 34.7103 -68.3752 50.7963 38.3703 59.2154 -57.8251 -48.5279 56.1876 15.4804 55.4827 -50.8357 -13.5742 -54.4575 32.3463 10.8532 95.0049 0.3807 -6.9603 5.0140 79.0774 94.6130 26.2548 -73.8171 79.9622 -83.3294 74.9458 -89.9878 56.9426 78.5434 -27.3312 -85.4157 -74.1925 -65.9704 12.6159 -50.9796 10.8424 81.3728 -41.5203 38.2905
-95.9345 4.6360 -65.5109 87.7467 -9.1281 73.3946 -85.8532 -50.5279 81.7981 -35.7941 75.9266 -68.2804 68.5107 -14.9778 50.3948 24.7651 -12.8065 89.8071 -80.1843 -53.8629 -82.7003 -96.1460 -20.9622 59.1292 -66.9509 18.6858 50.7136 -54.5068 -38.6778 -58.3199 59.4794 88.3989 -5.6002 -45.2701 -42.8669 1.4577 -2.6010 -4.0317 -90.2057 86.8099 32.7923 0.1788 -74.4829 11.4313 -33.0886 -77.2964 41.7026 -62.1947 -15.8868 -55.5055 -5.8204 27.5683 -87.4721 44.7800 17.6812 38.6078 71.8753 32.2660 4.7912 21.4116 44.2706 -97.6588 -16.9312 6.2068 -26.8110 60.8022 79.4335 21.0256 -71.6846 -69.6389 77.7167 4.6233 -11.7693 54.7819 80.9681 92.2459 65.9485 -60.3458 -23.2438 13.0642 35.0967 52.9962 76.1663 18.1402 -95.5573 19.2430 72.8254 68.2806 -13.1076 -4.0680 28.6313 -60.9084 91.0750 52.4607 -13.6182 -49.5701 -42.0695 -43.4205 -54.5936 64.5785 -39.7410 -9.9799 96.3637 12.6543 68.7095 40.1687 12.2876 34.1774 -7.4099 -16.5424 -81.6529 49.5015 96.4726 59.5620 28.6209 -72.3723 -41.4985 15.8918 -66.3175 -41.7892 -31.5869 -14.1779 84.8979 62.6202 63.6182 16.7829 68.7494 46.9622
-43.5353 77.9880 88.9932 -57.9200 87.0985 35.0928 -2.3635 39.8762 -1.8939 63.3093 -38.1320 -10.8014 -83.6896 -71.6655 50.0454 -91.0092 -82.4539 -86.8481 -3.6948 72.4383 -85.4468 27.7274 63.5123 89.7380 -43.5505 45.8117 -83.3725 -4.5621 -77.6554 -61.4167 -19.2058 78.5264 -78.0410 -42.5831 84.1970 -3.9436 -32.8265 32.8984 63.5164 -75.0058 -7.0489 65.2204 40.5513 91.4743 61.2958 -72.2016 16.0848 52.7181 -60.8985 70.2534 -27.7743 -31.1268 26.2703 93.2951 -42.0068 -42.5102 -89.0749 -19.3823 88.5775 -56.4323 10.5879 1.4071 -34.2279 -20.5247 17.0601 33.0855 -16.2818 -23.2873 -15.0207 85.5189 -54.6987 64.5397 -24.7664 -24.5696 56.5911 -72.0966 -45.3151 62.0081 -64.3523 40.2967 13.8702 -7.2572 -2.6214 61.1177 41.4449 40.0903 -23.8547 -9.3375 -91.2362 42.2989 -78.9158 97.6535 81.1004 52.4181 20.2932 8.6551 -23.7859 -29.3383 17.2893 43.0189 -51.1819 41.4715 -7.0179 -64.3772 25.3892 49.8988 -87.9204 97.7559 11.3590 -48.3052 -19.6275 -80.7015 -68.6827 -99.4742 51.9648 66.5815 46.0422 86.3233 -22.3022 16.2089 -29.6609 92.3534 88.1058 -45.9493 49.4222 19.9017 95.6417 -51.2912
3.2185 -20.4366 -98.8016 -30.1963 4.1268 -34.8661 -15.9345 -52.5115 39.1990 37.9938 -72.5150 -29.8293 -65.2596 -44.3277 -19.4795 69.7395 63.0290 -45.9434 -94.6194 -27.2335 15.9330 -59.1046 -35.2490 -72.5099 -15.2079 48.7443 11.2524 -3.2746 1.1106 -28.4337 83.3151 -8.0214 71.4813 -0.7931 -78.6797 -52.0396 60.6487 -2.2913 -53.5472 3.0706 -27.4401 36.2170 -16.4476 -41.0544 -94.8492 52.1400 25.7217 34.2578 37.7461 77.2284 -30.8971 -29.8444 -95.0246 -38.2392 10.1048 -50.4731 -51.8478 9.6396 53.3273 -93.7711 90.9302 -26.4756 89.2689 22.1369 -83.1479 -90.0907 -8.2237 -77.2118 -90.2856 -18.3479 -4.7000 29.0482 10.0767 -70.3176 -17.9511 -89.6489 66.8040 -32.5851 65.9404 -52.1875 86.4237 -65.1519 -41.3097 -26.4407 -95.8434 -52.2584 -43.0150 29.2371 29.3414 25.3702 87.8054 18.6179 -71.2763 27.7033 50.9704 16.1333 -29.3581 16.6440 -84.3599 -88.8999 -69.2046 -36.1852 -93.5188 -89.7783 -51.6921 -92.4126 -51.1051 -10.4857 -57.2423 80.0448 -38.4344 17.4058 -45.8873 15.7902 48.7995 49.6766 77.7175 -57.0175 91.7017 -79.1105 -16.0512 -50.4288 -8.6213 -19.6577 -0.9741 -92.1699 -52.2474 91.9120
65.7075 24.2571 -76.1619 55.6758 -25.7812 -74.1224 -43.5652 -47.4170 -92.1688 62.6077 58.1308 19.1493 -66.8297 -30.4651 9.3574 -79.2201 -27.4759 -53.7259 10.3250 7.3229 86.2592 58.7657 -5.2368 -20.1883 7.0087 -63.2150 -38.4731 -27.6871 91.7546 27.2334 -30.8961 -84.1501 95.6809 -31.6246 -20.9292 12.2823 29.1149 79.5013 -23.6899 -80.6901 -23.1983 -85.5111 -65.2491 60.4478 83.7039 17.4542 44.0718 42.6772 17.7214 6.9950 -28.0251 -31.2798 66.7610 -40.6152 -32.6175 -63.4158 81.2073 95.6671 -68.5263 93.0168 -19.9001 -69.0750 -82.6485 -78.9604 -17.9541 66.7041 -36.4367 -85.1836 -67.5789 -25.0127 -74.5370 89.5168 -85.2475 63.1410 -9.2787 38.4932 49.8978 -70.9655 -40.7771 -95.7408 -46.4897 57.3268 63.1682 -23.2797 63.4629 37.3196 -96.8747 -61.2033 47.6276 -34.6663 -58.6159 50.0367 62.9216 64.0005 97.0267 57.9734 11.8129 72.5211 -18.9501 99.9280 -52.5690 -36.5997 92.1455 70.1671 -35.4970 -15.3110 -86.8383 -75.4193 -20.7249 64.0045 -58.2442 62.4037 31.1558 98.2297 53.6700 26.2589 9.9385 -66.9414 -61.0050 -19.9961 -36.1891 -24.0705 -10.7736 53.7123 -2.2176 33.3987 -1.4180 6.5177
95.6410 -16.8909 66.0198 27.5187 -96.4666 35.1533 59.8021 37.1893 35.9376 -47.8442 45.8673 -28.6185 -85.9928 51.9569 -73.6676 -36.8011 48.5931 34.9691 -76.2372 -10.5000 -93.6674 -60.3846 60.9849 -27.0076 32.9757 -52.7078 18.8618 65.8297 -50.5544 -78.9858 42.6767 69.7252 75.0007 -34.7300 20.7609 -91.8344 22.2172 18.6910 -12.3184 46.5121 98.0497 -65.2501 93.8337 -37.1885 -35.7062 -74.5710 -3.4559 -68.4500 6.5784 -6.9780 28.2364 27.7019 63.9491 -97.4630 17.4800 -69.0511 -35.4136 37.6944 67.7417 77.6118 42.6673 8.5343 32.8635 34.5733 43.8456 91.0019 -10.1539 65.8431 -65.8570 29.6681 95.2527 53.4701 -46.2253 -67.6117 94.9134 -98.2792 88.7007 -40.4815 -57.9167 -40.0293 29.5499 21.3328 51.4269 97.4617 -32.3852 -16.2617 -77.0746 19.3296 -74.4679 -78.8608 -85.5251 -58.6135 72.5905 -70.4743 37.0640 -97.9100 19.2821 -67.6017 69.9191 -79.9726 -88.8149 -74.3621 -26.5920 -2.7568 -36.2063 -90.9511 -15.6188 -60.8517 36.0575 56.6838 87.4728 46.9640 -90.1896 52.3098 1.2494 -87.8692 -92.9040 62.7234 -18.6464 -2.9620 -46.5719 20.9861 90.3279 -90.2778 -79.8745 -6.0245 26.0721 -47.3628
-37.7119 10.6318 66.6591 -68.5046 83.1688 38.1069 -97.6447 -99.1666 91.2294 -90.9427 40.8710 52.9429 85.4642 22.2650 -91.4060 59.7356 -22.2149 -70.0355 -93.6647 -36.6305 -35.7475 -73.5361 30.8965 14.6583 38.6275 78.4259 87.4825 -86.3554 67.7089 -12.8333 -34.6998 -71.6113 53.4235 46.1715 -10.0427 -96.3963 -73.2846 79.7529 0.4120 -10.1249 -41.9442 -29.0900 -45.0641 38.6476 96.5996 -85.2356 -47.2460 92.2065 69.8734 35.5445 16.5824 -64.5968 62.0786 40.4494 -67.8595 -77.5553 10.3725 2.7027 -13.3532 7.7087 88.4676 -38.3895 97.3442 69.2868 -39.2991 38.5686 23.8980 27.8662 -76.0852 0.9737 84.6905 2.1994 -6.9804 54.9058 -12.6625 19.3334 12.1439 20.9537 97.4421 -1.5184 92.4810 85.0519 97.0756 5.3102 28.4768 -14.0018 18.8818 45.5622 32.7477 -11.4215 -85.7797 80.3484 -5.8714 93.4532 -93.4418 -16.4190 71.9943 -15.0549 51.1563 -65.8884 19.0827 11.0752 25.4736 -93.0779 -98.2851 47.8187 87.1869 93.2160 49.5791 89.4742 20.4486 -21.1605 65.8849 -54.4220 -33.9051 36.6636 -49.2706 19.5069 72.1889 30.5463 -58.7044 28.3787 -1.0222 22.7066 -19.0948 36.6293 -30.9899 9.3189
-17.3413 30.9084 14.3920 -88.7996 31.6625 -89.9471 -27.4995 27.3925 -21.7120 -27.7963 70.4615 12.9838 -52.6218 -36.1489 -80.1469 -3.3616 -56.9158 39.1558 82.2198 -99.5195 16.6382 86.1231 -68.5206 -66.2438 52.9876 -71.9321 59.2739 87.5397 75.6166 10.2012 -22.2104 -50.0308 15.1030 51.3874 -79.5713 51.2286 -60.3206 55.8959 71.8487 73.6241 -39.0666 3.2483 -39.9598 -35.2555 35.6158 -73.3222 -48.6097 -21.9481 2.4901 -75.2358 67.6875 50.3028 -32.2155 -61.7157 6.9575 45.8039 -76.0212 0.3349 -99.8298 -22.0272 -93.7026 -44.9382 40.3617 -89.2255 20.0431 85.3731 -73.5264 -0.6223 35.8773 -70.9445 -73.1361 -33.8605 -15.5440 11.3901 78.7828 -59.5770 -82.1787 -9.5063 -76.2291 69.1161 -84.4871 -97.7504 -38.4701 -44.6968 95.7921 92.6917 40.7440 -37.9430 41.4735 14.7432 10.8700 78.8450 -26.6964 -55.6937 -40.4534 22.0552 25.0644 -89.2204 -62.3803 -65.4105 -94.0446 29.6107 -95.9488 -20.5802 -62.8712 96.3105 -66.8859 -44.9322 34.6254 33.6590 62.1451 10.5922 39.3221 91.5774 -64.7482 33.5230 58.4166 30.2579 68.0993 -73.7258 -51.0014 43.7056 46.8561 29.2298 73.7912 -29.9371 -90.4980 83.5857
-35.8106 -21.8106 55.7420 -13.4991 -2.1005 -86.5788 30.5812 54.6076 4.6192 -24.3049 99.3593 13.2744 37.0210 -48.8144 -18.8428 -92.6296 38.1350 55.1829 -43.7351 92.8764 -90.7829 -1.9006 -83.0578 72.6493 -70.3340 2.2855 -86.1832 -36.7452 16.9655 -94.8009 11.8348 -47.3423 18.9573 -68.5769 -58.1454 -55.7010 34.1103 -16.6251 -27.0036 79.6667 -32.7315 -6.8715 83.1165 55.9931 50.8019 -39.6678 49.2007 9.2914 67.0146 -46.8143 -91.1020 -5.5816 19.0832 6.7986 48.3589 -51.6556 35.5897 -18.3001 -99.9786 83.8947 35.3048 -87.6917 -87.0965 74.9196 -41.1528 -2.8311 10.1342 -29.6581 -17.9613 -71.5821 -23.7855 6.5176 -55.7116 29.5410 8.8498 -51.8792 5.2386 97.6197 28.2942 97.0699 -46.1663 10.3995 45.6603 -71.5559 11.5025 20.4121 84.2167 -60.3679 -39.0902 12.2952 30.6991 -75.6095 80.7621 40.8228 17.6213 71.0796 -69.8432 27.3306 -33.9496 34.5443 21.1787 28.3738 -86.1155 47.3350 89.6052 55.7645 -56.7423 -24.4794 55.7613 -52.2071 -57.1889 9.2049 -50.4834 -98.7443 33.4851 23.1308 67.8136 -56.5397 -71.4992 -98.6092 60.7362 83.0509 -22.4142 -68.9283 82.0128 15.1587 -1.9938 -39.6772
-49.9959 -66.2016 -66.7426 87.5401 91.1463 -66.8193 -37.2955 -9.4320 -20.6087 -91.0406 -33.0807 86.1604 56.0159 28.0501 52.2352 44.1854 20.7893 13.3761 -91.9320 19.6739 6.3598 -8.3338 -48.2375 -75.5385 22.6361 -85.1237 33.7270 98.6653 -77.0901 32.3995 -11.2569 95.4203 -38.3708 -53.4289 64.6353 66.0695 -56.7468 -62.1935 27.9903 66.5271 -87.5215 -28.7765 47.4817 -31.3703 56.5861 -51.9508 91.2635 -63.2626 -77.9838 67.0805 -22.6349 -57.5785 -25.0227 -93.8333 -84.2950 -29.7359 -58.2928 -16.1940 -80.5066 -21.0767 -69.2081 -27.9905 -49.1845 -63.4276 -42.9749 7.3928 78.9701 -96.8808 71.2413 16.2462 51.9922 -41.3114 95.6786 -63.4414 85.8917 50.6723 -39.7373 45.7704 98.7535 -0.6208 93.5626 83.5790 -6.0772 82.5848 -40.0238 -36.5323 -83.3101 36.8583 -18.0103 14.6634 16.2524 4.5884 3.1799 -44.2418 1.9036 -45.6533 -69.1038 -22.7838 -18.1593 89.9468 58.2903 -81.4289 -17.9215 -13.7526 75.5671 -96.8909 11.4037 78.1929 72.1135 3.9528 -51.8457 94.6226 -30.2281 86.6718 92.3886 -52.2167 -86.3613 -55.2474 -8.9044 18.1824 -86.7982 -58.1313 -19.5999 29.6757 93.6551 -31.7564 63.3535 -17.9786
88.3603 -98.6531 32.6206 62.6561 74.3425 54.8725 -65.6252 -62.5124 26.0577 40.6013 -82.2653 22.6104 -4.8623 1.9881 92.1371 17.3409 39.2864 -11.2114 -78.7985 53.2427 11.6493 85.6428 13.1352 -51.9023 -68.7568 -41.7225 45.2544 -2.6333 14.4352 -75.4465 67.2197 53.6570 30.5932 -22.4683 48.5172 -36.7120 93.9864 -32.2903 -68.5785 -58.5326 -18.1867 1.1067 -83.5071 -20.7200 72.9073 94.6771 -81.5671 81.1647 69.4536 43.9976 -17.3872 -65.6005 78.3646 -73.0597 46.7403 10.5068 -65.2611 70.1827 -17.2781 -47.4664 30.9971 -85.8796 -79.2370 -38.6415 84.7490 47.8226 -77.1448 -90.2938 -32.3995 -88.6195 92.6204 32.4503 -96.7979 7.7747 -59.0037 25.4442 41.9465 59.4332 -20.7536 72.1916 -33.5782 39.7877 -64.7429 -40.9148 -70.4798 -34.0451 45.2477 -51.6801 56.1009 -7.3947 27.9092 49.6554 -16.1898 -85.4512 31.8740 -25.4121 96.2565 99.2816 39.2905 -85.2421 -92.4741 -71.3969 6.0110 46.2413 81.9189 41.2966 -81.4174 -46.2333 -24.8400 46.6237 23.0486 -53.5980 77.4661 83.6138 -78.0438 57.1368 37.3823 65.6285 -13.4625 -55.0064 38.9304 -39.7965 -76.6155 52.5241 76.7707 -34.1161 81.2163 70.2586
50.4572 96.7012 -25.3774 51.2430 23.6417 27.7715 -80.6487 -42.3104 57.7214 54.7053 -69.2301 40.8643 19.5941 -75.4607 94.9095 -12.4247 -71.7314 -16.8119 -18.8556 1.4784 26.7753 -92.9745 85.2906 27.8468 -61.5186 -99.1524 56.6498 -80.2310 -63.7490 -34.6611 42.6283 68.2680 -1.6873 16.8250 -83.2422 -83.1710 -30.3435 94.7222 -77.7240 -93.4752 -15.1671 25.5854 -26.1201 -12.9523 -68.7684 -86.6540 76.6386 84.2780 75.7724 -12.7560 -24.9069 -61.0133 -16.9249 88.7665 -31.8007 30.6696 45.0351 -98.4999 -83.2402 39.5814 -64.2928 -23.1710 48.0194 -70.4917 -47.4213 -0.3821 59.1245 27.4250 61.6887 -2.9164 39.3072 -77.6143 89.2307 5.6471 3.3463 -52.0859 22.7403 -99.2012 6.1749 -35.8442 27.6860 64.8048 -4.1588 -31.5611 36.7162 -7.5277 83.1106 93.9840 55.4159 15.6520 75.0914 81.4858 -91.2277 93.9241 -75.7972 -67.5282 -21.0531 40.7784 29.6578 -76.4640 -6.0492 16.1968 -26.3708 -11.0198 77.1878 -66.3721 -94.4922 58.4618 8.8853 5.5363 92.2084 36.5134 93.9642 -19.4260 -8.0330 72.8527 2.3521 -47.2833 26.9171 -31.0835 -87.6293 34.2026 36.0899 -62.5209 -37.8289 54.8759 -74.8038 -6.8124
-83.2626 42.5589 49.6797 48.7114 -82.9773 61.0615 -75.7767 28.0229 -64.0608 30.6096 -53.6612 -56.3824 67.9827 -5.8725 -72.1471 -81.9061 68.6042 -40.4876 7.3852 36.6793 -35.3149 -29.6338 15.3129 44.0098 -24.9127 -51.5680 49.1788 -82.0676 -5.9220 -94.7701 -84.1623 25.4916 -64.7201 6.7904 -71.5035 21.2432 -43.4249 21.4125 60.6314 21.0814 30.1068 58.5591 54.2185 4.4635 -73.6921 -64.8641 20.9042 -58.8095 85.6515 88.6655 -76.0955 -16.4574 54.2603 59.1692 87.1441 -42.6565 -15.5714 79.4181 16.3795 14.2769 -1.2664 95.0472 -21.0217 44.6734 -39.9924 29.0930 16.4299 67.6423 -26.2568 30.1620 -28.2603 73.7256 98.3635 -73.6718 -64.1136 -39.2788 68.8981 -21.2746 8.1328 10.4287 93.3454 44.4009 57.8900 -24.5853 68.6889 97.5399 78.6236 37.3359 -36.6630 -68.3899 -72.2321 80.9896 54.9942 84.1049 57.9382 -54.9688 30.0270 -38.9968 68.6537 -86.7252 32.2135 -86.0444 -39.7863 58.6672 27.0216 95.9572 92.7371 46.9012 -28.8178 38.7893 21.4193 89.8727 -85.5192 23.8262 3.9419 -72.4884 51.0842 75.0271 90.8685 -97.0605 -97.7643 8.1003 -25.0401 -17.4366 -62.7815 -10.6372 59.7728 -21.8529
-0.5919 -76.2690 89.1194 -81.3361 -39.0585 -75.7726 25.5053 -97.0238 -87.1856 57.2328 92.3084 54.6019 8.4164 -5.0854 -72.8525 27.6077 -85.2223 -64.9727 -41.4149 -5.1203 -21.4370 87.2502 98.9361 62.5446 -70.3067 3.0824 96.3814 45.3170 -98.5989 98.2304 -65.2763 53.5383 -69.4476 21.2781 -75.6682 -32.5853 -82.7517 -72.7414 -99.9652 68.2355 -9.9226 98.2573 -66.4172 97.3459 72.1754 16.3346 -48.1091 -73.4041 96.5849 -43.6909 92.4740 -13.6869 88.4172 -90.1846 -91.6771 9.0138 14.5730 -43.8684 96.2529 57.6676 72.4773 -16.6397 80.3189 -15.2482 24.5619 67.8669 -70.8263 86.5790 71.9237 -73.5254 55.6671 -30.2697 -98.6464 24.6404 34.1766 57.1568 49.8739 -77.0542 14.8783 -34.0286 47.0521 -86.2117 49.2270 52.9291 72.1061 43.0503 82.3954 -14.8350 -3.3964 -50.0330 90.2934 30.6098 0.2080 -46.9136 51.0120 21.2041 4.5440 73.6502 60.0334 63.7120 17.9115 7.9158 -44.5082 -53.4380 34.2407 -45.2915 -97.9039 21.9402 99.6047 -19.7595 39.0611 -80.7949 -68.9892 73.1599 64.3544 -86.1031 21.9484 -45.9807 -98.7770 -33.4977 -30.6117 -5.2640 -37.2357 58.6400 16.1837 -41.8334 -61.8068 -81.8652
90.2077 94.2120 52.2682 41.4829 70.4127 -56.7778 -1.7940 -13.4420 -87.0371 -79.4434 -67.1419 -85.2109 24.7271 -37.9525 96.2633 60.9239 23.4617 76.0486 33.2492 94.1989 43.1777 85.7616 86.2719 82.8361 0.2411 -83.7506 56.0098 32.8640 11.2779 -39.4902 44.9434 -56.6573 39.0553 -8.6675 -33.0967 88.4346 90.0361 -61.8086 -48.1533 -27.4627 83.1012 -74.7642 50.2754 -73.2399 -39.6328 -82.8526 -65.3813 -72.1213 -67.1075 28.8095 -49.8942 -74.9395 87.5242 -38.1069 -59.0555 -91.7903 -98.4583 -89.8047 -67.6482 -28.2945 -98.0615 49.8138 69.3696 -36.7505 75.0101 62.3955 18.5683 -95.0177 -59.6540 -91.7422 -44.8954 83.2190 -60.4596 92.3157 -76.0193 56.9453 -91.4116 -8.7148 -5.9312 -34.4735 18.9460 93.3014 60.1594 90.3453 -92.5172 -97.3791 80.2223 -33.6309 -47.4400 -51.9996 -1.8497 23.3761 33.5526 49.5139 38.4888 -86.0657 -16.1682 98.7830 -40.1905 49.7016 0.0220 45.9798 -68.9020 34.5897 -27.4631 -13.6374 74.7117 -2.0052 53.9996 -73.3093 -25.4778 13.6148 61.7046 63.0251 -8.1068 44.2086 18.6820 -21.3881 91.4900 -3.2938 71.3773 -80.6283 71.4566 -50.5520 12.8772 91.8728 14.6110 83.0341
94.7303 11.5775 -26.1865 -66.9762 51.2273 -14.3119 34.6777 59.3571 -58.1959 77.2262 23.8156 28.0288 -38.9169 7.2989 -4.2057 -27.4873 -2.4967 -91.1024 30.9734 -88.2918 -70.3838 98.1067 25.6645 -0.4829 8.2897 85.1017 -47.7355 17.2259 -19.4837 47.8241 -80.7590 -60.6833 14.4233 -99.8461 -80.2279 -58.0521 81.3422 -81.4429 -22.8493 86.5897 74.9788 -4.7671 -90.9111 -15.3455 7.2344 -58.2017 -14.4356 25.2604 52.1029 74.2089 76.7221 63.5150 -75.9828 -11.3268 -47.6265 61.2791 -90.7014 41.6928 -90.0718 77.5442 -33.7709 63.0289 28.4624 -70.6908 67.0131 46.7784 3.9639 -21.8273 -52.4039 -73.3647 37.6890 -66.9416 32.5118 -60.4751 95.3286 -7.5351 -5.0088 72.3752 65.6707 -48.4853 3.1683 19.2120 -58.9375 87.7650 -0.3919 -59.4818 -21.6927 45.9230 -33.4173 90.0165 47.8737 94.5618 91.9121 -85.9446 -58.9673 -44.2089 68.5442 -39.6733 68.6421 -88.0907 0.1236 64.3512 -18.8216 -76.4785 66.9814 50.6985 -38.4671 97.0697 -87.9882 3.5497 59.4618 59.5146 95.6956 -23.0258 -98.6276 56.4607 97.6513 84.1119 65.3357 90.9635 -88.4711 87.4974 -80.4138 -13.0885 24.5979 52.1926 10.7697 -75.1229
-95.9197 -5.5124 7.3292 -60.2434 -30.1956 69.0587 -0.8223 -98.2228 -28.3364 -93.2263 -11.7793 74.5435 63.4230 79.2162 66.4352 -56.9193 -20.9091 2.7175 -58.7655 12.5420 87.9592 -99.3777 8.6310 -52.7043 -8.3143 48.4189 -39.1995 28.5551 7.9289 19.4940 32.3809 -58.7663 -79.0145 46.1814 62.1085 36.7418 -16.8611 -82.0962 7.1657 -85.6892 -51.1227 18.2781 2.6725 71.1437 -41.4668 -98.7416 89.1024 1.1050 26.9000 11.4638 12.2848 -91.5784 -36.0497 -42.0182 6.1534 82.5502 85.1928 -89.3627 -97.1671 53.3383 -16.7353 25.2521 98.2789 -43.4190 65.0053 -96.8952 71.6241 -35.7291 -94.6660 -55.3957 -27.6360 55.9992 -49.9001 57.2300 96.2488 1.8975 -90.8416 16.9806 -60.1311 84.7652 54.7487 9.9305 86.7783 75.2820 27.9535 -52.6102 65.6183 -42.7270 -47.0342 31.5562 -47.8809 20.8550 15.9076 -6.8475 -58.3567 -76.5987 -18.3936 33.4657 -99.5433 97.2094 -48.1390 53.4669 -42.3438 58.6160 -53.8301 -9.4333 -16.8462 -68.4865 61.4452 14.1210 64.8186 59.3772 -4.4893 -49.7431 -42.1635 16.6965 -84.3073 8.2733 43.7792 -28.1226 -24.9386 -78.5292 -77.5608 39.2895 73.7265 50.9362 6.6316 16.3298
-69.0983 -30.8186 -15.1845 -19.0870 74.5551 26.0642 -79.1149 -43.7785 -31.2674 92.5749 -15.6516 -60.5930 -92.2454 -71.2248 -58.2105 92.9807 85.7127 65.8598 76.7394 13.1764 -90.6320 -42.7283 -45.8929 -82.7342 -2.7784 -30.3049 -17.4692 66.8219 94.4145 -77.7728 34.5190 -55.9395 62.0182 0.2251 -17.0774 20.6918 65.9894 -66.8287 -3.8115 19.7016 11.3893 39.0167 78.7329 8.1388 6.5399 69.0131 -38.9830 -7.4792 -20.8007 -49.7721 -16.0908 79.5172 26.3578 7.5852 89.2267 65.4992 62.6428 61.9805 -18.5229 -34.4095 -91.6479 -28.1064 48.0852 76.5259 2.6530 56.0812 -24.6361 -52.5266 -6.7720 -80.0033 -41.5568 72.0282 40.7582 -81.4700 72.3139 -99.7324 -5.9115 64.5269 -17.2514 58.5668 75.4007 -88.4137 96.5042 53.3773 -70.1162 -26.4058 36.2552 -98.1706 50.0009 50.4711 -54.4740 71.5237 86.6576 -34.5599 -50.0871 34.4708 63.2139 75.0648 22.5812 -21.4994 -75.1944 -54.4063 97.1630 71.8682 1.8307 6.9964 -28.1094 -58.6959 25.8994 -95.1694 -68.9321 64.1303 68.8470 8.5290 11.7811 -82.0371 -3.8638 6.8844 38.6760 96.9068 -70.5989 -48.4086 -50.0690 -45.3418 0.2756 6.6560 -81.3703 -49.4147
-89.5276 87.7985 35.5930 -49.0551 -83.0319 79.2630 -23.7731 -30.3938 -92.4228 -60.9056 -80.7806 -8.6836 69.8277 -85.9463 87.4779 0.5046 -4.7605 34.5363 -66.4530 -40.2753 -18.6772 87.1597 49.7471 78.9373 -81.5603 -55.6408 -42.3935 -59.8022 80.3181 -71.5410 57.6378 -10.3757 11.1703 5.1237 50.9949 -62.1012 -88.6630 53.1909 12.1789 89.8130 57.6761 82.3214 75.2998 -65.1759 -94.5954 23.1634 7.5403 18.9068 81.3929 77.2330 65.4140 22.3036 48.4805 86.5145 -71.2928 66.1155 -2.0098 41.9043 75.4718 35.0754 74.4573 -50.9368 28.2674 72.3236 19.4452 6.6472 -40.6439 53.7415 -28.8039 35.1494 57.4804 -41.9598 -36.4200 22.7461 -54.9272 61.0956 -18.1987 88.5643 -71.4734 -55.2329 51.2645 43.0211 69.7407 -39.9401 -74.6320 -99.1249 89.1016 -9.5503 -30.0236 69.0437 53.0873 93.2701 -87.5631 89.7389 -7.9687 -47.5640 33.7282 -69.6868 -50.3009 13.2170 20.8351 9.0380 68.8725 76.2550 -41.2358 49.6803 -26.8434 -54.4721 -45.8098 55.9225 -61.9294 1.6822 66.7371 16.3696 29.0747 98.5242 42.6290 84.8350 31.8884 25.6185 -15.7814 -63.7246 30.3508 -13.4797 76.1990 63.8976 70.2679 83.2644
-29.7385 -42.2140 -79.7218 34.2337 -48.7450 -50.1389 72.4708 -47.4870 63.4926 68.1945 -40.1044 -54.2454 -71.1260 -72.1800 94.9967 22.6808 -7.5624 -13.8796 -92.8399 94.0780 3.0989 10.1736 75.2356 21.7728 -43.0565 -28.9958 17.0964 35.2221 -63.9821 34.7465 -41.2120 24.2240 -15.9612 -64.6240 54.3188 -61.2661 23.1114 -68.9150 -72.2951 -6.3548 -65.6291 15.7669 -37.5418 -34.2773 -27.7539 -25.3449 61.7474 27.9611 11.0705 -74.9319 68.0810 61.5386 -19.6809 7.1335 2.5810 -28.3707 58.1167 39.8080 44.5401 -0.8930 55.8965 77.4522 56.5816 -57.1349 -18.3380 83.9236 76.1518 87.2561 -29.0912 -13.5038 26.6168 -96.5104 -69.3755 -93.6293 92.3162 63.2203 -77.6142 31.5352 -56.5583 81.3956 72.2881 1.3081 -17.8211 46.3396 -95.0789 -39.1395 -43.6680 60.3817 -20.4773 -19.3268 71.5716 14.2804 30.0321 -5.0348 -97.0856 -60.3900 70.1563 52.2608 -91.8310 25.0879 -82.5423 77.7698 40.2571 -27.4224 -21.5022 -99.2662 -20.0263 -86.2294 -52.0223 -6.7185 -86.6374 99.6680 88.8481 -77.2560 35.2983 49.2321 -31.4683 -43.3184 -28.1415 -87.1221 -56.2248 89.8094 -81.9571 -61.2597 -64.6207 97.9520 44.3651 -80.8246
44.8888 41.2476 92.8576 86.9002 59.1944 -82.1372 62.1343 -75.1544 -53.5211 -19.5855 -24.2296 89.9290 -23.1749 -66.3248 25.5633 -37.1028 18.7123 -29.6783 66.3902 -40.8564 12.4370 -57.1988 77.8710 -31.4827 -93.5232 71.1166 -68.6137 -12.0405 62.7790 -71.7696 -26.6078 -1.1711 63.2502 -28.5948 93.3074 9.2999 -62.8287 24.8941 69.1909 15.2263 -32.6581 4.8214 51.6106 -10.3108 -7.4828 -53.2955 -15.0049 -74.1142 39.2618 91.8261 -10.8201 21.1884 60.1213 -59.2598 54.5973 64.3669 30.8921 -77.7201 15.9166 33.2424 -71.8257 -0.8640 51.8060 -1.0297 -81.9546 -60.0872 -35.9349 -67.0965 53.8925 73.1788 -83.0091 28.8796 6.5915 -21.3460 -72.2263 22.8792 50.6075 -6.8221 88.0807 -76.7330 52.0999 -18.1388 31.3239 -58.9636 -87.4370 -8.8535 89.9660 -60.1835 88.8773 -17.0211 -22.1689 -94.0753 -63.3524 -73.7382 -33.4791 39.8332 -63.6486 11.3104 94.8113 -61.6094 -70.7352 -37.0058 -79.6716 -81.0355 92.9560 -83.5082 75.8119 -58.2553 78.7328 -23.9583 34.9293 74.4493 -99.9545 -44.8971 -4.9006 -50.6476 -45.7698 -35.5391 60.2691 19.6313 -97.7929 50.3523 19.4154 0.4467 -30.1802 98.1429 -24.3414 61.3740
-76.7751 -68.9832 -65.6756 24.5511 -92.6470 -66.4084 -39.1649 31.4812 -15.6178 -6.9357 69.6186 -16.7034 -62.1671 -34.6825 59.2993 63.5188 78.1700 52.0435 -18.3378 -35.6999 35.3570 -62.6062 -33.5174 90.2301 -56.1355 -15.4619 52.6126 85.0028 13.8316 -2.9426 -35.1489 -91.1073 6.6323 -60.5627 -41.4772 78.0017 -25.0840 94.7623 48.6660 56.7914 -6.9039 -44.6567 29.6486 34.0519 68.9182 -38.4681 27.5729 -36.6656 -18.8420 -37.2107 -68.3477 -87.0466 64.9124 85.4415 -98.5974 33.8426 -56.2460 -59.5834 89.4328 82.0240 61.6989 -43.5481 26.7236 -66.1773 70.6056 -28.1715 -95.1045 -39.2744 -11.7345 -10.2398 -31.9507 -25.4603 71.0137 -33.5846 -43.8795 7.2714 51.4751 -84.6567 -90.6562 -62.6140 -59.6140 -45.3557 -68.8930 65.9004 -85.5326 49.5503 93.6176 -44.9736 11.6729 -63.8636 12.8407 -22.4752 36.7485 64.5189 -44.8454 5.0150 62.8860 48.4479 47.0032 -78.2520 75.9080 34.9439 62.5376 -83.8801 86.3558 -92.4664 41.0564 -40.1733 -10.4100 49.3503 66.5844 96.5493 -94.1363 -89.9828 -95.4565 16.7494 -24.6912 1.0522 68.1852 -86.6563 8.4369 47.8555 -36.1167 -61.2348 -45.0979 28.7521 46.9362 10.1158
-21.9363 -22.0990 42.3356 85.2804 64.1565 -92.0205 84.0279 -21.3930 -39.4615 1.1706 -45.8450 49.0100 27.2718 21.3161 -86.9417 60.5963 78.2871 -80.6010 48.7227 -57.5959 1.2503 -79.7801 34.5352 -40.4415 3.5971 -27.1451 -82.1954 -82.3946 9.7110 -14.7051 -20.2861 73.2262 35.0622 -79.7716 -25.7949 -8.0873 82.7455 -60.5752 -82.6815 26.0528 71.3097 -23.5302 -26.2244 -27.5093 -75.7260 37.2516 -61.5856 3.8532 -66.2141 -86.8759 -69.0348 18.8193 32.8606 -61.4772 -41.8225 -76.4921 57.5825 43.0960 -35.9524 -31.0500 -55.7623 -33.9565 42.3676 51.6024 -38.6326 16.5910 58.6028 -87.8181 27.2565 -32.5626 -61.8995 -20.4126 -31.3989 44.1929 -68.3146 49.0231 -16.1717 18.7319 88.5331 50.2320 -82.1926 25.0100 -46.1764 43.6028 4.5507 57.1536 -13.2714 -2.3757 -1.8024 18.5355 37.2708 -16.5235 34.5208 17.1525 53.4981 -31.6013 -61.0919 13.9355 -58.1202 40.3857 9.2789 -21.7508 38.2130 29.4099 -58.7773 -24.7454 35.6791 5.6461 93.7322 62.3803 -89.7649 -93.2771 -26.1725 24.8970 -14.6658 -35.9921 -51.9727 -6.8976 -27.2813 82.7581 -92.4394 -66.2011 85.4254 -81.1042 -83.7556 -47.3240 -80.0557 3.7278
-33.2079 -56.1138 -98.9563 39.0487 88.1062 15.8213 -91.9428 -82.2633 -87.0096 -86.2512 -65.8194 -86.9162 27.8572 -58.2422 -11.6658 -25.2307 81.6514 34.2522 -54.4028 26.9947 -9.1110 11.1735 -46.6614 -88.5607 -75.7366 -62.2479 58.9282 -75.2902 -21.0224 -92.4397 70.0169 82.7180 -29.7987 -67.6305 98.9271 55.9764 10.2743 38.4396 34.3585 -35.0410 33.2261 -41.2452 92.2894 95.6234 54.5453 -25.3977 21.0006 -10.6169 -1.4125 -36.0292 -8.7580 -1.1518 -13.8888 -4.9591 -60.9567 5.4785 -4.0771 45.1115 96.8448 44.7269 40.7271 -92.7257 -93.4995 69.9593 56.7232 -91.7955 -98.6163 29.4970 51.3322 19.0153 19.7307 15.5560 14.8628 -2.2794 30.3366 85.0650 -24.6084 36.0821 -36.7833 -17.4468 89.0634 -82.7106 18.5843 -92.0382 40.2709 13.9167 -16.3138 -11.9690 56.0715 63.5935 -43.9369 -24.2295 90.9071 92.3548 -93.7819 64.5881 -93.3596 -67.1824 -86.3593 -28.4710 68.5885 -81.5187 -26.8746 -33.2562 94.2594 47.1612 20.1704 -23.5607 2.3344 72.7967 94.3504 63.0203 79.7632 85.3752 -78.5960 -32.7302 -52.8071 67.0943 39.5633 82.4538 96.5031 -8.2817 34.1992 -15.0845 83.4950 38.9411 8.0034 -93.2678
-34.0436 24.4812 -12.4163 50.0875 60.9634 -47.6066 36.5109 -14.8989 -35.1056 92.9194 -82.4122 64.6510 -31.5553 24.7484 38.5336 0.0588 66.9414 70.4699 -57.5648 -37.1669 -79.4584 43.7534 -27.4257 15.3671 76.1894 78.7442 70.5861 -98.8046 20.0908 -39.6080 12.4868 29.4404 -34.7933 73.9438 0.6186 22.4369 -68.2474 90.2094 -72.2393 -97.8373 32.2933 -93.0423 -80.2180 29.1170 -27.3020 -81.6490 59.4868 -65.0438 -28.9147 -23.8124 -84.0313 -46.0516 40.2972 7.5498 -10.8979 85.0102 -2.8313 61.6778 -95.5647 -47.2194 56.1987 -66.2905 -69.5757 19.0904 -87.7837 -16.0631 -79.4723 24.4001 -49.2449 -65.0998 92.4383 81.9148 43.9469 64.7541 -10.6075 97.6579 60.4221 57.8276 34.4465 -41.4576 43.6917 -93.0870 84.0995 -88.7721 -71.6058 86.0761 39.8496 -5.0391 81.0699 -64.5170 8.6142 99.6819 -64.5746 -75.7966 29.8992 11.0442 83.3908 -37.1593 -68.2368 89.8278 -16.7920 20.2164 -5.1737 -77.2007 -93.7674 86.3130 -20.2698 21.7920 -7.7124 87.9901 -97.8696 88.9183 39.9447 66.7217 -64.0269 4.3911 91.1144 -16.1435 -18.6609 9.7589 -95.6866 -2.2012 -84.9226 -77.5395 -79.4345 65.8292 43.5290 -98.6686
-53.2995 9.0646 22.8874 -76.2085 38.6877 -11.5092 -82.0097 56.2576 -67.1567 72.3730 42.0594 -44.1416 98.3757 -74.7777 -83.5840 80.3597 31.4943 -9.6543 95.7968 -37.9780 -99.4065 -65.8596 40.5065 10.7323 36.7499 -13.1810 -75.4592 99.9554 -29.8407 3.1938 -52.3844 28.1935 18.3075 94.9607 -45.9291 85.2063 -98.3032 91.8183 -93.4791 -75.9147 14.7698 -67.3560 -68.8907 80.0755 18.3435 30.9428 -18.4920 75.8888 19.1255 -43.8340 -0.1092 68.0691 19.8032 9.7506 -43.7419 -57.8669 -27.0809 -21.3953 -18.1103 55.2134 32.8328 -66.5769 79.5716 -11.0365 62.2925 40.8453 11.6656 3.0636 33.3914 33.2710 -55.3929 99.6530 89.5102 -80.8454 -27.8327 71.4487 67.6410 -64.6625 -81.7236 -94.6130 -96.1345 21.0927 -36.2428 45.0878 -73.1678 16.1080 43.0492 42.3834 54.2065 36.9172 -33.1707 -19.5907 13.3347 -90.9428 -62.7389 -37.9030 11.8626 55.4490 32.0437 -62.2067 37.8318 93.1568 8.2225 10.2696 68.8735 79.2044 50.3641 -52.2072 68.8477 -30.4434 19.1371 -68.2137 62.2000 -96.4627 51.4548 -15.6733 -30.4652 -71.5289 -2.5221 -73.5038 49.4722 71.5110 38.9406 5.4441 91.4282 -98.9225 37.8135 -11.8626
-21.7031 54.3743 -32.7650 -97.2593 -64.0919 -79.7093 -26.4602 99.9954 -13.2852 -1.0173 -54.3485 59.5529 75.9938 52.9726 -79.1226 -82.6587 -62.8199 11.8190 -66.4692 -42.5225 -12.9791 70.2827 10.1172 -71.7443 -73.5415 25.4548 14.6239 -13.0661 10.2178 91.6693 77.9506 98.0922 -97.2973 68.4889 20.0675 85.1769 -77.6338 -93.6144 65.0286 -50.3266 -99.2144 -51.5103 71.8122 87.4307 35.5967 26.1602 25.6998 -55.8625 -39.6441 52.6717 -71.0281 -51.0506 -86.7673 30.8210 -53.0716 70.5512 -49.6412 28.9316 -48.1486 38.8912 -63.2356 81.7560 79.0672 -19.5600 -29.6316 17.0743 -42.3697 -68.3966 74.6273 78.0311 -93.8599 -36.5555 64.3883 -5.3610 -67.8999 -56.7103 -11.6986 -89.9654 23.2456 23.6273 51.8343 66.9295 -46.3326 -66.6760 -42.8537 69.2691 -42.5366 64.6213 18.2658 19.3719 14.1991 -36.4301 56.3226 -29.7172 96.8023 48.9894 77.2780 -64.1555 -52.5250 37.9241 46.2873 79.7676 -4.9984 -57.0145 69.1681 76.9772 -98.5301 -89.2293 95.2962 47.1323 -53.1928 -8.2763 83.1157 -60.1904 88.5184 13.6160 88.8954 -20.8112 6.3131 94.8205 -38.2286 79.6658 6.4790 -90.7446 61.5702 -66.6817 -10.6122 7.7834
-52.3390 24.6270 19.8044 -87.8381 17.0471 -80.4117 -92.5969 -29.3259 88.6065 38.5123 -19.8159 -37.2990 98.7806 -33.2821 65.1172 46.1572 -34.9040 -26.3148 48.6626 -45.0503 57.0456 -78.0487 -60.9568 31.0751 -22.8978 51.4495 -92.0324 -34.7356 20.7641 33.5108 -14.9830 15.8206 58.6363 -70.6687 -28.7791 94.9507 21.9069 -34.3878 43.8407 98.7232 7.1595 -43.5653 -3.9036 28.3585 86.4385 -28.8724 -67.6241 -40.6102 39.5993 8.0584 -72.2586 -51.6734 64.1772 26.6859 76.4246 -19.4596 -94.5947 -81.8084 4.8395 63.2477 -36.1718 97.9628 45.3930 63.4761 8.5399 84.5527 59.1895 46.5186 59.6161 3.4653 -11.0645 -7.7476 -87.6794 59.7502 99.8849 30.6818 -66.2454 43.5389 -81.7684 32.0980 56.1470 -44.4734 50.0366 87.8160 19.9646 -50.6023 81.0337 -33.0994 57.9706 -5.8044 -64.0892 90.7779 51.7282 -57.4301 74.5568 -27.3776 -23.4356 61.3744 46.5224 -3.1413 -66.3171 45.9653 -36.5272 42.4893 -43.2158 49.6681 95.6993 -89.7930 21.0499 57.8519 39.3781 81.6908 -17.5427 30.1102 -89.6943 57.6583 40.5130 -55.0526 -23.0002 -76.8479 62.0023 -55.1602 29.1228 -99.6754 73.8014 -9.5580 88.1705 -61.2430
-56.6385 -30.8452 45.5625 -39.4690 19.4244 -81.9750 -29.1719 69.6677 73.3931 -20.3588 48.4158 7.9461 11.5864 -66.4030 15.4764 68.8131 -72.6426 71.8966 52.4454 -46.7056 2.8061 61.3162 56.6647 4.8984 35.2709 6.2786 7.9958 -25.9297 -69.6852 85.7622 -5.1612 83.2872 57.7596 -9.3703 -59.1526 -23.9366 61.1948 6.5918 -63.7120 -21.1576 -19.0520 16.9281 0.9066 -37.3424 78.8019 -29.3960 50.4061 60.3210 73.7002 -91.6696 29.8578 15.8804 61.6007 -23.6634 63.2698 16.8611 -63.8933 47.0500 2.7826 -94.1700 -75.9880 -1.6819 92.5244 88.7386 -29.8061 98.4804 59.9493 0.8623 -76.7372 39.3674 -17.4412 -75.8898 -37.3371 28.4374 88.1768 -73.6886 8.7938 57.7666 49.3382 67.4135 73.7653 34.4872 -94.4301 -68.1200 95.6341 61.6083 49.3075 32.7166 66.6431 -93.1721 -11.4477 15.8615 -74.4468 -95.5803 51.3709 -74.4787 -89.7604 20.6894 -46.2802 -88.5847 -46.1931 40.2201 -68.8515 -73.3270 -9.7024 52.7175 -72.0711 22.4813 97.5608 72.6562 -96.1488 45.8790 -14.6911 -8.1040 71.7644 -43.5464 42.1075 80.4733 89.3629 -95.5294 44.7648 -69.3399 -21.9250 -45.5308 -85.2929 62.1454 24.5695 -50.2286
-61.3698 1.1410 43.6578 7.4363 -53.1234 -58.8021 -73.8456 35.9253 10.4378 90.3725 55.2769 -59.1898 98.7080 -1.0647 20.0275 74.0466 16.2736 -48.7203 78.0058 6.8758 -96.2278 -86.6657 94.6272 12.2174 -32.4753 15.2186 28.3412 42.5838 23.0460 5.6218 -63.5057 -56.0068 98.7013 94.4881 -31.0135 -2.9601 -39.9629 6.4332 -58.2724 9.0450 -29.6125 50.1930 70.9111 1.9121 88.8468 -87.3332 71.3789 25.2284 71.5373 36.3499 -48.2143 4.6636 -79.5130 -34.2246 51.3648 -41.4191 -39.0823 -76.9680 -36.5619 -54.3954 33.8557 -1.8379 5.2256 -92.2890 19.0582 53.6213 -79.5968 -13.1439 17.9112 73.1121 33.6278 97.4874 -28.7086 29.5686 94.5527 77.7725 98.8062 36.5261 57.5113 55.5451 -32.0481 39.2499 66.3821 8.8626 -29.0325 57.2676 -66.3752 60.5869 -85.3300 -21.7072 58.5066 22.4735 66.3186 95.2040 -88.8442 8.2222 -1.2091 -21.5600 -35.4665 -32.5274 37.6108 57.3310 -47.0295 -86.8163 -73.3967 -2.5175 -50.8432 82.1071 5.7321 -92.6675 -19.2651 90.5206 62.8593 93.3891 99.3659 7.1392 28.5369 86.5726 91.4930 -42.3242 -90.8314 -57.9986 -40.7590 7.2226 -66.7249 -20.1104 11.7024 -9.9822
-65.2431 -15.9488 29.3038 82.4445 -89.2377 -50.5700 -82.7430 -38.6422 56.4582 27.3660 96.6300 33.3040 -22.8216 -34.8874 77.3494 16.0911 28.8852 0.3409 -49.9113 25.6222 -39.1625 95.7297 -24.5384 -24.2178 -71.1790 -94.6871 -99.3822 83.0862 -60.9657 -87.4473 81.2007 -38.3243 21.7702 -92.4352 31.5674 7.4035 -64.3436 -91.8154 75.5044 -14.8075 -10.2926 -79.6986 65.3336 -91.4432 96.7203 79.3093 -51.7454 52.8895 81.2332 67.6685 71.9718 20.1683 -67.6014 81.2840 16.7460 46.9603 81.9241 -11.7978 96.4037 32.4078 -87.3184 37.6887 -94.9138 -93.5138 70.9933 37.1857 -60.2569 19.2410 -17.3974 -28.9627 40.9964 91.0676 62.3698 54.9596 -89.5109 -75.8779 84.1845 -14.6674 90.4964 37.9826 -95.7995 99.7188 44.4537 10.2639 96.9976 0.5888 16.0951 -24.8873 -19.5336 46.8587 -31.9212 -20.7385 29.4658 -89.9779 62.6424 -64.9376 75.6731 96.6431 -21.1105 15.8856 97.4202 32.3293 71.5421 -45.9929 -54.0749 61.8789 -8.0770 -75.0689 75.6274 31.2601 -50.9053 52.1146 -36.9149 -43.6103 -90.2987 -55.5993 -97.4129 -91.5856 -58.9625 85.0190 -3.0629 85.2813 -48.9593 8.6927 -77.2234 38.2188 13.9684 99.7391
3.2799 -59.2942 -9.9658 -14.7085 -17.7112 21.6094 93.0316 -53.9694 -47.2040 14.0091 93.6163 -81.0895 -23.8033 0.7923 -3.9227 43.7390 -15.4987 -46.0902 -71.3162 33.9482 -16.4883 -56.9287 -48.7236 -62.5207 47.8376 -7.9176 -63.7274 43.4332 34.2096 51.4828 -42.4322 31.9131 69.6517 28.8284 -55.5346 90.7804 -51.1373 -93.7974 -18.7620 25.1244 -12.8861 23.5428 -38.7767 69.1325 -19.9912 62.7102 33.9237 -5.5047 58.5410 29.2322 58.8683 10.5656 -67.2001 41.4852 62.2796 70.9830 -86.2072 38.8761 -43.1673 -85.9851 -63.2615 -18.6430 -91.5018 79.7350 -67.3887 87.4484 -73.0263 -34.0814 -83.9624 21.2068 97.4649 -68.3795 88.5675 -37.2602 52.7682 71.2624 81.3766 10.8193 16.4825 -47.8288 87.1787 96.8624 -9.6617 10.9260 -25.2858 -69.5457 50.1031 -49.1116 64.1568 -89.1312 82.1216 93.5261 44.9547 -33.9074 -61.2479 -45.4282 18.2434 35.0083 -51.1516 98.8612 -61.6568 48.1091 75.1986 15.6821 14.3988 -85.8479 89.6034 11.3372 -98.0550 66.9382 4.4903 -56.1310 68.6372 49.8863 13.9456 92.0450 41.7147 37.0326 85.1527 -34.8899 50.9272 65.7478 -89.6601 55.8562 12.1004 -17.9960 96.6205 30.0726
60.5847 61.5402 83.2012 73.5263 3.7068 66.1479 -29.4838 28.6331 16.2276 -97.8332 -56.6462 33.1423 -4.8598 -60.6837 -97.3392 -75.2639 0.3792 52.5124 -22.5558 60.1745 -84.5900 88.3746 10.6818 -3.3344 -7.5555 -82.1537 -73.6362 55.9523 37.4533 -83.7842 31.4996 -11.6883 -11.5522 -10.2724 -63.2932 -48.5054 -89.4075 -35.0198 -57.9642 -1.0959 22.4709 69.5664 -37.2272 -84.0342 -80.8904 88.7176 -51.0682 12.2147 -58.2356 53.7843 -83.7712 46.3540 71.6209 -45.2822 -24.6692 24.8085 -92.6758 -62.9374 73.7584 -13.0018 6.2676 72.0640 50.7970 -75.5762 6.0908 1.0043 -73.3056 81.6569 91.0954 82.5058 -59.9868 -86.8830 37.5441 48.7477 37.9659 -38.6358 58.7006 3.5625 31.3543 -55.4410 40.9829 5.3443 60.7263 73.3385 71.7677 8.7096 -49.3558 86.2032 67.1268 58.3462 -52.4755 -76.4721 -55.0347 22.3599 -35.3276 -28.0424 -18.7547 -77.6597 12.2265 -65.8374 -19.7231 -97.4161 52.0466 -25.1334 -79.9033 -83.4508 51.0337 82.5335 78.5129 33.6671 36.8442 2.8020 -82.1829 26.0630 -42.4622 -1.7500 -55.2071 -77.7141 -96.4586 52.2202 81.9566 18.1281 -96.3568 41.5506 -55.7768 57.4475 -3.1841 -43.8983
-0.3159 -98.4474 25.2318 20.2356 -96.4794 46.4177 -86.3670 72.2538 17.2366 -31.4642 33.5520 -10.6144 -86.8018 15.2242 -96.8886 91.4246 -65.2298 -79.4149 -46.8845 -79.8576 -87.2836 31.7797 -29.1081 -37.2390 -6.4618 -23.5254 -88.0297 -96.8837 -64.1940 -60.0267 94.8607 -76.0646 -54.9320 -3.5187 -2.4838 -27.3573 47.0503 38.9663 11.5801 -1.5270 32.4877 -69.8560 15.4629 -55.4491 86.3315 -95.8088 -72.9581 77.0300 58.8075 -58.0488 0.5140 -52.4607 -91.8618 14.1123 -55.6951 91.6679 81.1895 -4.2732 39.4489 -64.4183 46.3965 49.6186 -21.7010 47.7913 78.3337 58.1204 96.4635 74.2950 -6.2224 -27.6439 -37.2848 6.9369 9.4703 59.2214 13.2630 69.9240 50.1875 -10.5923 35.6051 -2.3139 99.0043 -12.8424 65.5149 -82.8415 2.5929 -77.6750 -49.2915 -43.3417 -19.9627 -66.1955 -65.5162 -70.0468 65.9513 55.4923 -76.7617 28.6973 -6.6525 64.6001 -88.1466 -31.4005 99.7570 38.9273 -60.1104 31.4227 -66.7829 -32.7643 -67.3201 -52.7448 -36.1863 -65.9965 16.9397 -65.9468 -56.2252 -62.0511 -22.6578 90.7447 -14.5825 71.2901 58.5576 53.9732 53.2624 -85.2749 23.1786 -61.6751 75.9978 38.5506 -26.8298 -69.6985
8.0901 -44.4342 -93.1726 49.6482 -17.5303 -8.9062 45.5611 24.7417 -72.1227 69.5613 -63.1729 61.7642 20.4164 60.1230 -61.1488 92.6718 1.9334 -72.8635 74.6752 -36.2590 40.0309 -14.8267 -63.8944 53.6722 51.2864 59.1425 -98.4576 42.4624 -29.4005 83.6409 -2.7049 -55.1667 -61.0700 -87.9081 -98.9542 38.2831 98.2333 58.7740 23.5708 2.9864 -81.1873 -17.1768 62.3310 20.3492 -56.1715 -63.2796 -55.1294 19.6430 46.3505 73.5521 -38.6780 16.9481 18.0189 61.5708 -97.1883 26.5875 25.0343 77.7380 84.2248 -88.6471 -88.7116 -83.2669 -31.6951 -44.8419 -21.3306 48.3998 36.3218 49.7344 -30.0877 70.5030 -87.3971 -26.3834 -28.7008 -29.1592 -74.7711 -64.0852 93.6499 17.4578 17.0856 -25.6277 -90.1866 51.1682 15.0358 47.9787 -69.9319 6.5875 8.2059 92.9331 -41.5515 0.6544 -63.3267 12.9396 6.5861 33.1357 42.8571 -13.4103 9.3684 29.8860 -26.9603 96.4079 -1.4134 -15.3294 60.7615 25.7194 7.7102 16.3841 -74.5655 -40.2556 5.1962 -92.6131 39.1189 20.3420 -34.7515 -6.7954 -58.9106 56.5450 63.9495 63.3344 7.1567 82.2258 43.8060 -59.5202 -12.0739 42.4265 64.7754 86.8505 -15.6775 -89.4204
87.8278 31.1245 -57.0935 -71.1069 -26.7267 -32.0669 90.6056 -8.6318 -56.1657 -81.9056 -48.5999 -49.5466 32.1370 -40.8797 15.1160 -37.8637 32.6306 -89.4541 76.4544 18.1808 -51.2211 99.1584 89.5253 59.4705 -63.1592 -54.4207 -33.5292 -87.4289 82.1953 81.7094 97.8636 -63.3871 21.7778 -77.3311 1.2438 -66.8911 -36.9003 -73.2213 -67.3625 83.2658 -22.8753 74.1274 27.7359 29.1240 -17.2191 96.4192 62.1336 35.2726 -42.2231 -81.2594 97.1797 70.5281 -47.0197 -42.1143 -57.6076 -54.7772 -51.8617 -32.1778 -10.6894 -7.5119 -73.8138 27.3902 -29.4952 -83.9391 -21.1071 -2.8938 -29.9381 -8.4579 -25.0681 -76.1638 -23.8523 -63.2330 29.4206 77.1773 -90.9748 71.8671 51.8781 -27.5507 -64.9039 -53.4049 -30.0130 -47.8531 -47.9451 13.1159 -49.4952 -60.8814 -17.4261 -30.2447 87.0287 -92.8443 37.2328 9.1812 88.8836 42.1133 26.9532 -63.7057 -5.0379 -2.8259 -62.0347 -6.3228 94.9575 63.9483 52.6799 -96.2426 -1.2972 -7.6940 63.2793 41.4352 -38.6975 -17.9661 12.5225 97.9765 -94.4613 -4.6195 2.1704 49.8005 -0.7410 5.2521 73.9030 -71.5900 -57.6447 79.5819 13.6528 31.4876 29.0525 69.8097 -93.8411 88.8447
48.4771 70.1801 -13.1914 -41.5409 -85.4847 -66.8457 53.2022 -40.4947 -8.3187 -84.2598 -61.0981 -19.0843 -47.8929 -93.3258 1.0166 -83.3515 -71.4841 -40.2591 -59.2711 -75.9292 -59.0159 42.9449 -72.6469 -45.0995 -1.3214 5.2523 -17.2873 -21.9969 -51.6780 66.8178 -95.2108 -94.6218 -24.6399 -36.0960 -59.2813 97.5343 -19.8399 82.7104 -46.3976 15.3480 77.8887 -66.4067 66.3324 29.1166 -84.8320 74.7674 -83.9159 -40.6262 -72.9027 -58.2557 36.3120 -34.6910 -86.3282 12.9264 -26.5844 -59.8282 -64.1156 -90.4045 1.2478 -48.4554 -83.9346 52.2713 60.3694 -35.2536 81.6956 -22.8398 -9.9415 66.7004 98.8343 37.0610 -33.2038 -98.1121 -89.3126 7.7810 -22.8618 -89.4320 -47.6818 -64.9243 -77.4893 -43.2909 84.5110 69.3987 5.3208 76.6321 89.9337 -62.4560 14.7324 -37.9605 45.7443 -19.6232 -72.4143 -92.8040 -6.0541 67.3849 21.5033 -80.4889 -85.8133 -21.8814 55.5026 -28.7724 70.9580 -59.9099 25.9348 -51.9126 24.2546 13.8343 -69.1453 -90.2711 56.2639 83.7116 -54.7223 -86.0403 -14.2546 -36.9720 -15.7225 50.4495 -15.7619 24.5174 71.2958 -89.0590 21.0095 31.4223 22.3842 -6.4419 13.5386 49.0620 13.3645 7.8763
-29.9898 11.1240 -50.7296 66.7742 43.1683 -66.8590 -73.8263 89.7087 87.7245 17.7144 30.7709 -74.9534 -25.7543 -8.9943 38.6565 -80.0504 -45.2792 -74.1909 -3.0793 69.7765 46.3302 68.1697 42.1115 -76.7307 34.1634 -12.1720 -6.7583 -86.3074 12.1236 -11.8768 41.5215 -28.6106 70.8916 62.7358 -19.8706 80.7540 12.6931 -91.6286 -15.6319 -71.0022 93.9048 -22.9620 -95.8888 -98.3136 -95.9520 -37.4507 79.6132 54.3328 85.3258 -4.1226 -78.5542 88.1535 69.4076 89.9203 -87.1647 90.1065 35.6209 99.7186 53.9893 27.8142 16.5800 39.6491 40.1524 -41.4702 50.6085 -79.5270 57.4774 95.1636 20.0516 -58.7083 1.2217 -25.6630 -20.5482 -34.0241 27.7746 61.0718 61.2284 30.6167 67.2292 35.5499 63.0491 98.7890 -18.2111 98.9129 60.8231 18.0797 95.3929 -83.2278 -90.7969 50.7949 48.0016 13.0268 -71.4772 -77.5421 83.1462 -18.3654 -73.7471 -5.0788 -43.2773 71.8341 -56.8036 -98.6194 89.5745 -71.3437 -7.5382 38.0719 44.1240 36.9954 6.0755 80.2688 -37.8429 2.8496 -65.6989 59.9655 -19.3191 -32.8860 -33.6038 22.8398 34.6992 27.0486 60.9483 -11.2402 -21.8752 99.7401 41.2010 -28.3527 -26.6834 -53.5851
-10.4029 58.2705 24.4734 -80.4535 83.2361 87.1292 -67.0910 0.9014 93.9884 63.9476 -97.2381 4.3296 -18.9458 -27.1001 -39.3011 -90.3839 43.6121 -55.4126 -7.2115 10.5730 40.9132 12.1715 86.2289 -49.4938 38.3456 91.8358 82.7528 18.4796 -91.7595 -9.5241 87.6977 15.2073 8.2267 74.1310 84.7819 76.7661 63.0980 53.3781 -79.8462 21.7285 -96.2925 51.6945 23.1861 15.0435 -72.8803 3.1510 28.1518 49.2179 41.6635 15.9789 67.0913 -77.1538 -74.4954 -79.4140 -64.1313 -24.4551 -17.4316 86.9271 -76.5324 -83.6034 -59.6111 26.1662 -16.1847 13.0934 -92.5302 23.2433 95.9651 92.1041 80.5179 -49.9729 18.0575 -90.0900 58.9647 57.2081 29.2996 64.3192 -27.4133 -21.2058 39.0325 -66.8254 -9.1988 44.5151 -21.7095 -20.4963 56.2837 89.7764 -56.8257 36.5254 -2.8245 -15.8678 92.9916 -8.8026 66.7906 -34.7869 18.2300 -53.7151 -74.6769 -99.3097 81.6878 99.2453 74.2867 -62.2651 -31.9534 -27.3475 -88.8454 80.2037 18.6720 -64.8199 27.3139 -16.3219 -58.1176 72.7723 53.9774 99.7336 95.3049 80.1719 46.8859 56.3431 -67.3173 33.7565 -50.0984 85.0745 64.8975 -3.2331 -50.2132 -93.1095 59.1236 -86.6341
16.3600 35.8031 -46.1966 36.2463 -5.7472 36.6196 -11.3701 53.5855 -74.0753 0.4300 42.3108 19.2158 -70.8754 10.7718 -52.2966 18.4263 47.8617 34.9245 94.5317 -32.9194 23.9805 17.8858 82.3436 -54.4343 34.5375 -53.8305 8.2286 13.9335 30.2145 -66.9156 -31.7750 22.4127 -72.8333 13.1927 72.5022 -89.4621 -12.9100 71.4454 68.0951 -13.1922 -51.8601 53.2667 10.4558 58.2095 93.7334 -95.1795 -62.1156 -92.6286 41.8223 -33.0195 29.8036 13.4682 -37.1869 46.9293 83.8782 -91.8015 24.1159 48.5444 -61.0219 -88.1005 98.7231 -5.0142 14.8491 56.6226 22.3185 15.9721 -41.0862 -64.0046 -36.6128 15.5685 -21.0260 -17.8145 -20.3926 32.3359 -56.5146 -1.5567 97.0269 28.4762 17.7463 -95.8603 -70.9577 -34.5915 77.6252 -41.8398 -97.4411 -68.3951 -45.4146 -33.0295 -38.9735 -86.3075 -70.3599 -87.5730 23.2690 -35.8032 -23.7470 58.0353 -53.1947 54.5552 4.3875 76.5875 -28.3655 -79.1266 -25.3342 -19.7221 24.4025 32.3542 -3.5703 -97.5647 -81.5087 38.9259 62.8984 6.5273 -79.9823 84.0036 -81.5122 57.8280 -31.7911 -37.0282 27.3528 19.5848 84.8331 58.8425 5.2171 -47.6241 -32.8824 -22.2937 -70.0869 -60.2369
75.9986 -69.2680 -32.9192 -3.5524 -36.7875 92.5138 -73.1969 -46.9141 -89.6911 73.1771 -94.6999 -36.8727 40.8882 20.5862 -61.0356 66.8736 34.0401 22.3595 -47.4080 55.0413 84.9155 92.9581 -2.2391 14.3185 65.8630 -92.4825 86.6012 -35.4669 -20.7982 71.3210 59.0787 -14.5251 -12.2177 25.4006 -58.2652 42.3561 80.7273 -10.5753 -10.4587 -50.3188 58.2624 14.1688 76.4825 32.1700 79.7667 -64.5958 -40.2874 -80.2754 21.1838 43.7709 75.1844 98.7477 64.4929 73.0030 -34.8712 4.7284 3.5102 40.8561 68.5140 -61.0767 87.8955 70.6427 -76.2764 -64.3353 -78.4775 48.2515 73.5069 -33.4930 -50.1735 39.8807 -31.3781 -7.6262 -26.7880 52.3678 90.1466 -55.7719 83.5145 79.6591 74.6952 -80.4006 92.7714 -83.8813 9.5697 -40.0817 76.6589 -2.0717 47.3088 -69.4053 37.4420 76.2788 -57.1701 -20.9476 1.1888 38.3309 -64.9187 9.5244 -73.7454 95.7506 -18.9384 0.2976 -88.7727 -92.6600 57.1958 -12.4841 -58.8895 38.3652 21.4479 89.6403 89.7925 -33.3815 11.5413 65.2932 -90.5861 50.5144 -29.1506 39.1406 89.3429 92.3436 -62.6530 -21.0942 -61.2891 -12.6330 -91.9710 89.7757 -0.9066 12.5950 -68.7453 68.3477
-98.3926 -92.4114 95.2912 81.7634 81.9777 48.3193 -11.8976 98.0508 -78.0502 -49.4291 23.9319 65.1147 -65.0584 -91.7600 15.8099 -51.6738 -36.6064 -31.8191 -55.9771 -40.1955 3.8183 -89.8540 57.2519 92.6560 -10.0639 -3.2527 31.7473 -74.0945 -4.3720 -32.1983 58.0999 -75.5441 -93.9795 45.8494 92.1326 -92.0202 -45.0519 -55.8502 79.1935 90.5174 80.4005 7.0782 -70.9945 46.2555 43.8661 -64.7921 67.4479 -12.0433 -29.3432 73.4912 6.0012 -69.8377 -14.7756 -49.7231 -36.2867 -71.6592 -5.4874 45.1159 38.7419 -26.0933 -1.5602 5.6336 1.8476 22.8148 51.7057 27.9117 -23.3001 28.6530 90.8445 -54.8382 53.5454 -16.1972 4.3557 -76.1547 52.4673 66.7777 -88.8548 -56.2887 -82.5420 -79.3043 24.4056 -26.6091 -88.6172 59.4428 -29.7269 -64.0463 -29.2322 54.2182 11.0510 -34.1847 -36.3106 -74.3742 25.5391 84.0834 8.9615 -41.2030 27.9804 12.8784 -64.1974 -20.1301 -89.9265 83.2493 39.7625 -77.6392 18.4150 -47.9074 11.9805 33.3945 4.0354 -97.8181 37.5248 69.9619 -33.0761 45.3654 -2.8903 -82.0789 25.1872 -52.2745 -53.8239 -65.4274 -8.5425 -10.9883 33.8501 83.3916 40.6114 -52.5897 78.8941 -17.7132
8.5815 -85.2792 62.2270 -66.6408 67.4001 -18.7714 -71.0123 7.5168 -9.2479 -34.2617 47.7129 -62.6324 -46.7281 46.6856 92.9543 -68.5281 35.4985 -58.4819 32.2385 -48.5132 -17.4752 -35.7002 54.8140 -17.2751 54.5753 22.8525 -17.9148 -28.9725 -46.9701 93.8341 44.0856 19.0579 -76.3984 99.0194 -21.9716 -89.4387 8.0828 95.2961 94.5470 20.4628 -66.1627 -12.2085 -17.5215 45.4889 97.2999 -21.9129 -46.3852 36.2610 -16.6011 81.7149 -8.4035 -42.1745 -71.9746 31.5104 -83.7618 -54.1210 -45.3838 -95.8731 -39.3613 -35.7574 43.8694 55.8487 -4.9481 96.2638 85.1435 65.7706 -92.7302 -74.5553 -22.0003 63.4472 65.1648 96.8473 39.5501 38.9402 -73.5884 -49.2126 70.4112 -87.3353 -38.6720 -96.0443 68.3467 -2.5351 -59.6815 42.2332 27.9641 -43.9047 -48.4989 27.0656 -14.4811 18.5657 28.4435 67.9797 85.7849 15.1884 90.4764 58.9195 21.6166 -70.5768 28.8003 -9.9187 -41.5118 -67.4526 -13.1889 -0.4418 27.4205 -3.5962 -55.8629 23.7702 57.3256 -60.9561 -31.1892 -96.7204 -50.6591 -58.4283 99.6794 56.8568 -56.7509 -36.1548 -99.6322 66.9807 57.1198 64.9094 33.4013 -34.3356 -1.9005 92.0548 -12.5082 -31.0907
80.1579 0.1475 66.1732 -40.4463 58.5051 -16.2807 -67.0015 34.0416 60.8318 48.7999 -11.8572 -55.8941 40.6402 -32.9395 10.5265 96.7986 -54.0339 22.2633 62.8965 35.2381 22.6179 90.2562 77.7091 16.5459 -32.0422 99.0091 63.5903 -99.1217 85.9350 36.8023 -66.5889 12.8190 -90.3119 51.6373 29.8996 -79.0891 26.9226 68.7438 86.5285 -33.8871 -66.5490 -65.9584 -50.2707 -87.4633 20.4974 83.4152 1.3494 10.7811 -66.4848 -74.5677 -84.2029 35.6619 -41.5152 25.0247 65.6369 -34.8231 -20.5501 -33.9293 16.1511 68.2172 54.3080 -48.3662 -63.8284 21.1726 -70.0692 2.0034 -89.6936 36.2625 70.9554 50.7458 -74.1945 -14.6859 -36.2236 94.6367 -76.6418 -84.2043 -43.1817 40.5446 -86.8305 52.9052 -63.8010 80.2402 -76.4876 17.9901 27.4908 -66.0734 -47.0891 -37.6506 -98.8643 60.9964 32.3746 81.9114 -42.3648 -24.0392 65.1620 -40.8898 34.4305 -6.9951 -15.5074 -77.7330 34.1079 -62.0759 32.1748 -73.4446 -82.6722 -82.9434 97.7833 24.7394 55.1269 -80.9051 -39.9808 64.4156 -73.7910 -76.9228 -8.7886 49.7247 33.4152 65.3373 38.3162 79.0108 69.1113 -43.7698 -14.1382 -61.3213 1.0445 -96.6202 87.2117 -34.1024
75.6687 -76.0816 19.1720 -67.9101 60.3426 92.3550 -11.2835 -36.5426 -74.5589 -67.9448 63.8982 -18.8179 17.0041 4.9304 -33.3629 -41.6385 35.1732 -98.3021 -56.9665 63.6053 -76.3880 89.7399 -83.4592 -80.8079 65.2468 33.0936 -84.9340 -15.1018 -4.3343 78.5974 75.0821 9.9536 -50.1545 -82.1812 55.9020 -1.8636 98.1888 35.8974 -48.7711 -23.5436 73.0331 65.5090 -55.3738 -65.3510 32.1863 86.0238 47.6339 61.9494 28.5750 -4.1226 93.3738 -53.7673 46.0088 -77.3450 -54.1530 -1.2588 -7.4610 -88.4501 -9.8648 36.7396 37.7793 65.1826 -36.6070 -46.7551 74.4193 14.8042 91.7915 -85.0954 -13.8268 92.9564 -84.3393 44.0415 57.6306 -40.2021 37.5887 -35.3959 66.0966 92.3394 -75.3564 -9.7227 -89.8969 -99.9547 91.3127 40.4133 -30.1396 26.7872 -66.9206 -21.4230 87.3775 -71.4477 43.1630 88.0921 13.6934 16.9613 -33.5494 38.2276 -38.4026 9.2435 6.3991 5.2574 7.7224 -92.5785 26.0860 -84.4313 12.8684 -55.1092 89.5697 -47.6197 74.4225 83.7572 24.5212 57.2570 -33.5610 -69.7114 -32.2253 57.8944 57.8565 89.2460 73.3927 36.7704 -21.5411 -12.6924 85.5984 80.2226 -86.8130 -8.9003 15.4035 -37.0206
-87.3787 52.2279 61.2304 15.5492 38.4997 13.4620 70.2493 56.9519 36.9542 -4.2228 -60.1026 17.0752 -78.7446 -27.6057 18.2256 68.5304 90.2660 57.8888 -91.0594 -90.8336 -73.3649 -66.0437 81.3965 -16.8181 75.9937 -41.4813 71.1421 51.4784 -16.6465 98.6985 -48.2451 55.4172 -71.8372 88.9086 -96.0332 38.7200 -98.9596 -72.9106 47.4723 -67.8885 36.1117 -41.1444 -52.3172 -61.4725 -51.7527 2.2365 26.9691 57.0054 -30.2609 74.3260 -43.6201 -12.6618 26.8991 89.9650 24.1506 -88.3514 -2.2950 58.3938 -55.0903 6.8241 -12.0556 -89.5649 -92.5062 -48.9214 17.1456 60.0486 32.3679 78.5721 -1.3410 28.9259 84.3522 -12.9161 50.3770 -97.1398 -70.5947 -47.5187 -30.7958 -73.8899 -70.9066 78.3963 -15.9029 95.9141 -56.9475 47.3395 -53.5982 98.1267 34.8604 65.7349 93.0223 17.9817 -32.6320 1.9337 -3.8797 -82.9571 10.3088 -41.8575 33.0321 88.9172 25.2306 68.2876 71.8070 85.1469 51.4234 -2.6228 -21.7573 -74.9749 42.9038 44.9731 14.2149 66.1930 74.9691 90.2757 6.0956 -75.0491 -90.8082 24.0191 84.1145 57.1887 -91.4627 50.9862 28.5024 21.3795 92.1053 18.7400 -73.9002 63.2853 88.2085 42.5155
-18.1379 -60.2361 22.8064 -37.8761 83.6618 -74.0803 -27.3356 -91.3140 -72.3938 -37.0871 -61.5902 -11.4271 60.3736 17.9184 94.7092 -82.6933 -60.5591 2.5940 -92.2727 -1.5320 96.8084 -21.2323 7.2001 -38.6986 -64.7846 -16.2481 -42.3040 -58.4628 99.3887 -4.4706 -90.6628 -98.2892 -22.8056 23.7134 32.1499 53.9472 -98.2876 9.8648 -24.4924 -20.7617 90.5620 -81.5884 -36.4233 39.1681 -19.0550 -16.0715 57.5660 65.6881 -33.8642 -25.5190 -95.8219 -42.0261 -43.2445 -18.6599 -29.7337 -42.3383 -7.1956 -90.8320 -36.7466 43.1146 28.1750 -31.9536 -55.2244 84.2576 -79.9734 -32.5783 -25.1141 75.4291 4.3705 6.3165 33.6313 -29.1670 -61.5968 -88.9708 23.1781 70.8712 58.8272 -37.2929 1.2097 65.7315 63.7010 -25.4215 -8.5818 22.7093 51.0575 38.1732 -4.5085 26.1426 28.7886 -77.6581 -70.1365 59.1694 -70.7448 -81.7390 69.5818 75.1015 47.6414 61.3824 -40.0267 29.4449 -57.3142 57.3503 33.0376 40.2320 -9.5474 -40.8552 -44.3273 -12.0814 -97.6796 -80.5960 -95.8901 56.9091 -14.0341 -33.1406 71.2558 51.7783 -8.7180 28.9761 10.1299 -20.9518 -17.5277 13.4482 -23.5377 -72.0557 58.8415 76.1928 32.2284 59.2047
-89.5332 -26.0797 87.9229 37.2548 0.1380 -0.9650 36.0789 -27.6291 -6.3065 -84.6399 50.1065 26.2853 79.0696 -8.9711 11.9444 -61.0547 -70.7733 40.6165 -40.5448 64.1152 -10.9261 13.6214 36.7189 -6.4588 78.2825 46.0602 40.9470 -37.4901 -40.7838 89.7613 88.3469 10.0575 41.1760 60.2775 78.0282 48.1219 99.2489 -96.4210 30.9857 79.4811 -20.9790 -48.0106 -38.5872 22.5129 -60.2275 -79.4467 4.4871 65.2238 -54.5260 63.3406 89.7789 -1.9789 -52.8813 29.0653 46.9109 -96.9481 49.9187 49.8196 -56.6004 66.2098 -47.9035 -42.5491 -93.5445 -26.9276 57.9696 -17.1859 -63.8769 -9.0529 -43.2584 92.5230 -60.0868 73.7133 56.4974 -71.8451 95.8117 83.7913 0.8947 64.1262 42.2958 6.8655 -13.9970 10.1008 -64.8207 -45.8541 -48.1026 98.9100 0.4703 -13.9754 86.5684 96.3762 72.3523 -41.3711 73.4536 -87.7166 -84.4934 29.0027 -54.9791 37.0342 35.2158 75.7189 -71.8387 -97.8426 40.4020 9.2594 39.2977 -36.5027 -37.3008 -53.0388 17.4601 74.8105 46.2300 -45.3741 87.4624 -29.3006 -79.4344 -38.0619 68.5637 -83.6452 -55.4192 96.3002 -67.7874 26.0298 -37.2481 -62.4438 -97.9992 -39.4018 16.9487 -5.5577
76.9476 51.4833 -73.8048 -84.8167 3.4955 -17.5117 -35.9363 -70.0378 -88.1262 -89.5010 87.8321 22.6611 96.2524 21.3247 -66.6029 22.4840 -92.9347 17.6137 -43.2270 -6.5513 -21.2850 -94.5818 20.8540 4.4986 -99.7478 95.5174 -16.2696 44.3928 44.8393 57.0382 -76.3710 -24.5650 -92.7082 -3.8304 -82.7575 -33.1076 66.2071 -8.4605 -31.9315 41.4076 50.1162 52.5241 83.3302 -16.2306 43.4662 85.9942 -11.4820 16.1355 12.1032 -25.2074 -28.3141 -32.7934 -29.9276 25.0534 7.7487 -96.5267 39.5688 21.4451 40.6229 17.6498 0.3419 -20.3232 -20.2131 -22.9122 -26.2960 -9.9531 20.5650 -3.7649 33.1302 80.9512 -15.9943 38.9053 4.8547 -31.1027 -26.3077 6.1915 69.0880 -55.3769 -35.9103 49.7578 -7.9354 -43.5264 82.0235 -4.1440 -73.0451 -5.3562 80.1280 53.3997 -8.7361 4.9491 74.9549 -9.6339 56.2522 38.3629 -49.0062 42.1736 -50.0196 98.3270 51.2705 63.0304 -11.7712 -81.4768 -55.5908 8.1550 4.1964 1.9000 -43.5610 -31.6356 13.9727 -0.8372 -20.3696 -90.0742 -4.9129 48.6463 73.4326 84.4555 -48.2240 11.2724 79.3477 -24.5549 -51.7258 -85.6769 -85.8231 -59.9677 -49.0208 72.5417 3.3530 -74.9977
87.1808 -81.0669 -72.9034 -85.6518 88.8002 -5.4894 -57.0815 -69.7318 65.1671 -46.2627 -4.2446 -80.4604 -59.9730 -20.2445 -6.0683 75.9393 -85.4979 99.7107 -61.6877 51.6318 43.4757 75.6911 -77.2276 17.0697 0.3875 -74.3846 52.4317 60.3453 -59.5619 -16.1053 -39.8139 -21.2184 93.0943 3.0465 13.0352 -41.5610 -56.3524 49.6343 23.7596 59.7549 64.7655 9.6312 60.7625 -81.1271 -38.1940 -90.1311 50.7369 -13.1205 -28.5084 -31.0330 10.0854 -82.3708 38.1148 54.5604 35.2000 21.8463 -54.5003 77.5691 95.6756 89.2573 -9.8805 53.8107 89.4658 66.5776 15.1476 82.8730 -83.8843 -75.4453 39.1964 -44.0759 11.1558 -2.8203 -33.7214 81.9026 -91.9665 11.2872 -16.2202 73.5337 41.4027 -79.0577 52.6217 23.1812 32.1155 -69.6152 67.1990 21.8823 79.5712 -55.0004 94.7501 -45.0518 69.0448 95.4857 8.5885 20.5396 -16.0079 80.7795 -8.7085 55.8555 -34.6011 -48.0725 -45.1486 -28.4493 -85.0816 -26.5737 -16.6592 -51.2419 -15.2653 -27.6610 42.2753 -95.3837 79.8639 -58.7840 -4.0732 12.5156 -96.6204 -47.6461 63.7710 -51.7370 -3.7612 -56.7726 19.0630 42.5623 -19.7811 -25.6520 86.3622 -89.3087 -56.0943 71.4660
57.7602 14.3670 1.7649 -61.4388 -93.6253 24.8558 -6.5108 13.1003 -41.7237 51.9714 81.4947 22.7601 -27.7584 -71.3912 -64.5546 96.8975 62.9569 8.4908 -77.5290 57.4159 -82.7379 -55.4804 -81.0408 49.5131 45.1204 -14.2621 11.3843 -40.3900 -85.5254 -6.0846 -41.0653 -25.8668 54.2484 -28.1375 -75.6711 -11.3691 -56.2068 88.1954 -45.8084 -27.9751 77.7123 9.5263 -8.8787 25.0210 14.7582 -41.0191 55.6110 67.1435 -94.2920 62.9862 22.8824 18.3013 78.7224 82.6441 -24.8102 -12.0057 -14.8936 -30.7732 -32.7180 -50.4733 -38.7749 76.9453 21.7025 -5.6682 -18.9135 -86.0516 -72.7524 -19.9259 51.7245 24.4449 35.7318 23.9368 -13.7269 33.8546 44.8161 -48.0276 -94.9087 -62.6993 82.6168 -31.6450 -69.4969 -85.3870 -59.4523 -74.2741 23.0095 96.4376 -39.2567 -44.7623 -94.5146 -40.2697 36.1916 -18.3226 52.4973 -94.4259 16.0569 -56.6372 -97.6185 -59.0426 -14.3006 -62.8862 50.2250 -41.8138 -56.7797 -79.0816 0.0134 39.4444 -17.0558 -18.4362 35.5327 17.8704 99.0860 24.1099 18.0756 50.4218 38.0646 72.8307 20.5673 -71.3590 -58.0214 -36.9420 -56.5124 65.3487 17.4889 -60.8556 -32.2907 -74.1764 -71.9364 44.1631
-72.6686 78.5080 -93.5777 -81.3795 -83.4111 -59.7583 32.6384 33.4674 39.1106 21.3119 -11.7259 83.8958 68.3491 -35.6638 -64.2441 76.0680 98.9353 57.6974 73.3188 -97.3111 16.7867 -64.1025 63.8960 -69.2777 -62.1171 -54.7660 16.9790 84.9769 -2.2231 -9.6647 31.7496 -36.0458 -78.3594 -88.7944 54.9441 -94.3351 45.2626 -59.3676 -88.9468 83.8200 50.7402 -2.6945 60.2371 5.9801 74.5089 27.1508 -65.4148 69.3339 -8.8712 15.2837 41.6037 -81.0181 15.2975 89.7172 -38.7721 6.4925 76.6286 -65.7032 49.1922 72.1883 -6.8396 -58.8901 56.6126 -80.7866 93.2178 31.7164 -47.9403 78.7918 -27.3469 -60.2284 25.2264 -81.7117 -89.8629 -96.8590 -68.5039 -28.0396 71.0032 -47.7395 28.9870 -72.6390 88.0201 -88.7615 -78.3105 -80.1093 -69.5889 -30.2946 28.1148 81.7736 -56.4907 -52.1051 21.6720 87.3193 60.4747 -11.5093 -98.2834 -83.6592 -85.8747 -12.6051 15.9455 93.5967 64.7359 80.5010 23.9176 64.9533 -93.7991 -43.0303 -52.7948 23.3135 -15.2916 26.2414 11.1422 -16.8099 -18.8888 -35.5607 5.5108 -8.2517 72.0054 33.5700 48.7216 73.1242 -52.8423 -12.3123 -29.9046 50.1363 20.2621 -25.2132 -41.6145 97.1127
-90.1299 37.9593 -58.9343 88.0332 42.0190 -59.9197 -98.7026 -96.4485 -41.8901 -50.9774 38.8158 -62.3419 -76.2403 0.2658 -24.7950 -4.6764 -71.8296 -28.9959 -41.9257 65.6750 -95.5116 54.2138 92.2583 81.0213 -73.0520 -79.5577 -84.9276 40.6294 96.6563 -54.5413 -6.1284 -99.7421 23.7410 68.5701 -56.8366 2.1216 -41.3250 -0.5794 13.8347 -75.3915 35.4123 98.8337 39.4430 62.2532 62.8169 -78.5182 3.0453 28.2287 88.7295 39.8405 -37.2735 0.7257 -43.9008 -62.0589 39.6704 -59.4470 -69.1446 -51.8918 26.0133 42.5140 -63.2957 -78.6736 -71.9735 1.6002 22.9221 -14.8330 -4.7341 74.8680 -50.9551 -62.1591 -29.5165 -40.2009 -28.3866 -66.9846 49.8163 -3.1631 -19.0642 -55.4362 -34.9168 -40.0042 30.0003 -93.0242 98.6762 86.4600 84.3507 -97.5117 97.7294 -94.4471 -77.1860 65.4997 -83.5675 65.8528 7.7945 55.5646 -45.4552 -55.5571 -0.4888 26.8051 43.2313 57.8183 58.2136 13.5624 35.1387 40.7691 -75.3894 -16.0798 -87.7900 95.1843 -29.0020 -57.5469 43.3681 82.2058 -84.6712 -95.3742 -28.7056 38.4468 -84.4114 -6.7326 -37.4830 -32.4318 38.1053 30.7366 -47.9830 -41.2389 85.8765 50.9202 -86.0779 83.1166
-29.8296 7.0358 48.7249 47.0806 50.8964 -31.9614 -89.5896 -95.8367 91.4759 27.7731 -86.0087 92.3301 84.5070 -65.6318 -53.1789 12.9235 55.8180 85.3520 -28.8330 85.5980 48.9954 -78.2329 -47.1429 -86.7384 90.6024 -89.8208 -13.2234 58.7413 67.1988 79.7795 -94.0861 -69.3628 40.5192 56.9870 -20.0840 -15.8908 -87.5849 26.0914 28.8603 85.2942 14.9449 -55.0419 -38.2988 -23.3210 75.9412 -23.6358 15.7982 -68.9732 14.9319 -73.7391 -8.1073 -74.1559 17.1274 76.2121 -43.2134 -36.2091 -62.5235 46.3309 -9.6016 -42.9649 36.3140 -92.8079 -48.2985 -60.0547 22.9141 -71.1665 88.0559 37.6406 -30.1388 -96.6966 51.5064 -13.7105 -52.4657 -37.4750 -57.8175 30.0024 -95.9559 12.3367 -43.4466 95.8890 -80.2137 89.4395 74.4062 35.0412 85.7688 85.1870 -74.6571 -25.6796 25.5104 90.8254 50.8847 -23.0306 86.2173 -10.1736 26.6735 -59.6259 80.8512 6.5985 -49.2062 -46.3926 -54.0039 -66.6090 -25.8775 -3.9012 70.7541 72.0560 75.8622 40.1031 -27.5470 -47.7501 27.0785 -81.9951 -20.3453 63.2790 -9.0849 0.8732 -54.5977 -92.7453 -12.2763 -3.4799 -65.3418 -89.9587 -76.4364 -12.9087 -93.9032 -36.4737 -65.1058 -27.5567
-33.8677 69.0939 1.1668 9.9325 -75.3573 -62.2326 -14.3440 -1.6774 75.6187 23.6457 88.2948 80.6375 65.9596 -51.6376 -96.9694 86.8196 71.6736 -65.0459 94.9926 65.5477 -7.8697 5.4112 61.2007 -27.7464 -81.1290 -62.4833 -70.7912 -40.9011 -31.4149 -90.6695 -33.5274 25.0380 42.4465 -50.5553 1.3159 50.5578 -23.9280 -26.0600 -5.9763 86.1920 -98.1451 64.4367 52.2711 96.6718 37.1147 83.6548 -12.7402 -78.5851 58.6706 -20.0033 90.9670 -60.6603 52.7885 -1.5282 -94.8154 6.3341 76.3541 -46.5712 61.8486 -84.4998 -34.3142 -55.1616 -14.4886 35.3175 -18.6131 77.8745 73.8094 -26.9953 -13.6210 76.6844 -58.6820 3.6179 66.9434 66.4344 -97.5618 16.3880 -14.1124 -95.0797 -34.4826 -37.1860 -26.6124 31.7917 -86.8732 3.2742 -84.4341 -4.1717 -49.3467 13.7939 6.2843 76.3597 81.0122 -5.0384 -49.7421 -87.5373 -86.3373 27.4796 9.3340 43.3275 15.5929 -43.1061 51.4727 1.7389 14.4691 -22.2328 62.2632 77.1101 -21.3082 -11.8965 -28.3216 87.1384 79.7130 49.9399 15.0469 85.1638 -70.6251 -63.0531 -37.3461 75.5675 -58.9491 69.8017 42.3042 -55.1601 56.5915 16.0934 -38.3142 7.2279 6.6743 -30.3163
68.2271 54.8384 67.4472 62.5971 -85.0954 -16.0509 -39.9882 26.1157 -56.3581 -67.5466 -54.7717 -99.3003 -13.9059 -1.2144 -43.9015 -21.6071 93.1217 -11.9271 84.6219 71.4536 -4.7307 -99.7083 -42.9634 13.7471 82.3197 -83.7673 49.2416 73.3973 61.7456 98.6803 59.8026 45.5051 -84.6658 -57.4759 -74.0776 -84.7072 -69.5653 44.2222 -76.2602 90.2669 -48.9381 -39.3629 -87.6824 -89.3936 -62.2118 57.7376 42.4722 -93.5289 26.5224 -99.4796 28.4853 21.5523 85.4587 13.4644 87.2640 66.5187 50.4961 -34.8325 12.0321 -95.1159 67.4648 72.4968 -62.7397 5.6235 -58.6120 -28.8798 -48.0851 -72.4761 -62.7908 -11.7126 2.8295 -47.5797 91.6342 81.6330 -72.0338 39.3040 85.7948 -66.1086 -84.9211 -43.3651 87.1176 -80.8561 4.4570 16.0782 -11.6212 -93.8063 99.5605 9.1593 94.3902 -22.0860 -42.0096 -82.9189 -16.9389 16.9115 39.7503 -49.2096 -15.7820 46.6505 -16.9098 23.2308 70.5306 28.6437 -7.3158 -6.0558 29.4820 93.4091 -41.9544 -31.9286 -35.7393 -4.0927 48.4920 20.7041 13.3271 6.8333 -81.1476 38.9022 -29.3516 12.6780 40.2154 -49.5515 -93.2798 -52.2162 41.7857 -50.5567 51.8699 -14.4478 31.7966 31.2226
8.1019 23.0636 39.3751 -5.6173 -46.4694 56.9861 34.7329 48.2991 -13.2027 -18.0973 89.5057 87.9297 73.2402 91.5920 20.1845 -26.9455 57.5102 -79.8164 -73.7590 55.4493 77.0285 -92.9626 -57.9917 98.0736 -71.8584 12.8211 90.1441 17.4696 21.6203 -73.3916 -38.3604 -76.7917 -76.8085 -37.0562 -1.9729 -9.7042 1.5537 62.1745 -43.3009 -2.3383 43.9544 -72.4845 -39.7491 68.4599 -86.1542 58.3340 -97.7879 37.3854 -33.7008 -33.2089 -80.7131 39.8145 84.1277 34.4865 -29.3481 -79.6019 75.0538 -69.0088 90.7586 77.9834 -38.1408 -96.9491 88.6795 -79.3027 -49.8614 -67.5707 -70.7569 -50.6740 1.3346 52.9484 48.1498 -61.7465 -2.7657 -46.7673 -41.7610 -63.2916 78.8410 15.7724 -54.8253 -39.6700 -84.8464 36.6928 97.9986 -84.7607 -20.5783 -25.1713 54.0695 -32.5512 84.0937 28.2086 -17.3835 37.9705 51.7064 -22.4973 66.5397 -18.4186 -73.9538 -18.5477 5.2704 -31.4484 14.5545 -72.0362 -40.1179 -30.4855 -48.9404 -56.5153 -1.6646 96.9167 95.7502 25.7789 -5.6458 -61.7742 -97.7846 89.9337 62.2859 10.2308 -9.1376 -57.3758 -72.1543 -9.0666 62.4698 -27.8419 -68.3908 -66.4107 13.6124 19.7042 74.5350 -37.4996
-10.8869 34.7136 2.2897 -0.1065 68.1063 91.3761 47.5534 93.4781 -53.2467 98.2677 -5.9208 86.6838 23.6421 5.2014 60.9279 85.3000 5.6234 84.9583 -24.8104 -70.9325 93.2363 74.8469 43.4769 23.3085 92.6978 42.2640 25.6326 16.4207 11.7957 -21.5190 83.8997 -59.2604 66.0297 71.1704 -47.3681 88.7430 62.6998 75.0194 -36.2020 -57.0052 63.8449 86.5193 73.7303 -15.0161 68.2689 -2.5105 -46.0813 46.2615 88.8680 88.6514 -85.5138 98.3251 -21.4745 -78.8885 70.6152 38.5384 -50.2668 91.0549 -72.1753 90.0142 -75.1054 -5.1061 -82.2675 -61.8233 57.5973 64.4064 34.5175 -60.0165 -23.1281 42.9478 -93.6697 -58.9092 70.3921 -45.2879 -74.8915 -89.4216 73.6812 -59.9793 -31.2563 -24.7444 -37.4915 -47.4053 -79.9713 80.8689 70.7824 46.8680 4.1572 -51.0319 -0.7155 -34.1095 65.3563 -59.7552 45.7998 96.6764 25.9823 5.1788 47.7790 -95.1141 58.0781 22.0294 -7.4183 -65.8213 38.3767 55.1700 26.6450 -82.7794 -40.8260 43.6166 -88.6966 43.6053 48.4647 0.5985 83.5978 -96.5297 -85.8046 -20.6776 -8.0949 10.2854 51.7284 80.5965 -5.0118 -64.6508 54.6300 89.6126 -43.9769 -85.7642 -57.9539 -34.6813
-81.4534 -82.8141 93.7177 94.9993 42.1676 -90.0518 -19.7577 82.6949 -25.1136 -74.3255 -14.3516 -72.5839 -90.8673 -95.5927 22.8719 98.7025 -80.4591 -92.9764 -33.5193 -56.5437 82.9949 -33.9711 -89.2074 50.4576 -13.2887 67.4419 -36.5707 -26.4038 -19.0607 72.8367 -11.4094 61.3742 -51.8404 80.9334 40.0133 29.1475 82.9965 -27.6546 -68.3156 26.5078 -14.4407 13.1846 -64.6432 -58.7350 -15.1613 -84.7918 15.3045 -22.9358 -15.4590 60.6620 5.3577 17.9077 -26.2926 -43.5601 -84.0919 -24.5126 66.3948 25.7939 -55.0871 35.2565 31.2964 15.9660 -29.5229 81.3266 77.4643 56.9089 28.5565 -98.0226 40.3570 26.3962 -44.0708 50.0935 47.9637 -74.7520 6.2415 65.0413 76.0489 77.3946 -62.3918 10.2141 18.1279 -29.2682 -94.5213 -19.1173 -1.1912 -36.4801 31.7666 95.1959 -67.7091 88.6482 85.4594 -76.3705 41.3450 32.4222 88.4197 -88.4485 -93.1701 -53.4316 -5.0252 -3.4620 -48.8622 45.3150 -25.2778 75.3731 -90.2315 11.4161 46.8871 -39.6591 -99.2458 -94.9187 -53.1557 -29.1011 5.8038 15.7227 65.2076 38.7543 84.1248 55.9834 -92.7099 51.6032 -91.7765 44.4581 -7.6453 77.7649 -84.7582 88.0886 -98.5717 35.9275
40.6499 -33.9360 -33.2917 -47.4029 89.4663 83.6076 3.7928 -81.8285 1.4207 -36.1556 75.3342 -97.2049 13.7960 -99.6638 25.7194 -61.7393 74.4680 54.2281 59.0709 99.4563 14.9925 80.9160 65.0151 56.9922 -87.3116 58.0358 85.1494 -36.8112 66.4551 -34.6487 -19.4408 -13.2999 84.4947 21.9725 96.3405 -77.8481 -28.1302 88.6452 13.9977 -80.6275 67.6288 -1.0132 84.6012 -10.8162 31.4828 73.2658 79.5381 -7.0951 92.5221 -68.4438 92.0453 -33.1515 -85.8108 86.9673 -80.5022 43.8063 -12.0779 33.2125 -7.1302 96.3076 22.3876 98.6018 61.7842 91.7407 -37.3069 -82.7977 -86.8054 18.8797 39.4284 69.1080 -81.5991 12.2669 71.4087 37.9093 89.2724 -34.4196 -92.1014 -21.0454 -38.9091 35.1408 -22.6094 -39.9023 75.6271 17.6544 74.9061 81.7295 7.0647 21.3709 25.5954 42.7955 -88.7380 92.0285 67.4361 12.0604 -73.4279 -34.0056 80.0061 33.1030 -22.6149 16.0802 -48.1986 -73.7055 -37.6282 86.3006 -87.3518 -14.6984 -49.0151 -70.4090 36.2484 47.7653 10.6832 -18.3696 95.4591 4.1915 51.6715 -17.8275 48.8544 82.9220 26.3958 70.7512 -91.8599 -85.6865 61.9529 33.8278 69.0050 94.4577 91.9556 -35.0460
71.8195 70.5554 -85.7681 -45.0705 -40.6004 64.6384 11.6904 46.4002 80.1814 53.6200 -53.8151 -56.6491 -34.1102 87.4475 49.5616 -49.8801 -4.8013 -7.3820 -31.6209 -68.7208 -83.5665 -27.3966 -59.6865 -71.8749 14.4607 61.3423 79.4538 -20.0744 3.0675 76.3288 8.2209 43.1794 -19.8945 35.8677 8.8647 22.3940 1.4791 -99.8047 -82.6965 -81.5333 18.1003 -68.5348 -77.5114 -21.9850 93.7905 78.2368 -7.1902 -63.1100 -58.5999 -13.6912 61.3571 46.3517 28.5290 -53.8574 -34.0671 84.1307 -76.1380 -49.7830 41.5874 68.0351 -97.4559 23.0746 58.1645 -14.2366 -50.7653 -76.7070 84.8045 -47.1713 76.3018 -18.3192 71.5461 -62.9299 92.0987 -32.7151 -67.4504 30.7726 0.8969 -73.6974 20.2695 -80.3816 -57.3706 -89.9962 -65.4826 -22.2543 -40.3816 44.3093 97.4464 -77.3518 46.7077 -5.1083 -58.3961 -13.9197 33.4823 -95.1129 -17.7974 -76.4710 15.2453 -39.4311 81.0400 -29.0358 -38.1263 -3.6002 29.0706 -84.4584 54.1404 -79.0094 -45.6199 30.1540 -47.6457 -82.7343 -61.3093 63.6734 11.9019 92.6566 -24.3727 -93.1764 -53.5588 46.2159 -63.1138 -76.9558 -4.0127 -92.4094 -31.4873 -73.0706 65.2634 -84.6271 -56.7374 19.8707
-98.9109 37.1047 -23.1014 95.5982 -50.7980 -19.3788 -42.0789 46.7963 72.2056 -7.1293 -31.0075 -35.4561 59.3111 49.3181 -83.2635 -68.8579 43.4280 -42.5770 0.8468 -72.4196 67.5542 -89.1286 18.8415 74.4257 -62.3320 2.7730 74.7621 -73.6841 -32.3340 8.1331 -96.3807 -83.1201 32.6021 -13.5011 -50.8455 -15.7487 49.9346 12.8058 -63.1707 -14.4564 -34.4896 74.5273 -96.6818 16.0832 2.4825 66.7655 -0.9299 29.3321 -80.7590 80.8387 82.5325 -58.4822 75.4882 85.9439 -71.4792 6.5355 -98.0977 81.8437 -98.8334 -44.7537 -97.2279 -22.8242 50.4939 -6.6714 0.2267 -65.8939 59.1029 67.1610 -91.4142 6.3084 -20.9422 -49.6309 78.6952 37.6812 -54.5567 -4.8543 -77.5483 61.0885 -20.9278 49.3992 2.5863 76.5470 35.6086 -29.4291 -49.6626 -30.9958 62.1387 -92.7402 -39.4948 55.8290 -60.1152 -40.1473 36.0143 -49.9925 57.2879 24.2833 92.9807 -26.4213 -78.7540 5.2138 82.8716 -64.5779 -57.8495 -43.4539 15.3856 -67.7699 -10.8979 65.8421 31.7369 -38.8742 -55.1554 -53.7524 86.2159 -57.7951 -93.9657 -37.3934 47.5608 84.3125 74.3128 25.1658 -90.9648 60.0133 14.5130 -34.3381 -20.2313 37.4498 -66.9583 63.4790
-3.3634 41.0517 80.0400 1.3440 -4.1952 22.4691 -86.7209 -12.2327 -36.0232 86.8443 -85.3300 90.5498 92.7013 53.3521 -88.6046 87.2129 -46.1806 -39.5897 2.5372 82.0621 -98.2468 -50.9421 56.3580 -10.5146 11.2359 80.4768 19.1285 92.3492 59.9995 68.5213 -84.1364 -44.7329 50.3130 -60.6106 43.4763 -81.7933 39.0709 3.0929 66.8161 -87.7836 -80.0918 45.7277 80.8212 -94.5998 13.8084 -3.8789 41.1880 22.7188 -51.1148 76.2223 -19.4498 -37.3747 -92.9847 -40.9906 15.2274 36.8400 57.6768 -30.9243 -74.2696 83.6953 -2.4096 62.3817 -75.1436 -45.6993 18.5731 81.1565 -65.6739 62.8941 54.0151 57.8406 0.7555 -42.6499 32.6483 89.1164 44.9687 33.3239 99.1360 -0.4281 70.1660 18.4207 -17.4525 -70.5951 -58.8849 -99.7277 8.3535 57.1478 88.7979 -54.9399 79.9713 -16.3138 46.9776 -93.4908 -25.8447 48.5039 17.4572 84.1235 -31.3166 -5.4072 -93.0122 40.0063 24.8640 -78.0654 -83.7103 -1.2264 -3.1319 84.8112 26.7608 25.3888 -52.4124 -14.4680 12.6804 94.7649 -8.9104 43.3427 33.2941 -14.9838 6.8622 -95.7599 -58.7073 -60.1718 24.9855 -19.6395 -10.8021 -55.9167 21.2780 -25.6130 -99.1447 -2.1222
73.9274 14.4969 29.2023 63.8464 16.0317 -31.3711 45.7961 54.6981 28.5383 -1.3412 95.9817 -87.3980 -7.9151 -7.8694 76.4623 20.1297 -50.2113 -32.2815 44.7709 -3.7131 84.5756 73.3900 -5.8287 80.1802 -25.7371 -27.5199 82.1310 90.1009 -83.8036 -60.6754 -39.0676 52.4396 46.9595 62.7158 91.9823 -91.9292 24.2610 -29.8482 45.0178 33.2611 5.1275 55.1254 88.0972 -78.8460 -80.1455 28.8622 -31.1994 40.5136 42.4914 -18.0879 65.1702 92.5382 7.4944 -99.3686 -16.5090 7.0536 55.9509 -88.9377 -86.7667 -26.5437 48.7190 95.6203 36.8706 79.1365 -56.8895 16.8223 -56.8515 -20.5468 54.9788 59.0312 17.0551 -32.2359 -82.1577 -69.7143 -47.6992 85.1255 63.0023 84.4957 -99.1751 -69.2200 -64.2292 -53.2634 -41.1865 87.1942 5.9400 -44.7382 -96.0139 96.5030 42.7526 -31.6572 25.7635 -72.4275 -18.8179 79.5354 71.4599 36.6693 -95.4240 -99.7114 9.1983 -96.8811 -57.5826 34.9855 84.7074 76.8259 -64.5932 -80.0074 82.4140 72.6473 -19.8902 97.8491 9.5083 -69.4597 88.5203 31.8300 57.4531 -27.4174 -16.6893 35.5715 -12.7458 91.9730 54.7501 11.6700 -78.1482 58.4335 -95.3100 70.0249 -33.6903 72.0833
8.8938 -37.8031 9.5497 55.5022 -37.4376 90.9180 -38.9063 -89.4882 -27.7944 53.7680 1.0623 84.4518 -55.3667 33.8632 82.5488 73.4701 52.6038 52.1785 -88.9779 -92.3244 -21.9455 -82.6659 -16.2156 -89.0031 -88.9824 34.7648 -88.7996 15.6053 60.9701 84.9944 -8.9763 97.3570 77.1180 -50.1872 -56.5411 49.7611 69.8336 -10.2571 -76.6461 1.9377 73.9835 -72.9122 -79.7237 85.6881 -52.1510 85.8622 -23.3023 13.8593 95.2918 -59.4011 -42.4741 37.0778 83.7753 -84.3410 65.9848 -4.0101 -52.9500 -52.2339 -40.6004 32.9482 -84.6804 63.4294 28.9716 -8.5785 15.7673 75.6310 59.3077 -12.3989 66.3997 -89.5905 -0.8390 -83.5439 -74.0545 43.3156 -86.7970 41.5500 93.7608 -87.5928 -11.8474 -58.6706 71.5122 -0.1143 -25.9472 41.6954 -17.6911 13.3298 -84.1989 78.3010 -57.5268 92.2771 -37.2559 -98.3783 35.6342 -62.0913 73.5205 -6.4482 -44.9935 72.7792 64.7740 -93.6691 -88.7480 84.6898 46.5829 30.2102 -80.4419 95.0089 -80.2303 62.3971 53.6591 -39.5180 3.9119 -66.3786 -21.2718 -26.3666 38.2418 -79.0168 -87.2854 11.4280 57.9259 74.4136 -87.2825 -66.5261 20.2374 83.6964 17.1975 34.1429 -93.3373 -83.3648
6.8077 58.5708 -86.7890 -34.3347 0.4047 54.9157 72.8707 -96.0948 53.9925 -63.2367 57.6639 26.6357 29.0591 -47.6303 -71.9211 88.1979 87.1691 66.7200 -32.8237 -80.0818 -12.4767 74.9686 -42.6314 38.8970 -60.1789 0.6848 76.0856 71.8557 94.6782 -88.8971 -57.3762 -3.1191 46.3521 -43.1734 63.5492 54.7404 -47.2093 15.8034 77.7493 10.8532 -46.1077 33.8602 -35.2814 40.0109 -0.1088 74.8370 -55.9297 -99.5331 31.9600 -2.2098 63.5929 93.0895 2.7882 -14.3409 -17.7423 50.5313 -48.8752 87.8080 36.9129 27.4250 -3.1488 -54.0911 47.7188 12.6749 -86.8690 22.6807 74.3835 -3.1033 -44.6127 22.9241 25.8520 -3.2165 99.6698 12.2019 -21.8732 -45.5488 56.4281 40.9750 -64.7466 56.4398 -26.7631 -38.9953 23.2465 -51.7699 -3.1885 77.3889 5.3309 67.7722 -98.9694 -79.3559 -8.9808 26.2590 4.1083 -97.0842 90.3237 52.7692 -87.6428 11.0726 -97.4906 -54.0326 0.6800 -41.4835 -84.3399 -19.7824 95.5814 -14.5533 57.8609 -33.4064 -33.1221 -95.6966 12.0031 78.1180 40.8845 -24.1183 14.5684 75.1444 -82.5299 31.9250 15.6855 -1.0989 -71.4771 3.0337 37.4577 -31.4246 -63.5600 -73.9955 2.2855 -28.1636
14.9139 49.3875 -12.6846 57.7228 22.7860 -99.1725 55.9871 -95.6811 -58.0222 76.3326 -77.6427 16.8262 41.0169 22.5468 -22.5962 79.6824 -94.2092 -23.2522 -66.3259 49.7416 -78.7964 -26.7064 -10.1799 96.9300 39.5012 -75.2682 -70.9491 -19.5036 -17.0625 72.6424 34.0387 56.7709 -62.3970 10.5131 90.5776 -14.5421 89.2283 83.3712 -25.3118 0.7595 16.8515 82.3547 16.5585 79.2930 -4.2321 -95.3724 -80.4619 -69.2476 -51.2699 -58.6215 34.9125 -81.2880 7.0202 -45.4642 -25.8366 87.4145 -46.6041 -65.9559 -32.0310 -90.3061 6.6613 94.0484 93.8121 -35.6068 -3.4690 48.4761 -38.5369 -43.6983 87.6803 64.3007 -47.0460 -86.8314 -4.5523 51.5643 70.3833 23.3130 -30.8985 80.3356 -94.9154 22.4746 68.5404 -46.4559 74.7441 -22.7770 -83.6474 -44.3097 -20.4787 -47.0437 17.2047 53.8095 -18.8311 52.9954 -18.4903 50.9798 -70.4709 40.2339 35.7561 -57.2724 -88.6757 5.2612 -95.0282 -34.4586 -63.1548 -49.6620 -96.9676 22.3006 2.6896 59.2427 63.7789 -35.6959 -24.4205 -54.6989 68.3347 66.2347 -38.3078 -17.5426 -91.2435 49.4484 -85.3875 76.1066 79.8474 38.2475 7.4395 16.9119 -1.2121 93.4682 -21.6029 -17.8888
66.2125 39.9522 -75.8821 -3.2401 29.9630 43.6054 -18.2844 11.6407 -57.8637 -39.5575 98.4332 72.4629 79.4069 93.4376 16.5039 -65.3779 -26.4827 -86.6131 -68.1342 83.0996 -33.6146 -9.6199 -83.0645 -36.8221 -27.1543 33.5527 61.2929 -98.7743 -92.3473 92.6405 47.1688 -8.8072 93.9428 -91.4879 25.2731 59.1700 52.4280 43.5831 50.4273 -16.6468 -48.6075 65.4425 -80.8003 -20.9993 -70.6628 -11.2850 -39.7213 70.2943 84.5387 50.8663 26.6865 12.7230 44.6087 -92.7583 -61.1004 -29.6205 45.4511 -24.0847 -79.8276 -34.2626 76.5005 56.6189 -31.6842 78.0080 19.5834 28.4520 26.1906 15.4665 -71.6150 23.5069 5.5302 21.8655 55.7869 77.4278 77.3710 81.6134 31.2858 54.9676 36.2219 -26.6464 79.3695 53.9399 90.2785 -76.2474 72.0359 -70.9730 -25.1529 15.7481 14.3464 -58.8820 42.4434 -38.2741 -74.5455 -86.6012 -34.8948 70.4691 13.8603 -68.3299 0.0922 -20.7353 15.4635 -24.6878 17.4857 2.7162 -87.0579 95.4248 -13.8283 46.9014 -16.7606 -47.7469 90.4059 -78.6600 -26.4058 -54.2052 67.8646 52.1513 -81.5738 -37.3181 -26.7573 3.3405 -9.5002 14.0984 84.9365 -49.5136 -51.4805 -75.0658 70.4968 97.6362
-5.7712 28.3154 -75.5866 90.7875 7.6047 -17.3993 -84.2467 -95.4180 84.3416 -83.8303 63.4850 16.9507 67.6791 64.3385 48.7714 66.9797 66.2337 91.1257 -48.2604 -38.8166 -82.8408 -17.8532 23.1986 22.4494 -68.8203 -52.0525 -57.9172 -15.1970 -67.6624 76.2071 -10.7059 40.3325 -13.7929 -56.6304 -51.1250 -34.1073 -30.9329 -44.1066 47.4511 30.4235 -10.4421 -21.5493 64.1440 71.9260 6.4712 28.6754 -10.4963 -10.8743 5.3249 60.9596 -61.2188 -56.7865 -56.7228 69.5481 95.5528 6.9913 52.4998 -14.3006 -59.0209 -58.0827 -72.9690 35.9323 2.7516 -34.9996 -81.5747 -42.7771 -50.9893 46.0209 76.4530 -34.3510 -80.4190 -91.0312 48.4284 -91.1547 10.3761 -28.0021 -46.4522 85.3713 -84.4834 -79.7273 98.1201 -59.3118 -78.8358 -19.1001 3.8578 -96.6799 -49.7662 77.7977 -28.7863 76.6923 -35.3143 -49.4819 5.4824 93.0418 73.6717 -56.7802 45.5488 -92.4446 72.7444 61.6656 78.6843 56.4523 51.4573 92.8586 -50.7585 -9.8388 37.3310 30.6761 29.0165 -37.2898 -22.0733 -7.0200 40.3088 93.7888 92.0913 -93.6847 1.6269 80.1750 62.2715 -76.2414 89.0818 -18.5999 -99.0729 80.3360 -54.8584 36.4649 65.3097 -41.5605
23.4744 -50.6836 -1.5166 27.5934 -65.8715 87.6399 -79.5266 -19.1704 43.7200 73.2370 -3.5497 -9.3469 -75.1893 9.6056 -83.9696 -70.7391 9.0171 37.9047 -69.6430 -1.1854 99.9555 64.6578 -64.2850 -10.8217 -84.5661 0.7955 -54.3656 11.5041 -30.7535 -60.6785 89.7941 -94.1474 12.8895 -19.3619 -55.1920 59.2252 41.2489 -57.0062 -68.4424 -61.8828 -30.8317 44.4609 91.4030 6.0776 -49.2620 73.8677 7.6352 3.4954 -37.8354 -44.9755 70.0780 -62.5640 -93.2813 -12.7577 -16.0785 -70.1281 -41.6704 23.2643 -58.2415 59.0401 42.4159 66.2442 -38.7949 61.7312 -47.3049 52.3299 -11.3736 -28.6312 42.8319 55.2653 -72.4579 -74.1500 2.8982 2.4698 14.5455 -57.8919 33.8544 94.0524 -80.1940 -53.1083 40.5308 98.8286 -26.9834 0.0044 -5.6622 63.9047 38.5502 13.1376 63.2220 -31.9820 49.4743 30.6404 1.6751 58.8589 83.9814 -29.3574 71.9194 -32.9260 62.2994 -69.2232 -84.4858 -42.1170 34.9108 -74.3163 92.2487 -64.7796 -60.6979 22.5304 21.2681 -80.8885 82.0339 81.0569 10.8642 73.5499 -75.4774 -50.1230 -73.6129 98.5755 85.6082 -44.3513 64.0079 58.2687 9.8833 67.7462 44.6146 48.4000 42.6998 -7.1860
54.7088 68.0115 5.3965 7.5387 7.7715 52.6994 -41.1419 51.2114 -75.9133 62.1481 -87.0493 -31.7532 -70.8589 -21.5364 69.7314 -12.0103 90.6905 66.9777 84.3921 -8.1063 65.0112 71.1238 26.9448 -65.1808 74.5945 82.4437 12.4146 -97.8241 6.5047 -70.0885 25.5146 17.5014 -49.5436 18.9391 -28.6271 -78.5815 37.3340 6.0325 -41.9580 -31.2202 53.7633 -73.0784 -85.2581 -56.4461 63.3408 -50.7859 -94.9653 -69.3897 -33.1130 32.2332 56.0161 96.4812 81.8691 88.7236 83.1503 -65.0839 88.4584 -8.8278 -46.7181 -16.5908 -71.1241 -14.1166 19.0160 -98.6303 6.7516 -55.1474 -9.5372 -30.6042 29.9019 97.1665 40.5828 19.9561 86.4279 73.9070 -99.3828 41.3934 29.5126 -17.0155 56.3155 -90.4300 -91.8314 -71.1150 68.7879 62.5683 88.6284 63.0922 18.5112 -40.7661 25.7925 -70.3077 -50.7486 55.7982 -37.8971 1.4036 -28.1268 19.4154 51.9666 18.0627 -86.1217 -25.7489 4.0402 32.0407 63.3176 -70.1687 -14.8692 1.0264 60.3743 60.7979 -93.7538 -59.0419 31.7988 7.4300 75.0453 -86.7399 -85.8549 9.4216 66.9069 89.7173 -22.6242 -53.3172 45.6219 96.4668 75.6300 79.7571 -22.2525 -96.7335 -52.6089 -28.5946
-14.2666 -54.4555 -28.4596 0.1810 -44.7426 -60.9492 -21.9313 -63.8466 77.0974 -75.6284 16.6582 22.2536 -83.6218 -76.0941 61.7867 -45.9824 1.8490 -86.3868 6.6136 -80.4555 23.7589 65.2537 53.4954 76.8700 86.6984 -82.5225 64.2669 5.5727 56.0387 78.2886 78.4738 79.8812 -99.2639 81.2831 85.2750 -10.6491 -47.8535 82.0690 -41.7637 43.3488 -27.0909 95.4908 -58.4318 -77.3196 25.1538 77.5772 -75.1240 93.2593 -67.2156 21.6795 -67.4796 17.3811 -67.0531 34.9520 -32.4963 19.5083 11.8849 47.1135 -13.7436 -16.4302 9.4606 97.6289 66.1715 -55.4694 93.4982 -18.4580 19.0921 -23.4390 -5.9532 -29.5760 53.1415 -13.2566 -57.5688 -48.4103 76.2804 -21.9309 -18.8430 4.5798 -49.9256 -86.5701 -13.8511 41.2975 -78.1296 89.1333 -73.7655 54.2996 96.4528 28.5578 -25.8360 98.5919 -70.1293 37.7040 -65.4667 20.0696 76.8984 -26.0109 -66.3484 75.5255 52.4094 97.6142 7.0605 -60.1517 -40.4492 -22.0910 -74.6861 72.7138 -4.6183 -17.1622 92.7044 -80.9977 15.4785 -46.8436 8.6012 -81.3865 83.7014 -40.8561 80.8087 -16.8434 -70.0466 -29.8248 -39.0411 80.6044 55.2239 -41.3874 -66.1364 68.0288 -5.2401 -23.7227
-23.3000 -72.4619 25.2840 91.2864 -1.1362 23.6124 47.0956 23.2563 53.6357 44.2636 9.4775 55.4500 -62.8993 19.7781 63.0951 -15.1376 62.3707 -61.4045 50.0251 -87.5858 43.5585 -43.6100 58.2404 10.9809 -67.6465 -37.3181 -20.4355 60.5349 -42.4817 -5.3400 -93.9924 70.6040 -2.3950 -52.6218 97.2656 -76.2741 -60.6913 -45.2271 -9.2524 -49.1255 62.3229 -9.9751 14.3258 15.1392 1.2733 7.5039 -38.2984 -34.6585 72.8619 33.7265 7.0872 63.2769 -26.7512 -63.7502 -40.9692 -7.3503 85.1887 86.7831 -42.5363 -5.9152 77.6789 -59.8558 -64.3617 52.7998 21.7703 -13.5461 82.9613 -62.5033 66.1458 48.3114 55.2427 -59.5478 56.7082 26.8375 39.5938 -17.2606 44.3565 -32.3563 -67.6255 16.0130 -39.1151 3.3251 -56.1720 -55.2819 62.3554 37.7451 -74.7264 -14.4955 -77.4884 -10.2723 -49.7635 12.7147 60.6116 48.7541 14.3338 -7.6812 78.6839 89.6059 -19.8428 -40.2630 -1.1310 79.4247 -85.5551 43.0903 -49.0453 94.9248 38.1496 90.7767 88.4984 53.7836 93.7646 -44.4835 -19.9387 -64.9429 84.7079 -35.6720 98.8290 75.3127 -73.3618 -67.7887 -97.3627 94.3571 -67.0031 -63.1297 42.2765 -27.1162 -84.2686 62.9428
-73.0181 -11.9189 87.1498 -3.5690 64.3736 37.9862 57.0526 20.2747 -5.4924 -56.8039 1.5032 -37.4388 10.6478 -48.0411 -31.7072 65.0764 71.6838 -96.7935 45.5349 -80.2111 92.7192 61.9067 -44.5974 -77.6375 67.2537 -64.0816 89.2992 49.0020 71.2516 50.7310 43.3369 73.1260 73.6850 -35.3284 -49.2559 -77.8142 -85.6048 3.7894 -21.8938 -47.5694 -22.5488 -14.2111 -83.1685 -89.1329 -20.3327 -51.5693 -62.9032 65.3567 -89.8196 -34.8560 49.4791 -86.8962 45.8287 79.6120 81.2289 -84.5580 -87.5416 -0.5980 -94.6955 -36.5434 -49.0351 0.4544 55.9005 -34.6805 85.2779 57.7059 -18.2509 38.5784 -87.4939 19.6417 -33.7929 21.2289 26.9278 -53.4360 79.9642 -93.2934 -39.7259 -1.0803 90.2806 10.6661 82.9765 46.4458 -68.0680 82.0814 -77.2045 90.3820 -72.5986 68.9603 44.1686 -18.8046 10.6904 47.2556 -60.0430 -59.2089 83.5668 -90.3270 -92.3175 19.2196 -21.0858 31.4040 -53.8543 68.2505 79.2729 52.2594 76.1508 -84.9110 39.0903 -77.2178 21.9633 -33.7401 32.0557 -92.0009 89.1144 23.1781 32.8415 -87.7527 -47.1999 -3.8087 46.5548 -29.7375 7.4221 8.0882 -52.6709 -8.8130 30.7558 4.1892 65.2873 -8.0722
56.1962 -24.5671 -15.4022 -49.5103 -75.2490 93.9834 -35.5593 -22.8024 -77.6318 98.4538 67.4526 -73.9718 94.1156 20.0110 4.1028 -11.5907 40.4128 53.1917 -9.2288 -69.2214 61.2036 89.0271 66.8099 51.5618 -14.1901 -49.6656 -71.7789 5.4415 28.2537 76.0381 -80.5500 -98.9174 47.6276 -7.5952 -8.4754 88.2828 23.5113 -67.2800 83.7335 59.0568 -49.9013 2.9577 -62.0795 -78.6823 89.4272 74.2026 -18.0417 -25.0578 37.6688 -87.7588 18.4315 -14.0135 -26.5742 -54.0829 60.0919 12.0629 -11.2636 -35.0732 -30.1706 -30.8173 70.9849 49.0793 -72.0141 -63.4472 51.5959 2.2228 -89.8865 -18.2741 -9.9046 -36.8753 -57.9952 -53.8747 -76.0916 81.8977 -98.1829 51.7405 4.6650 -35.4234 27.7892 39.0734 -40.4128 -65.4954 -91.2994 -37.1536 39.9900 27.3498 10.4275 50.7099 -78.5704 -8.6771 -19.1037 -79.7044 -35.2011 29.7766 -16.0809 -49.6174 -13.0768 0.2969 -8.8538 52.4191 65.6665 8.3796 -16.5804 -10.0112 -90.0248 -30.6236 -72.0284 88.0802 97.2767 70.9020 -25.2935 98.3449 -23.6039 -97.2446 -22.0570 71.6939 34.4960 5.8211 64.2865 66.0204 -24.1146 97.6480 -58.4507 -73.3232 33.8270 -66.9288 26.8417 2.5007
2.5463 56.4334 35.2777 -25.0111 86.3032 -46.6611 -32.2978 -59.1757 -54.6942 66.0698 -18.6411 11.7954 -87.3609 -61.0385 96.9794 76.3533 38.9788 28.0284 -93.6860 -20.7816 62.4983 16.0631 88.4774 -87.4111 42.9356 -86.2470 5.0577 -58.0857 2.0369 43.6024 -50.3016 -74.3268 28.1300 19.9827 28.0698 73.1428 27.5006 2.2738 8.4223 12.8543 37.3022 -43.6083 -35.9992 22.0220 -63.1672 17.8335 -39.0626 -78.8884 58.4342 74.0572 15.4197 -79.4700 64.1348 99.4250 -32.1220 44.8940 0.3671 -96.4106 -50.9257 47.4228 53.7961 59.0167 78.3679 -53.1622 -89.7745 18.1104 -1.2362 95.9248 89.7660 66.9422 -78.3524 -33.6222 -98.9783 -67.0345 57.8863 -80.0413 67.7559 66.7169 94.1509 74.8623 -72.9732 99.8319 34.6449 98.8375 63.7849 4.6594 50.3334 -9.8505 -43.8403 -55.1232 46.1318 -1.5293 -78.2129 76.1544 63.0775 37.6981 -49.4339 32.9279 86.2856 80.9578 -11.9439 29.9905 -10.4534 7.8943 69.8057 85.7318 52.7565 38.8069 -26.9329 37.9184 -69.7360 35.3853 88.0768 33.0038 -39.7630 -23.0701 37.7330 77.0050 92.1779 47.4934 -34.2033 66.2384 -94.1797 39.2088 18.9254 59.6721 -10.2541 55.5696
21.5196 28.1855 -36.6023 -74.5699 77.9688 67.3925 95.6479 -72.6002 56.9428 -60.0897 70.1164 -35.5449 -57.1384 72.5880 41.0488 2.2300 -89.9242 79.1117 -42.8137 -3.0793 -26.1850 38.5570 86.5351 -43.1663 -6.9074 -38.7779 12.1923 51.6091 -7.1806 67.5411 77.3536 54.6607 31.0730 8.2698 60.1035 46.9077 -6.0001 -28.4572 42.0114 53.3947 51.7191 -80.7308 95.4877 -85.5217 91.4751 -2.4284 -50.8163 31.4011 44.6746 -5.2625 94.0445 -69.8910 -60.3972 -66.6981 32.8093 67.5576 82.1778 -36.7451 -62.4089 -44.3925 -14.7542 -74.4893 -82.5696 19.9889 27.6677 64.1233 66.3195 98.1139 8.2914 -77.8027 11.7008 -83.2024 -3.3103 -94.2101 -87.7757 17.0188 -44.8371 -20.9170 -92.5466 -27.2517 83.9796 6.4211 51.1075 -30.4898 -85.6903 14.8820 -79.1106 -81.5263 19.0502 -48.4836 22.5971 -73.4532 92.0232 -77.5806 8.7557 15.0083 1.0105 87.3970 94.2511 14.1390 62.3214 -78.8423 88.2924 -8.7808 26.7570 -90.1754 -81.1561 40.8017 89.8066 14.9641 -90.8767 53.2193 -83.8521 58.7508 -77.4860 -24.1398 -63.5140 42.9483 29.8853 -2.6792 -72.6769 41.4138 54.6822 38.6769 -95.0647 36.2710 86.8399 -53.8034
36.7427 -90.7665 74.4263 95.3522 -75.1985 85.4125 -98.4336 55.7909 55.6014 56.3475 90.9173 -62.3742 13.0158 32.0270 -80.1860 -39.1820 78.9431 -10.6474 -75.7633 61.1140 35.0752 39.0800 85.6754 43.3297 -78.2594 -6.7090 -68.9123 -17.3746 -17.3756 -67.4837 -31.3035 -91.4754 58.8756 -95.6034 29.7175 25.0054 -28.5138 -84.3021 69.4274 93.6278 -7.6181 -34.8555 33.5540 29.7762 -39.6211 -69.3392 80.4203 61.7306 41.2995 43.9029 37.8465 -51.4556 -92.2252 60.3426 89.6698 -23.8274 44.0247 -69.2760 -78.1054 -91.6709 11.0254 -87.4815 -72.7638 -43.5133 31.5597 44.2910 94.7514 34.5933 5.7634 -72.8599 -67.2459 0.9678 33.2197 -14.4518 7.9981 12.7334 -83.0434 -72.5464 -12.4235 49.1100 -63.7332 -67.0318 84.4837 6.8968 -23.6484 -58.4788 99.6029 91.1314 -82.2937 99.9869 48.9238 72.4324 35.8370 -28.9343 21.1427 62.9638 -49.5651 -0.7990 99.9644 67.2190 9.2761 -89.8320 76.0739 61.1048 1.6429 -10.5216 42.1108 -8.6551 -9.4233 51.3987 -3.3403 -11.6069 -74.7914 33.5320 -28.7524 36.7575 -92.2760 -82.0272 -71.4345 19.7297 86.1263 84.0329 57.0227 10.0462 44.2049 49.4825 -63.9865 77.9647
-48.0488 -1.7162 66.4617 39.3333 40.3416 22.3792 -92.1715 60.1532 -4.9406 -46.0247 84.9392 -41.7821 50.9621 13.6628 -23.4932 -38.2557 11.9315 44.2110 34.4365 1.5426 -38.5301 60.9160 -40.8506 44.7087 15.4599 56.3080 41.2063 -0.9453 -50.1309 -19.0034 75.5106 26.9801 -30.6737 -83.4373 12.1981 69.0772 -55.8674 3.7090 -94.6219 30.8852 -23.6194 90.3643 56.0046 -99.5389 -94.2243 -47.2781 -93.3625 86.4772 -29.3748 0.4296 29.7738 -35.6960 47.2589 6.8355 -74.3673 -40.8485 -89.9219 -68.7220 -11.2129 80.9117 -48.6893 69.9136 -20.3129 -19.6391 29.6793 -98.5675 21.0630 -38.0258 -75.3880 13.1984 8.9330 26.9782 74.0474 58.6437 4.1708 -27.3887 -37.9592 -81.3910 52.2037 76.4186 95.6690 -17.4074 90.6361 11.4546 -1.0153 -91.8709 84.2885 -54.0886 -28.9934 11.1436 -72.9018 -28.0178 66.8182 -52.5455 34.5488 69.6859 77.1012 -92.0217 29.2934 45.8189 -42.7464 29.2336 -88.6424 -38.6834 -74.9967 -25.5718 -63.1441 95.5192 10.1442 -76.7428 80.0473 31.5982 -30.8127 -21.4928 77.1925 -30.4162 -18.6009 -98.0482 -21.5288 -14.2245 95.5405 -93.8552 10.1432 34.4992 13.5825 31.5427 -19.3036 69.1205
-88.5785 85.3850 -65.8501 -66.6146 -80.6414 -21.9674 -99.9679 39.3004 -88.9463 79.1539 34.5937 -34.2493 28.3132 1.5135 -30.4258 -97.0631 -35.5380 38.8864 71.2708 79.1596 73.8586 99.9770 -13.9557 8.9394 82.5821 22.7791 -41.8391 95.5505 -32.1731 -31.4006 80.1671 -53.2991 -14.3004 -77.6956 85.2241 -1.5142 -21.5015 -78.7874 61.8413 -30.7200 -88.9189 -80.4278 -1.3315 24.1508 30.0273 53.1129 -74.3625 -93.5223 -4.7138 4.8512 -12.9698 67.1205 1.6785 34.4280 -89.0457 58.9229 52.6241 -44.3852 -70.1919 -22.5105 -63.5213 -49.3552 -17.3580 25.8183 -81.4833 -30.3898 13.7668 34.7780 -44.0450 -61.7078 -69.4844 61.7023 -48.8048 43.4028 10.6951 -54.3810 -41.6792 -39.9182 96.4588 95.2932 9.4445 9.9921 38.7143 -38.8033 -80.0694 -32.6307 68.1901 43.7126 36.2919 -49.4966 99.5799 -46.6115 12.0168 -56.0898 -19.3430 -66.6855 19.7169 -92.1863 -63.3294 -0.6305 -71.1091 -73.8655 -4.9632 96.2309 16.1443 -99.8656 -18.9815 -24.6961 -26.0860 40.3859 -94.2466 -70.1563 -31.4654 92.6350 -36.8195 -50.6272 98.5979 65.3621 93.4767 -96.2814 -15.7227 -82.0575 -8.9483 -45.5720 -56.2204 90.7439 -30.1792 79.6602
-34.4002 25.8061 41.0822 -3.2316 17.3814 -49.2349 85.8482 45.8302 66.7866 -89.3957 41.3929 31.0924 -60.5812 -45.3394 -37.7002 -80.0752 97.3850 83.1381 39.9636 -66.9246 16.1242 76.9241 43.9081 40.5022 21.4638 -4.6273 -37.7113 -91.1377 6.8769 -39.1612 75.7387 -92.7154 80.5750 -14.6242 48.6665 -34.1007 58.1695 -57.0906 -3.2981 17.5559 -35.2184 -75.2269 -5.2362 -53.3073 -86.4825 46.8662 11.8616 -21.1985 -25.6727 80.1251 -51.5104 20.0400 -66.2457 8.8811 33.8870 -80.4941 -23.8971 91.8701 10.2694 -91.2867 -85.5734 82.5407 -71.1938 80.8540 44.7484 8.5346 68.7451 44.6344 -52.7462 -80.2614 41.0611 -22.3942 -67.7309 -80.8594 74.7505 86.9857 -88.5791 -77.4918 15.4779 -60.1079 -63.5037 -93.9428 -9.7926 4.8254 71.7739 78.1887 -4.8077 -97.0513 15.4633 -78.9040 79.5259 2.1991 35.4072 -68.9599 90.9489 68.0460 36.8241 17.9718 18.0348 43.0624 -6.4057 -89.7383 98.2856 19.2721 -12.5341 -95.8577 41.2973 11.9259 -88.3695 99.2798 -68.9433 3.8766 72.2857 17.4529 -88.7531 62.0293 -74.1884 -77.8234 -38.2126 54.9465 60.4610 -97.8657 -48.7883 3.2905 41.6690 -67.1667 -97.9886 77.2166
65.9990 -90.1972 -44.3351 -2.5531 -3.9400 -82.7377 41.3937 48.2244 98.9551 26.0521 53.1235 -90.9200 -99.9028 37.5368 48.1589 -11.2340 -88.1454 29.8530 -48.2184 85.3589 43.3135 65.7704 -15.6327 -69.9008 -48.5320 37.0701 -99.3374 -95.6886 25.4880 -7.7425 -43.4367 65.2841 62.2774 -81.0604 88.9547 81.6390 -64.3451 -67.2269 70.4103 -76.2717 62.1639 -9.3044 3.6174 83.5267 7.7376 61.4751 15.5172 68.3730 26.2568 72.4515 53.1029 33.0747 -97.1833 1.0147 -79.4986 52.9751 75.6779 -23.2940 -15.8189 -97.9480 54.6463 -82.0939 29.5531 -81.9992 -9.1523 42.3468 -13.7362 94.8758 -5.3336 30.1964 45.6698 29.6784 -26.7497 -35.8443 50.5876 -27.5234 -36.9033 -71.5829 -29.7946 -17.8729 -20.0842 63.7815 44.4627 2.3303 13.9353 -13.1225 -93.9811 -31.5763 3.0559 -37.0609 83.6336 -53.4794 -73.3600 -87.7276 -13.1880 2.6942 91.6380 -93.5785 39.9794 70.0958 51.4479 -59.0505 -38.4327 95.9774 -40.7235 -61.3568 -52.0960 74.2384 70.5368 -51.4934 -49.5177 92.5072 -12.5915 0.9861 -36.3209 65.8946 -65.1452 -40.4697 -53.1720 -73.8276 -18.9614 76.1495 20.1823 87.0883 -50.4448 -12.5214 -93.8222 89.1074
-58.2177 54.2647 -19.1361 26.7495 -63.6991 -30.2126 65.5586 -14.9880 -91.0103 62.6246 96.3427 -37.4117 -67.7429 2.6134 -43.2203 -11.6046 42.2034 -2.9350 -17.1912 72.3940 -40.1536 -22.4580 -9.9159 49.4553 -33.2605 54.2286 12.0135 48.7233 39.1084 -67.5921 -40.8902 72.9254 -52.2871 -39.6726 31.7037 -93.5304 42.6503 -43.5597 31.8238 84.7927 -77.9508 -78.1616 -4.4738 -92.4702 52.6714 94.0148 -76.0853 -14.6455 -0.7045 96.5089 -5.8452 -35.9040 -6.4703 -58.0952 -21.3636 17.9660 -50.4130 49.2996 -80.0103 -94.1135 -32.3911 -76.3506 18.3902 -37.9656 81.7988 71.1351 25.8787 -96.0898 -44.3447 42.6921 -3.9353 -26.6723 -99.7561 -82.4210 -95.9380 96.4996 -30.6947 -29.5474 14.7411 21.1290 -9.5125 72.1706 81.5868 47.9820 0.6594 -11.9872 -89.2269 8.1760 95.0756 61.5546 98.3956 13.4225 64.0434 12.9630 -73.4004 -74.5607 -72.4336 -32.4493 12.6974 26.4427 -91.1104 -18.7169 -17.3847 -42.8357 25.0241 -88.7234 25.6851 -0.7021 23.4870 85.1231 38.1432 96.8823 52.1420 -27.8309 96.8486 -35.9252 -44.3364 -10.8380 -6.0147 66.0392 26.4962 -62.6708 49.4117 63.5208 79.2263 98.3969 -29.9873 85.3770
-22.7196 31.4158 -41.4957 32.0117 -18.9400 -93.1639 84.1930 80.0313 38.1907 84.4584 -28.9616 21.5863 -41.4319 -57.4425 -2.0827 73.4569 -24.2850 -26.6454 44.5311 57.6068 5.9956 -76.3248 88.9427 94.4155 83.4389 0.0052 -23.8997 -3.7752 -51.4786 13.2626 37.8675 40.7721 38.5924 -90.7569 47.0228 77.5083 -77.0251 -78.1680 3.0322 42.5375 -31.8741 -31.3580 -54.3312 -13.8308 -79.6867 -91.9614 -15.4772 -44.3457 -62.4324 -49.4657 24.3786 78.7148 -65.0828 -13.2449 -98.9214 -38.3453 65.2798 59.1876 -74.7489 36.5791 -39.8708 -93.8837 -92.5066 -89.1052 12.8501 -62.1347 5.1598 -55.8378 -63.9127 -37.5835 -7.0790 17.9512 -3.4372 -46.6432 -79.8068 46.2547 94.2239 -71.1148 -70.0579 -32.9950 14.2589 -66.4142 -35.9746 74.3554 -23.2645 19.5917 -99.0541 -25.0841 -39.4714 91.6873 -50.2714 -54.3779 3.1008 21.7170 27.7911 99.1628 74.7300 49.5374 -64.5619 93.1014 28.6721 -92.3410 -22.7088 -12.3391 -53.1737 -57.8982 -41.3083 42.4773 4.4522 7.2539 13.7652 52.1067 0.5140 -51.8822 12.5707 -62.7117 53.6029 -11.7770 77.3587 -37.8290 -76.4637 20.3359 -33.4178 -59.7716 83.0774 -10.1596 -10.4283 -88.4231
